"ApiPath","ApiScope","Target","Method","Separator","MethodStyle","Verb","TaxonomyCategory","IsCaseConformant","IsTaxonomyConformant","IsUnderscoreMethod","DefinitionCount","Layer","File","Line"
"addon:ADDON_LOADED","Public","addon","ADDON_LOADED",":","UPPER","ADDON_LOADED","Event","True","True","False","1","Root","!KRT/Init.lua","864"
"addon:CHAT_MSG_ADDON","Public","addon","CHAT_MSG_ADDON",":","UPPER","CHAT_MSG_ADDON","Event","True","True","False","1","Root","!KRT/Init.lua","1099"
"addon:CHAT_MSG_LOOT","Public","addon","CHAT_MSG_LOOT",":","UPPER","CHAT_MSG_LOOT","Event","True","True","False","1","Root","!KRT/Init.lua","1030"
"addon:CHAT_MSG_MONSTER_YELL","Public","addon","CHAT_MSG_MONSTER_YELL",":","UPPER","CHAT_MSG_MONSTER_YELL","Event","True","True","False","1","Root","!KRT/Init.lua","1119"
"addon:CHAT_MSG_SYSTEM","Public","addon","CHAT_MSG_SYSTEM",":","UPPER","CHAT_MSG_SYSTEM","Event","True","True","False","1","Root","!KRT/Init.lua","1057"
"addon:COMBAT_LOG_EVENT_UNFILTERED","Public","addon","COMBAT_LOG_EVENT_UNFILTERED",":","UPPER","COMBAT_LOG_EVENT_UNFILTERED","Event","True","True","False","1","Root","!KRT/Init.lua","1131"
"addon:PLAYER_DIFFICULTY_CHANGED","Public","addon","PLAYER_DIFFICULTY_CHANGED",":","UPPER","PLAYER_DIFFICULTY_CHANGED","Event","True","True","False","1","Root","!KRT/Init.lua","977"
"addon:PLAYER_ENTERING_WORLD","Public","addon","PLAYER_ENTERING_WORLD",":","UPPER","PLAYER_ENTERING_WORLD","Event","True","True","False","1","Root","!KRT/Init.lua","989"
"addon:PLAYER_LOGOUT","Public","addon","PLAYER_LOGOUT",":","UPPER","PLAYER_LOGOUT","Event","True","True","False","1","Root","!KRT/Init.lua","1139"
"addon:Print","Public","addon","Print",":","PascalCase","Print","Unclassified","True","False","False","1","Root","!KRT/Init.lua","500"
"addon:RAID_INSTANCE_WELCOME","Public","addon","RAID_INSTANCE_WELCOME",":","UPPER","RAID_INSTANCE_WELCOME","Event","True","True","False","1","Root","!KRT/Init.lua","960"
"addon:RAID_ROSTER_UPDATE","Public","addon","RAID_ROSTER_UPDATE",":","UPPER","RAID_ROSTER_UPDATE","Event","True","True","False","1","Root","!KRT/Init.lua","942"
"addon:RegisterEvent","Public","addon","RegisterEvent",":","PascalCase","Register","Unclassified","True","False","False","1","Root","!KRT/Init.lua","619"
"addon:START_LOOT_ROLL","Public","addon","START_LOOT_ROLL",":","UPPER","START_LOOT_ROLL","Event","True","True","False","1","Root","!KRT/Init.lua","1086"
"addon:UnregisterEvent","Public","addon","UnregisterEvent",":","PascalCase","Unregister","Unclassified","True","False","False","1","Root","!KRT/Init.lua","623"
"addon:UPDATE_INSTANCE_INFO","Public","addon","UPDATE_INSTANCE_INFO",":","UPPER","UPDATE_INSTANCE_INFO","Event","True","True","False","1","Root","!KRT/Init.lua","983"
"addon._PerfFinish","Internal","addon","_PerfFinish",".","snake_or_mixed","_PerfFinish","Internal","False","True","True","1","Root","!KRT/Init.lua","113"
"addon._PerfStart","Internal","addon","_PerfStart",".","snake_or_mixed","_PerfStart","Internal","False","True","True","1","Root","!KRT/Init.lua","102"
"addon.Base64.Decode","Public","addon.Base64","Decode",".","PascalCase","Decode","Unclassified","True","False","False","1","Modules","!KRT/Modules/Base64.lua","45"
"addon.Base64.Encode","Public","addon.Base64","Encode",".","PascalCase","Encode","Unclassified","True","False","False","1","Modules","!KRT/Modules/Base64.lua","24"
"addon.Bus.RegisterCallback","Public","addon.Bus","RegisterCallback",".","PascalCase","Register","Unclassified","True","False","False","1","Modules","!KRT/Modules/Bus.lua","24"
"addon.Bus.TriggerEvent","Public","addon.Bus","TriggerEvent",".","PascalCase","Trigger","Unclassified","True","False","False","1","Modules","!KRT/Modules/Bus.lua","46"
"addon.Colors.GetClassColor","Public","addon.Colors","GetClassColor",".","PascalCase","Get","Query","True","True","False","1","Modules","!KRT/Modules/Colors.lua","41"
"addon.Colors.NormalizeHexColor","Public","addon.Colors","NormalizeHexColor",".","PascalCase","Normalize","Unclassified","True","False","False","1","Modules","!KRT/Modules/Colors.lua","21"
"addon.Comms:EnsureVersionPrefix","Public","addon.Comms","EnsureVersionPrefix",":","PascalCase","Ensure","Lifecycle","True","True","False","1","Modules","!KRT/Modules/Comms.lua","212"
"addon.Comms:RequestVersionCheck","Public","addon.Comms","RequestVersionCheck",":","PascalCase","Request","Lifecycle","True","True","False","1","Modules","!KRT/Modules/Comms.lua","228"
"addon.Comms:RequestVersionMessageHandling","Public","addon.Comms","RequestVersionMessageHandling",":","PascalCase","Request","Lifecycle","True","True","False","1","Modules","!KRT/Modules/Comms.lua","239"
"addon.Comms._Payload._DecodeText","Internal","addon.Comms._Payload","_DecodeText",".","snake_or_mixed","_DecodeText","Internal","False","True","True","1","Modules","!KRT/Modules/Comms.lua","55"
"addon.Comms._Payload._EncodeText","Internal","addon.Comms._Payload","_EncodeText",".","snake_or_mixed","_EncodeText","Internal","False","True","True","1","Modules","!KRT/Modules/Comms.lua","41"
"addon.Comms._Payload._PackFields","Internal","addon.Comms._Payload","_PackFields",".","snake_or_mixed","_PackFields","Internal","False","True","True","1","Modules","!KRT/Modules/Comms.lua","108"
"addon.Comms._Payload._SplitFields","Internal","addon.Comms._Payload","_SplitFields",".","snake_or_mixed","_SplitFields","Internal","False","True","True","1","Modules","!KRT/Modules/Comms.lua","74"
"addon.Comms.Chat","Public","addon.Comms","Chat",".","PascalCase","Chat","Unclassified","True","False","False","1","Modules","!KRT/Modules/Comms.lua","198"
"addon.Comms.GetVersionInfo","Public","addon.Comms","GetVersionInfo",".","PascalCase","Get","Query","True","True","False","1","Modules","!KRT/Modules/Comms.lua","219"
"addon.Comms.Sync","Public","addon.Comms","Sync",".","PascalCase","Sync","Unclassified","True","False","False","1","Modules","!KRT/Modules/Comms.lua","194"
"addon.Comms.Whisper","Public","addon.Comms","Whisper",".","PascalCase","Whisper","Unclassified","True","False","False","1","Modules","!KRT/Modules/Comms.lua","205"
"addon.Controllers.Changes:Add","Public","addon.Controllers.Changes","Add",":","PascalCase","Add","Mutation","True","True","False","1","Controllers","!KRT/Controllers/Changes.lua","331"
"addon.Controllers.Changes:Announce","Public","addon.Controllers.Changes","Announce",":","PascalCase","Announce","Unclassified","True","False","False","1","Controllers","!KRT/Controllers/Changes.lua","438"
"addon.Controllers.Changes:Clear","Public","addon.Controllers.Changes","Clear",":","PascalCase","Clear","Unclassified","True","False","False","1","Controllers","!KRT/Controllers/Changes.lua","267"
"addon.Controllers.Changes:Delete","Public","addon.Controllers.Changes","Delete",":","PascalCase","Delete","Mutation","True","True","False","1","Controllers","!KRT/Controllers/Changes.lua","390"
"addon.Controllers.Changes:Demand","Public","addon.Controllers.Changes","Demand",":","PascalCase","Demand","Unclassified","True","False","False","1","Controllers","!KRT/Controllers/Changes.lua","426"
"addon.Controllers.Changes:Edit","Public","addon.Controllers.Changes","Edit",":","PascalCase","Edit","Unclassified","True","False","False","1","Controllers","!KRT/Controllers/Changes.lua","363"
"addon.Controllers.Changes:OnLoad","Public","addon.Controllers.Changes","OnLoad",":","PascalCase","OnLoad","Lifecycle","True","True","False","1","Controllers","!KRT/Controllers/Changes.lua","262"
"addon.Controllers.Changes:Refresh","Public","addon.Controllers.Changes","Refresh",":","PascalCase","Refresh","Lifecycle","True","True","False","1","Controllers","!KRT/Controllers/Changes.lua","546"
"addon.Controllers.Changes:RefreshUI","Public","addon.Controllers.Changes","RefreshUI",":","PascalCase","RefreshUI","Lifecycle","True","True","False","1","Controllers","!KRT/Controllers/Changes.lua","542"
"addon.Controllers.Changes:Select","Public","addon.Controllers.Changes","Select",":","PascalCase","Select","Unclassified","True","False","False","1","Controllers","!KRT/Controllers/Changes.lua","284"
"addon.Controllers.Changes._ui.AcquireRefs","Internal","addon.Controllers.Changes._ui","AcquireRefs",".","PascalCase","AcquireRefs","Internal","True","True","False","1","Controllers","!KRT/Controllers/Changes.lua","164"
"addon.Controllers.Changes._ui.Localize","Internal","addon.Controllers.Changes._ui","Localize",".","PascalCase","Localize","Internal","True","True","False","1","Controllers","!KRT/Controllers/Changes.lua","467"
"addon.Controllers.Changes._ui.Refresh","Internal","addon.Controllers.Changes._ui","Refresh",".","PascalCase","Refresh","Internal","True","True","False","1","Controllers","!KRT/Controllers/Changes.lua","506"
"addon.Controllers.Logger:OnLoad","Public","addon.Controllers.Logger","OnLoad",":","PascalCase","OnLoad","Lifecycle","True","True","False","1","Controllers","!KRT/Controllers/Logger.lua","1215"
"addon.Controllers.Logger:Refresh","Public","addon.Controllers.Logger","Refresh",":","PascalCase","Refresh","Lifecycle","True","True","False","1","Controllers","!KRT/Controllers/Logger.lua","1304"
"addon.Controllers.Logger:RefreshUI","Public","addon.Controllers.Logger","RefreshUI",":","PascalCase","RefreshUI","Lifecycle","True","True","False","1","Controllers","!KRT/Controllers/Logger.lua","1291"
"addon.Controllers.Logger._ui.AcquireRefs","Internal","addon.Controllers.Logger._ui","AcquireRefs",".","PascalCase","AcquireRefs","Internal","True","True","False","1","Controllers","!KRT/Controllers/Logger.lua","648"
"addon.Controllers.Logger.Boss:Add","Public","addon.Controllers.Logger.Boss","Add",":","PascalCase","Add","Mutation","True","True","False","1","Controllers","!KRT/Controllers/Logger.lua","2349"
"addon.Controllers.Logger.Boss:Delete","Public","addon.Controllers.Logger.Boss","Delete",":","PascalCase","Delete","Mutation","True","True","False","1","Controllers","!KRT/Controllers/Logger.lua","2388"
"addon.Controllers.Logger.Boss:GetName","Public","addon.Controllers.Logger.Boss","GetName",":","PascalCase","Get","Query","True","True","False","1","Controllers","!KRT/Controllers/Logger.lua","2398"
"addon.Controllers.Logger.BossAttendees:Add","Public","addon.Controllers.Logger.BossAttendees","Add",":","PascalCase","Add","Mutation","True","True","False","1","Controllers","!KRT/Controllers/Logger.lua","2529"
"addon.Controllers.Logger.BossAttendees:Delete","Public","addon.Controllers.Logger.BossAttendees","Delete",":","PascalCase","Delete","Mutation","True","True","False","1","Controllers","!KRT/Controllers/Logger.lua","2550"
"addon.Controllers.Logger.IsLoggerViewingCurrentRaid","Public","addon.Controllers.Logger","IsLoggerViewingCurrentRaid",".","PascalCase","Is","Query","True","True","False","1","Controllers","!KRT/Controllers/Logger.lua","932"
"addon.Controllers.Logger.Loot:Delete","Public","addon.Controllers.Logger.Loot","Delete",":","PascalCase","Delete","Mutation","True","True","False","1","Controllers","!KRT/Controllers/Logger.lua","3084"
"addon.Controllers.Logger.Loot:SetLootEntry","Public","addon.Controllers.Logger.Loot","SetLootEntry",":","PascalCase","Set","Mutation","True","True","False","1","Controllers","!KRT/Controllers/Logger.lua","3108"
"addon.Controllers.Logger.RaidAttendees:Add","Public","addon.Controllers.Logger.RaidAttendees","Add",":","PascalCase","Add","Mutation","True","True","False","1","Controllers","!KRT/Controllers/Logger.lua","2697"
"addon.Controllers.Logger.RaidAttendees:Delete","Public","addon.Controllers.Logger.RaidAttendees","Delete",":","PascalCase","Delete","Mutation","True","True","False","1","Controllers","!KRT/Controllers/Logger.lua","2747"
"addon.Controllers.Logger.Raids:Delete","Public","addon.Controllers.Logger.Raids","Delete",":","PascalCase","Delete","Mutation","True","True","False","1","Controllers","!KRT/Controllers/Logger.lua","2127"
"addon.Controllers.Logger.Raids:SetCurrent","Public","addon.Controllers.Logger.Raids","SetCurrent",":","PascalCase","Set","Mutation","True","True","False","1","Controllers","!KRT/Controllers/Logger.lua","2048"
"addon.Controllers.Logger.RequestRosterBoundListsRefresh","Public","addon.Controllers.Logger","RequestRosterBoundListsRefresh",".","PascalCase","Request","Lifecycle","True","True","False","1","Controllers","!KRT/Controllers/Logger.lua","951"
"addon.Controllers.Master:BtnAward","Public","addon.Controllers.Master","BtnAward",":","PascalCase","Btn","Unclassified","True","False","False","1","Controllers","!KRT/Controllers/Master.lua","2620"
"addon.Controllers.Master:BtnCountdown","Public","addon.Controllers.Master","BtnCountdown",":","PascalCase","Btn","Unclassified","True","False","False","1","Controllers","!KRT/Controllers/Master.lua","2592"
"addon.Controllers.Master:BtnMS","Public","addon.Controllers.Master","BtnMS",":","PascalCase","Btn","Unclassified","True","False","False","1","Controllers","!KRT/Controllers/Master.lua","2575"
"addon.Controllers.Master:BtnSelectItem","Public","addon.Controllers.Master","BtnSelectItem",":","PascalCase","Btn","Unclassified","True","False","False","1","Controllers","!KRT/Controllers/Master.lua","2430"
"addon.Controllers.Master:LOOT_CLOSED","Public","addon.Controllers.Master","LOOT_CLOSED",":","UPPER","LOOT_CLOSED","Event","True","True","False","1","Controllers","!KRT/Controllers/Master.lua","3434"
"addon.Controllers.Master:LOOT_OPENED","Public","addon.Controllers.Master","LOOT_OPENED",":","UPPER","LOOT_OPENED","Event","True","True","False","1","Controllers","!KRT/Controllers/Master.lua","3378"
"addon.Controllers.Master:LOOT_SLOT_CLEARED","Public","addon.Controllers.Master","LOOT_SLOT_CLEARED",":","UPPER","LOOT_SLOT_CLEARED","Event","True","True","False","1","Controllers","!KRT/Controllers/Master.lua","3451"
"addon.Controllers.Master:OnLoad","Public","addon.Controllers.Master","OnLoad",":","PascalCase","OnLoad","Lifecycle","True","True","False","1","Controllers","!KRT/Controllers/Master.lua","2380"
"addon.Controllers.Master:Refresh","Public","addon.Controllers.Master","Refresh",":","PascalCase","Refresh","Lifecycle","True","True","False","1","Controllers","!KRT/Controllers/Master.lua","2334"
"addon.Controllers.Master:RefreshUI","Public","addon.Controllers.Master","RefreshUI",":","PascalCase","RefreshUI","Lifecycle","True","True","False","1","Controllers","!KRT/Controllers/Master.lua","2330"
"addon.Controllers.Master:TRADE_ACCEPT_UPDATE","Public","addon.Controllers.Master","TRADE_ACCEPT_UPDATE",":","UPPER","TRADE_ACCEPT_UPDATE","Event","True","True","False","1","Controllers","!KRT/Controllers/Master.lua","3494"
"addon.Controllers.Master:TRADE_CLOSED","Public","addon.Controllers.Master","TRADE_CLOSED",":","UPPER","TRADE_CLOSED","Event","True","True","False","1","Controllers","!KRT/Controllers/Master.lua","3554"
"addon.Controllers.Master:TRADE_REQUEST_CANCEL","Public","addon.Controllers.Master","TRADE_REQUEST_CANCEL",":","UPPER","TRADE_REQUEST_CANCEL","Event","True","True","False","1","Controllers","!KRT/Controllers/Master.lua","3560"
"addon.Controllers.Master:UI_ERROR_MESSAGE","Public","addon.Controllers.Master","UI_ERROR_MESSAGE",":","UPPER","UI_ERROR_MESSAGE","Event","True","True","False","1","Controllers","!KRT/Controllers/Master.lua","3482"
"addon.Controllers.Master._ui.AcquireRefs","Internal","addon.Controllers.Master._ui","AcquireRefs",".","PascalCase","AcquireRefs","Internal","True","True","False","1","Controllers","!KRT/Controllers/Master.lua","427"
"addon.Controllers.Master._ui.Localize","Internal","addon.Controllers.Master._ui","Localize",".","PascalCase","Localize","Internal","True","True","False","1","Controllers","!KRT/Controllers/Master.lua","2654"
"addon.Controllers.Master._ui.Refresh","Internal","addon.Controllers.Master._ui","Refresh",".","PascalCase","Refresh","Internal","True","True","False","1","Controllers","!KRT/Controllers/Master.lua","2816"
"addon.Controllers.Spammer:OnLoad","Public","addon.Controllers.Spammer","OnLoad",":","PascalCase","OnLoad","Lifecycle","True","True","False","1","Controllers","!KRT/Controllers/Spammer.lua","322"
"addon.Controllers.Spammer:Refresh","Public","addon.Controllers.Spammer","Refresh",":","PascalCase","Refresh","Lifecycle","True","True","False","1","Controllers","!KRT/Controllers/Spammer.lua","870"
"addon.Controllers.Spammer:RefreshUI","Public","addon.Controllers.Spammer","RefreshUI",":","PascalCase","RefreshUI","Lifecycle","True","True","False","1","Controllers","!KRT/Controllers/Spammer.lua","863"
"addon.Controllers.Spammer._ui.AcquireRefs","Internal","addon.Controllers.Spammer._ui","AcquireRefs",".","PascalCase","AcquireRefs","Internal","True","True","False","1","Controllers","!KRT/Controllers/Spammer.lua","134"
"addon.Controllers.Spammer._ui.Localize","Internal","addon.Controllers.Spammer._ui","Localize",".","PascalCase","Localize","Internal","True","True","False","1","Controllers","!KRT/Controllers/Spammer.lua","571"
"addon.Controllers.Spammer._ui.Refresh","Internal","addon.Controllers.Spammer._ui","Refresh",".","PascalCase","Refresh","Internal","True","True","False","1","Controllers","!KRT/Controllers/Spammer.lua","819"
"addon.Controllers.Warnings:Announce","Public","addon.Controllers.Warnings","Announce",":","PascalCase","Announce","Unclassified","True","False","False","1","Controllers","!KRT/Controllers/Warnings.lua","290"
"addon.Controllers.Warnings:Delete","Public","addon.Controllers.Warnings","Delete",":","PascalCase","Delete","Mutation","True","True","False","1","Controllers","!KRT/Controllers/Warnings.lua","265"
"addon.Controllers.Warnings:Edit","Public","addon.Controllers.Warnings","Edit",":","PascalCase","Edit","Unclassified","True","False","False","1","Controllers","!KRT/Controllers/Warnings.lua","230"
"addon.Controllers.Warnings:OnLoad","Public","addon.Controllers.Warnings","OnLoad",":","PascalCase","OnLoad","Lifecycle","True","True","False","1","Controllers","!KRT/Controllers/Warnings.lua","225"
"addon.Controllers.Warnings:Refresh","Public","addon.Controllers.Warnings","Refresh",":","PascalCase","Refresh","Lifecycle","True","True","False","1","Controllers","!KRT/Controllers/Warnings.lua","378"
"addon.Controllers.Warnings:RefreshUI","Public","addon.Controllers.Warnings","RefreshUI",":","PascalCase","RefreshUI","Lifecycle","True","True","False","1","Controllers","!KRT/Controllers/Warnings.lua","374"
"addon.Controllers.Warnings._ui.AcquireRefs","Internal","addon.Controllers.Warnings._ui","AcquireRefs",".","PascalCase","AcquireRefs","Internal","True","True","False","1","Controllers","!KRT/Controllers/Warnings.lua","55"
"addon.Controllers.Warnings._ui.Localize","Internal","addon.Controllers.Warnings._ui","Localize",".","PascalCase","Localize","Internal","True","True","False","1","Controllers","!KRT/Controllers/Warnings.lua","309"
"addon.Controllers.Warnings._ui.Refresh","Internal","addon.Controllers.Warnings._ui","Refresh",".","PascalCase","Refresh","Internal","True","True","False","1","Controllers","!KRT/Controllers/Warnings.lua","351"
"addon.Core.EnsureBootstrapEvents","Public","addon.Core","EnsureBootstrapEvents",".","PascalCase","Ensure","Lifecycle","True","True","False","1","Root","!KRT/Init.lua","96"
"addon.Core.EnsureLootRuntimeState","Public","addon.Core","EnsureLootRuntimeState",".","PascalCase","Ensure","Lifecycle","True","True","False","1","Root","!KRT/Init.lua","214"
"addon.Core.EnsureRaidById","Public","addon.Core","EnsureRaidById",".","PascalCase","Ensure","Lifecycle","True","True","False","1","Root","!KRT/Init.lua","725"
"addon.Core.EnsureRaidByNid","Public","addon.Core","EnsureRaidByNid",".","PascalCase","Ensure","Lifecycle","True","True","False","1","Root","!KRT/Init.lua","738"
"addon.Core.EnsureRaidSchema","Public","addon.Core","EnsureRaidSchema",".","PascalCase","Ensure","Lifecycle","True","True","False","1","Root","!KRT/Init.lua","717"
"addon.Core.EnsureServiceNamespace","Public","addon.Core","EnsureServiceNamespace",".","PascalCase","Ensure","Lifecycle","True","True","False","1","Root","!KRT/Init.lua","177"
"addon.Core.GetCurrentRaid","Public","addon.Core","GetCurrentRaid",".","PascalCase","Get","Query","True","True","False","1","Root","!KRT/Init.lua","529"
"addon.Core.GetFeatureShared","Public","addon.Core","GetFeatureShared",".","PascalCase","Get","Query","True","True","False","1","Root","!KRT/Init.lua","371"
"addon.Core.GetItemIndex","Public","addon.Core","GetItemIndex",".","PascalCase","Get","Query","True","True","False","1","Root","!KRT/Init.lua","366"
"addon.Core.GetLastBoss","Public","addon.Core","GetLastBoss",".","PascalCase","Get","Query","True","True","False","1","Root","!KRT/Init.lua","538"
"addon.Core.GetNextReset","Public","addon.Core","GetNextReset",".","PascalCase","Get","Query","True","True","False","1","Root","!KRT/Init.lua","547"
"addon.Core.GetPlayerName","Public","addon.Core","GetPlayerName",".","PascalCase","Get","Query","True","True","False","1","Root","!KRT/Init.lua","181"
"addon.Core.GetRaidIdByNid","Public","addon.Core","GetRaidIdByNid",".","PascalCase","Get","Query","True","True","False","1","Root","!KRT/Init.lua","760"
"addon.Core.GetRaidNidById","Public","addon.Core","GetRaidNidById",".","PascalCase","Get","Query","True","True","False","1","Root","!KRT/Init.lua","751"
"addon.Core.GetRealmName","Public","addon.Core","GetRealmName",".","PascalCase","Get","Query","True","True","False","1","Root","!KRT/Init.lua","189"
"addon.Core.GetUnitRank","Public","addon.Core","GetUnitRank",".","PascalCase","Get","Query","True","True","False","1","Root","!KRT/Init.lua","197"
"addon.Core.NormalizeSavedVariablesAfterLoad","Public","addon.Core","NormalizeSavedVariablesAfterLoad",".","PascalCase","Normalize","Unclassified","True","False","False","1","Root","!KRT/Init.lua","785"
"addon.Core.PrepareSavedVariablesForSave","Public","addon.Core","PrepareSavedVariablesForSave",".","PascalCase","Prepare","Unclassified","True","False","False","1","Root","!KRT/Init.lua","799"
"addon.Core.RequestControllerMethod","Public","addon.Core","RequestControllerMethod",".","PascalCase","Request","Lifecycle","True","True","False","1","Root","!KRT/Init.lua","146"
"addon.Core.RequireServiceMethod","Public","addon.Core","RequireServiceMethod",".","PascalCase","Require","Unclassified","True","False","False","1","Root","!KRT/Init.lua","668"
"addon.Core.SetCurrentRaid","Public","addon.Core","SetCurrentRaid",".","PascalCase","Set","Mutation","True","True","False","1","Root","!KRT/Init.lua","533"
"addon.Core.SetLastBoss","Public","addon.Core","SetLastBoss",".","PascalCase","Set","Mutation","True","True","False","1","Root","!KRT/Init.lua","542"
"addon.Core.SetNextReset","Public","addon.Core","SetNextReset",".","PascalCase","Set","Mutation","True","True","False","1","Root","!KRT/Init.lua","551"
"addon.Core.StripRuntimeRaidCaches","Public","addon.Core","StripRuntimeRaidCaches",".","PascalCase","Strip","Unclassified","True","False","False","1","Root","!KRT/Init.lua","769"
"addon.DB.GetManager","Public","addon.DB","GetManager",".","PascalCase","Get","Query","True","True","False","1","Core","!KRT/Core/DB.lua","72"
"addon.DB.RaidMigrations:ApplyRaidMigrations","Public","addon.DB.RaidMigrations","ApplyRaidMigrations",":","PascalCase","Apply","Unclassified","True","False","False","1","Core","!KRT/Core/DBRaidMigrations.lua","345"
"addon.DB.RaidMigrations:CompactRaidForPersistence","Public","addon.DB.RaidMigrations","CompactRaidForPersistence",":","PascalCase","Compact","Unclassified","True","False","False","1","Core","!KRT/Core/DBRaidMigrations.lua","379"
"addon.DB.RaidMigrations:GetCurrentVersion","Public","addon.DB.RaidMigrations","GetCurrentVersion",":","PascalCase","Get","Query","True","True","False","1","Core","!KRT/Core/DBRaidMigrations.lua","336"
"addon.DB.RaidMigrations:GetMigrations","Public","addon.DB.RaidMigrations","GetMigrations",":","PascalCase","Get","Query","True","True","False","1","Core","!KRT/Core/DBRaidMigrations.lua","332"
"addon.DB.RaidQueries:GetBossAttendance","Public","addon.DB.RaidQueries","GetBossAttendance",":","PascalCase","Get","Query","True","True","False","1","Core","!KRT/Core/DBRaidQueries.lua","249"
"addon.DB.RaidQueries:GetBossKills","Public","addon.DB.RaidQueries","GetBossKills",":","PascalCase","Get","Query","True","True","False","1","Core","!KRT/Core/DBRaidQueries.lua","185"
"addon.DB.RaidQueries:GetLoot","Public","addon.DB.RaidQueries","GetLoot",":","PascalCase","Get","Query","True","True","False","1","Core","!KRT/Core/DBRaidQueries.lua","300"
"addon.DB.RaidQueries:GetRaidAttendance","Public","addon.DB.RaidQueries","GetRaidAttendance",":","PascalCase","Get","Query","True","True","False","1","Core","!KRT/Core/DBRaidQueries.lua","216"
"addon.DB.RaidQueries:GetRaidSummary","Public","addon.DB.RaidQueries","GetRaidSummary",":","PascalCase","Get","Query","True","True","False","1","Core","!KRT/Core/DBRaidQueries.lua","158"
"addon.DB.RaidStore:BuildRuntimeIndexes","Public","addon.DB.RaidStore","BuildRuntimeIndexes",":","PascalCase","Build","Unclassified","True","False","False","1","Core","!KRT/Core/DBRaidStore.lua","644"
"addon.DB.RaidStore:ClearRaidChanges","Public","addon.DB.RaidStore","ClearRaidChanges",":","PascalCase","Clear","Unclassified","True","False","False","1","Core","!KRT/Core/DBRaidStore.lua","462"
"addon.DB.RaidStore:CreateRaid","Public","addon.DB.RaidStore","CreateRaid",":","PascalCase","Create","Unclassified","True","False","False","1","Core","!KRT/Core/DBRaidStore.lua","834"
"addon.DB.RaidStore:CreateRaidRecord","Public","addon.DB.RaidStore","CreateRaidRecord",":","PascalCase","Create","Unclassified","True","False","False","1","Core","!KRT/Core/DBRaidStore.lua","786"
"addon.DB.RaidStore:DeleteRaid","Public","addon.DB.RaidStore","DeleteRaid",":","PascalCase","Delete","Mutation","True","True","False","1","Core","!KRT/Core/DBRaidStore.lua","842"
"addon.DB.RaidStore:DeleteRaidChange","Public","addon.DB.RaidStore","DeleteRaidChange",":","PascalCase","Delete","Mutation","True","True","False","1","Core","!KRT/Core/DBRaidStore.lua","446"
"addon.DB.RaidStore:EnsureRaidRuntime","Public","addon.DB.RaidStore","EnsureRaidRuntime",":","PascalCase","Ensure","Lifecycle","True","True","False","1","Core","!KRT/Core/DBRaidStore.lua","701"
"addon.DB.RaidStore:GetAllRaids","Public","addon.DB.RaidStore","GetAllRaids",":","PascalCase","Get","Query","True","True","False","1","Core","!KRT/Core/DBRaidStore.lua","362"
"addon.DB.RaidStore:GetRaidByIndex","Public","addon.DB.RaidStore","GetRaidByIndex",":","PascalCase","Get","Query","True","True","False","1","Core","!KRT/Core/DBRaidStore.lua","375"
"addon.DB.RaidStore:GetRaidByNid","Public","addon.DB.RaidStore","GetRaidByNid",":","PascalCase","Get","Query","True","True","False","1","Core","!KRT/Core/DBRaidStore.lua","390"
"addon.DB.RaidStore:GetRaidChanges","Public","addon.DB.RaidStore","GetRaidChanges",":","PascalCase","Get","Query","True","True","False","1","Core","!KRT/Core/DBRaidStore.lua","421"
"addon.DB.RaidStore:GetRaidIndexByNid","Public","addon.DB.RaidStore","GetRaidIndexByNid",":","PascalCase","Get","Query","True","True","False","1","Core","!KRT/Core/DBRaidStore.lua","416"
"addon.DB.RaidStore:GetRaidNidByIndex","Public","addon.DB.RaidStore","GetRaidNidByIndex",":","PascalCase","Get","Query","True","True","False","1","Core","!KRT/Core/DBRaidStore.lua","411"
"addon.DB.RaidStore:GetRawRaids","Public","addon.DB.RaidStore","GetRawRaids",":","PascalCase","Get","Query","True","True","False","1","Core","!KRT/Core/DBRaidStore.lua","367"
"addon.DB.RaidStore:InsertRaid","Public","addon.DB.RaidStore","InsertRaid",":","PascalCase","Insert","Unclassified","True","False","False","1","Core","!KRT/Core/DBRaidStore.lua","817"
"addon.DB.RaidStore:IsLegacyRuntimeKey","Public","addon.DB.RaidStore","IsLegacyRuntimeKey",":","PascalCase","Is","Query","True","True","False","1","Core","!KRT/Core/DBRaidStore.lua","371"
"addon.DB.RaidStore:NormalizeAllRaids","Public","addon.DB.RaidStore","NormalizeAllRaids",":","PascalCase","Normalize","Unclassified","True","False","False","1","Core","!KRT/Core/DBRaidStore.lua","754"
"addon.DB.RaidStore:NormalizeRaidRecord","Public","addon.DB.RaidStore","NormalizeRaidRecord",":","PascalCase","Normalize","Unclassified","True","False","False","1","Core","!KRT/Core/DBRaidStore.lua","476"
"addon.DB.RaidStore:PrepareAllRaidsForSave","Public","addon.DB.RaidStore","PrepareAllRaidsForSave",":","PascalCase","Prepare","Unclassified","True","False","False","1","Core","!KRT/Core/DBRaidStore.lua","779"
"addon.DB.RaidStore:PrepareRaidForSave","Public","addon.DB.RaidStore","PrepareRaidForSave",":","PascalCase","Prepare","Unclassified","True","False","False","1","Core","!KRT/Core/DBRaidStore.lua","763"
"addon.DB.RaidStore:SaveRaid","Public","addon.DB.RaidStore","SaveRaid",":","PascalCase","Save","Unclassified","True","False","False","1","Core","!KRT/Core/DBRaidStore.lua","854"
"addon.DB.RaidStore:StripAllRuntime","Public","addon.DB.RaidStore","StripAllRuntime",":","PascalCase","Strip","Unclassified","True","False","False","1","Core","!KRT/Core/DBRaidStore.lua","747"
"addon.DB.RaidStore:StripRuntime","Public","addon.DB.RaidStore","StripRuntime",":","PascalCase","Strip","Unclassified","True","False","False","1","Core","!KRT/Core/DBRaidStore.lua","739"
"addon.DB.RaidStore:UpsertLootIndex","Public","addon.DB.RaidStore","UpsertLootIndex",":","PascalCase","Upsert","Mutation","True","True","False","1","Core","!KRT/Core/DBRaidStore.lua","714"
"addon.DB.RaidStore:UpsertRaidChange","Public","addon.DB.RaidStore","UpsertRaidChange",":","PascalCase","Upsert","Mutation","True","True","False","1","Core","!KRT/Core/DBRaidStore.lua","430"
"addon.DB.RaidValidator:GetRaidRecordValidation","Public","addon.DB.RaidValidator","GetRaidRecordValidation",":","PascalCase","Get","Query","True","True","False","1","Core","!KRT/Core/DBRaidValidator.lua","313"
"addon.DB.RaidValidator:ValidateAllRaids","Public","addon.DB.RaidValidator","ValidateAllRaids",":","PascalCase","Validate","Unclassified","True","False","False","1","Core","!KRT/Core/DBRaidValidator.lua","354"
"addon.DB.SetManager","Public","addon.DB","SetManager",".","PascalCase","Set","Mutation","True","True","False","1","Core","!KRT/Core/DB.lua","64"
"addon.DB.Syncer:BroadcastLoggerPush","Public","addon.DB.Syncer","BroadcastLoggerPush",":","PascalCase","Broadcast","Unclassified","True","False","False","1","Core","!KRT/Core/DBSyncer.lua","1449"
"addon.DB.Syncer:GetPrefix","Public","addon.DB.Syncer","GetPrefix",":","PascalCase","Get","Query","True","True","False","1","Core","!KRT/Core/DBSyncer.lua","1409"
"addon.DB.Syncer:GetProtocolVersion","Public","addon.DB.Syncer","GetProtocolVersion",":","PascalCase","Get","Query","True","True","False","1","Core","!KRT/Core/DBSyncer.lua","1413"
"addon.DB.Syncer:OnAddonMessage","Public","addon.DB.Syncer","OnAddonMessage",":","PascalCase","On","Unclassified","True","False","False","1","Core","!KRT/Core/DBSyncer.lua","1507"
"addon.DB.Syncer:RequestLoggerReq","Public","addon.DB.Syncer","RequestLoggerReq",":","PascalCase","Request","Lifecycle","True","True","False","1","Core","!KRT/Core/DBSyncer.lua","1417"
"addon.DB.Syncer:RequestLoggerSync","Public","addon.DB.Syncer","RequestLoggerSync",":","PascalCase","Request","Lifecycle","True","True","False","1","Core","!KRT/Core/DBSyncer.lua","1478"
"addon.DBManager.GetDefaultManager","Public","addon.DBManager","GetDefaultManager",".","PascalCase","Get","Query","True","True","False","1","Core","!KRT/Core/DBManager.lua","47"
"addon.DBManager.SavedVariables:GetRaidMigrations","Public","addon.DBManager.SavedVariables","GetRaidMigrations",":","PascalCase","Get","Query","True","True","False","1","Core","!KRT/Core/DBManager.lua","35"
"addon.DBManager.SavedVariables:GetRaidQueries","Public","addon.DBManager.SavedVariables","GetRaidQueries",":","PascalCase","Get","Query","True","True","False","1","Core","!KRT/Core/DBManager.lua","31"
"addon.DBManager.SavedVariables:GetRaidStore","Public","addon.DBManager.SavedVariables","GetRaidStore",":","PascalCase","Get","Query","True","True","False","1","Core","!KRT/Core/DBManager.lua","27"
"addon.DBManager.SavedVariables:GetRaidValidator","Public","addon.DBManager.SavedVariables","GetRaidValidator",":","PascalCase","Get","Query","True","True","False","1","Core","!KRT/Core/DBManager.lua","39"
"addon.DBManager.SavedVariables:GetSyncer","Public","addon.DBManager.SavedVariables","GetSyncer",":","PascalCase","Get","Query","True","True","False","1","Core","!KRT/Core/DBManager.lua","43"
"addon.Events.ConfigOptionChanged","Public","addon.Events","ConfigOptionChanged",".","PascalCase","Config","Unclassified","True","False","False","1","Modules","!KRT/Modules/Events.lua","46"
"addon.Events.WowForwarded","Public","addon.Events","WowForwarded",".","PascalCase","Wow","Unclassified","True","False","False","1","Modules","!KRT/Modules/Events.lua","53"
"addon.Features:GetProfile","Public","addon.Features","GetProfile",":","PascalCase","Get","Query","True","True","False","1","Modules","!KRT/Modules/Features.lua","50"
"addon.Features:IsEnabled","Public","addon.Features","IsEnabled",":","PascalCase","Is","Query","True","True","False","1","Modules","!KRT/Modules/Features.lua","38"
"addon.Frames.BindEditBoxHandlers","Public","addon.Frames","BindEditBoxHandlers",".","PascalCase","Bind","Lifecycle","True","True","False","1","Modules","!KRT/Modules/UI/Frames.lua","857"
"addon.Frames.EnableDrag","Public","addon.Frames","EnableDrag",".","PascalCase","Enable","Unclassified","True","False","False","1","Modules","!KRT/Modules/UI/Frames.lua","45"
"addon.Frames.Get","Public","addon.Frames","Get",".","PascalCase","Get","Query","True","True","False","1","Modules","!KRT/Modules/UI/Frames.lua","183"
"addon.Frames.GetButtonPopup","Public","addon.Frames","GetButtonPopup",".","PascalCase","Get","Query","True","True","False","1","Modules","!KRT/Modules/UI/Frames.lua","251"
"addon.Frames.GetNamedParts","Public","addon.Frames","GetNamedParts",".","PascalCase","Get","Query","True","True","False","1","Modules","!KRT/Modules/UI/Frames.lua","211"
"addon.Frames.HideTooltip","Public","addon.Frames","HideTooltip",".","PascalCase","Hide","Lifecycle","True","True","False","1","Modules","!KRT/Modules/UI/Frames.lua","404"
"addon.Frames.InitModuleFrame","Public","addon.Frames","InitModuleFrame",".","PascalCase","Init","Unclassified","True","False","False","1","Modules","!KRT/Modules/UI/Frames.lua","504"
"addon.Frames.MakeConfirmPopup","Public","addon.Frames","MakeConfirmPopup",".","PascalCase","Make","Unclassified","True","False","False","1","Modules","!KRT/Modules/UI/Frames.lua","85"
"addon.Frames.MakeEditBoxPopup","Public","addon.Frames","MakeEditBoxPopup",".","PascalCase","Make","Unclassified","True","False","False","1","Modules","!KRT/Modules/UI/Frames.lua","98"
"addon.Frames.MakeEventDrivenRefresher","Public","addon.Frames","MakeEventDrivenRefresher",".","PascalCase","Make","Unclassified","True","False","False","1","Modules","!KRT/Modules/UI/Frames.lua","422"
"addon.Frames.MakeFrameGetter","Public","addon.Frames","MakeFrameGetter",".","PascalCase","Make","Unclassified","True","False","False","1","Modules","!KRT/Modules/UI/Frames.lua","490"
"addon.Frames.Ref","Public","addon.Frames","Ref",".","PascalCase","Ref","Unclassified","True","False","False","1","Modules","!KRT/Modules/UI/Frames.lua","190"
"addon.Frames.ResetEditBox","Public","addon.Frames","ResetEditBox",".","PascalCase","Reset","Unclassified","True","False","False","1","Modules","!KRT/Modules/UI/Frames.lua","148"
"addon.Frames.SafeSetScript","Public","addon.Frames","SafeSetScript",".","PascalCase","Safe","Unclassified","True","False","False","1","Modules","!KRT/Modules/UI/Frames.lua","233"
"addon.Frames.SetEditBoxValue","Public","addon.Frames","SetEditBoxValue",".","PascalCase","Set","Mutation","True","True","False","1","Modules","!KRT/Modules/UI/Frames.lua","159"
"addon.Frames.SetFrameTitle","Public","addon.Frames","SetFrameTitle",".","PascalCase","Set","Mutation","True","True","False","1","Modules","!KRT/Modules/UI/Frames.lua","135"
"addon.Frames.SetShown","Public","addon.Frames","SetShown",".","PascalCase","Set","Mutation","True","True","False","1","Modules","!KRT/Modules/UI/Frames.lua","170"
"addon.Frames.SetTooltip","Public","addon.Frames","SetTooltip",".","PascalCase","Set","Mutation","True","True","False","1","Modules","!KRT/Modules/UI/Frames.lua","408"
"addon.IgnoredItems.Contains","Public","addon.IgnoredItems","Contains",".","PascalCase","Contains","Unclassified","True","False","False","1","Modules","!KRT/Modules/IgnoredItems.lua","131"
"addon.IgnoredItems.IsEnchantingMaterial","Public","addon.IgnoredItems","IsEnchantingMaterial",".","PascalCase","Is","Query","True","True","False","1","Modules","!KRT/Modules/IgnoredItems.lua","135"
"addon.IgnoredMobs.Contains","Public","addon.IgnoredMobs","Contains",".","PascalCase","Contains","Unclassified","True","False","False","1","Modules","!KRT/Modules/IgnoredMobs.lua","146"
"addon.IgnoredMobs.GetTrashMobName","Public","addon.IgnoredMobs","GetTrashMobName",".","PascalCase","Get","Query","True","True","False","1","Modules","!KRT/Modules/IgnoredMobs.lua","131"
"addon.IgnoredMobs.IsTrashMobName","Public","addon.IgnoredMobs","IsTrashMobName",".","PascalCase","Is","Query","True","True","False","1","Modules","!KRT/Modules/IgnoredMobs.lua","142"
"addon.Item.GetItemBindFromTooltip","Public","addon.Item","GetItemBindFromTooltip",".","PascalCase","Get","Query","True","True","False","1","Modules","!KRT/Modules/Item.lua","330"
"addon.Item.GetItemIdFromLink","Public","addon.Item","GetItemIdFromLink",".","PascalCase","Get","Query","True","True","False","1","Modules","!KRT/Modules/Item.lua","228"
"addon.Item.GetItemStringFromLink","Public","addon.Item","GetItemStringFromLink",".","PascalCase","Get","Query","True","True","False","1","Modules","!KRT/Modules/Item.lua","243"
"addon.Item.IsBagItemSoulbound","Public","addon.Item","IsBagItemSoulbound",".","PascalCase","Is","Query","True","True","False","1","Modules","!KRT/Modules/Item.lua","355"
"addon.Item.RequestItemInfo","Public","addon.Item","RequestItemInfo",".","PascalCase","Request","Lifecycle","True","True","False","1","Modules","!KRT/Modules/Item.lua","284"
"addon.Item.WarmItemCache","Public","addon.Item","WarmItemCache",".","PascalCase","Warm","Unclassified","True","False","False","1","Modules","!KRT/Modules/Item.lua","264"
"addon.ListController.BindListController","Public","addon.ListController","BindListController",".","PascalCase","Bind","Lifecycle","True","True","False","1","Modules","!KRT/Modules/UI/ListController.lua","497"
"addon.ListController.CreateRowDrawer","Public","addon.ListController","CreateRowDrawer",".","PascalCase","Create","Unclassified","True","False","False","1","Modules","!KRT/Modules/UI/ListController.lua","45"
"addon.ListController.MakeListController","Public","addon.ListController","MakeListController",".","PascalCase","Make","Unclassified","True","False","False","1","Modules","!KRT/Modules/UI/ListController.lua","56"
"addon.LootSources.FindSource","Public","addon.LootSources","FindSource",".","PascalCase","Find","Query","True","True","False","1","Modules","!KRT/Modules/LootSources.lua","306"
"addon.LootSources.GetCandidates","Public","addon.LootSources","GetCandidates",".","PascalCase","Get","Query","True","True","False","1","Modules","!KRT/Modules/LootSources.lua","285"
"addon.Minimap:BindUI","Public","addon.Minimap","BindUI",":","PascalCase","Bind","Lifecycle","True","True","False","1","EntryPoints","!KRT/EntryPoints/Minimap.lua","334"
"addon.Minimap:EnsureUI","Public","addon.Minimap","EnsureUI",":","PascalCase","Ensure","Lifecycle","True","True","False","1","EntryPoints","!KRT/EntryPoints/Minimap.lua","353"
"addon.Minimap:HideMinimapButton","Public","addon.Minimap","HideMinimapButton",":","PascalCase","Hide","Lifecycle","True","True","False","1","EntryPoints","!KRT/EntryPoints/Minimap.lua","372"
"addon.Minimap:OnLoad","Public","addon.Minimap","OnLoad",":","PascalCase","OnLoad","Lifecycle","True","True","False","1","EntryPoints","!KRT/EntryPoints/Minimap.lua","262"
"addon.Minimap:SetPos","Public","addon.Minimap","SetPos",":","PascalCase","Set","Mutation","True","True","False","1","EntryPoints","!KRT/EntryPoints/Minimap.lua","250"
"addon.Minimap:ToggleMinimapButton","Public","addon.Minimap","ToggleMinimapButton",":","PascalCase","Toggle","Lifecycle","True","True","False","1","EntryPoints","!KRT/EntryPoints/Minimap.lua","361"
"addon.MultiSelect.MultiSelectClear","Public","addon.MultiSelect","MultiSelectClear",".","PascalCase","Multi","Unclassified","True","False","False","1","Modules","!KRT/Modules/UI/MultiSelect.lua","120"
"addon.MultiSelect.MultiSelectCount","Public","addon.MultiSelect","MultiSelectCount",".","PascalCase","Multi","Unclassified","True","False","False","1","Modules","!KRT/Modules/UI/MultiSelect.lua","298"
"addon.MultiSelect.MultiSelectGetAnchor","Public","addon.MultiSelect","MultiSelectGetAnchor",".","PascalCase","Multi","Unclassified","True","False","False","1","Modules","!KRT/Modules/UI/MultiSelect.lua","235"
"addon.MultiSelect.MultiSelectGetModifierPolicy","Public","addon.MultiSelect","MultiSelectGetModifierPolicy",".","PascalCase","Multi","Unclassified","True","False","False","1","Modules","!KRT/Modules/UI/MultiSelect.lua","139"
"addon.MultiSelect.MultiSelectGetSelected","Public","addon.MultiSelect","MultiSelectGetSelected",".","PascalCase","Multi","Unclassified","True","False","False","1","Modules","!KRT/Modules/UI/MultiSelect.lua","308"
"addon.MultiSelect.MultiSelectGetVersion","Public","addon.MultiSelect","MultiSelectGetVersion",".","PascalCase","Multi","Unclassified","True","False","False","1","Modules","!KRT/Modules/UI/MultiSelect.lua","303"
"addon.MultiSelect.MultiSelectInit","Public","addon.MultiSelect","MultiSelectInit",".","PascalCase","Multi","Unclassified","True","False","False","1","Modules","!KRT/Modules/UI/MultiSelect.lua","111"
"addon.MultiSelect.MultiSelectIsSelected","Public","addon.MultiSelect","MultiSelectIsSelected",".","PascalCase","Multi","Unclassified","True","False","False","1","Modules","!KRT/Modules/UI/MultiSelect.lua","289"
"addon.MultiSelect.MultiSelectRange","Public","addon.MultiSelect","MultiSelectRange",".","PascalCase","Multi","Unclassified","True","False","False","1","Modules","!KRT/Modules/UI/MultiSelect.lua","240"
"addon.MultiSelect.MultiSelectResolveModifiers","Public","addon.MultiSelect","MultiSelectResolveModifiers",".","PascalCase","Multi","Unclassified","True","False","False","1","Modules","!KRT/Modules/UI/MultiSelect.lua","145"
"addon.MultiSelect.MultiSelectSetAnchor","Public","addon.MultiSelect","MultiSelectSetAnchor",".","PascalCase","Multi","Unclassified","True","False","False","1","Modules","!KRT/Modules/UI/MultiSelect.lua","225"
"addon.MultiSelect.MultiSelectSetModifierPolicy","Public","addon.MultiSelect","MultiSelectSetModifierPolicy",".","PascalCase","Multi","Unclassified","True","False","False","1","Modules","!KRT/Modules/UI/MultiSelect.lua","124"
"addon.MultiSelect.MultiSelectToggle","Public","addon.MultiSelect","MultiSelectToggle",".","PascalCase","Multi","Unclassified","True","False","False","1","Modules","!KRT/Modules/UI/MultiSelect.lua","177"
"addon.Options.AddNamespace","Public","addon.Options","AddNamespace",".","PascalCase","Add","Mutation","True","True","False","1","Core","!KRT/Core/Options.lua","189"
"addon.Options.EnsureLoaded","Public","addon.Options","EnsureLoaded",".","PascalCase","Ensure","Lifecycle","True","True","False","1","Core","!KRT/Core/Options.lua","223"
"addon.Options.Get","Public","addon.Options","Get",".","PascalCase","Get","Query","True","True","False","1","Core","!KRT/Core/Options.lua","219"
"addon.Options.GetNamespaces","Public","addon.Options","GetNamespaces",".","PascalCase","Get","Query","True","True","False","1","Core","!KRT/Core/Options.lua","272"
"addon.Options.IsDebugEnabled","Public","addon.Options","IsDebugEnabled",".","PascalCase","Is","Query","True","True","False","1","Core","!KRT/Core/Options.lua","290"
"addon.Options.Set","Public","addon.Options","Set",".","PascalCase","Set","Mutation","True","True","False","1","Core","!KRT/Core/Options.lua","279"
"addon.Options.SetDebugEnabled","Public","addon.Options","SetDebugEnabled",".","PascalCase","Set","Mutation","True","True","False","1","Core","!KRT/Core/Options.lua","294"
"addon.Services.Chat:Announce","Public","addon.Services.Chat","Announce",":","PascalCase","Announce","Unclassified","True","False","False","1","Services","!KRT/Services/Chat.lua","272"
"addon.Services.Chat:AnnounceWarningMessage","Public","addon.Services.Chat","AnnounceWarningMessage",":","PascalCase","Announce","Unclassified","True","False","False","1","Services","!KRT/Services/Chat.lua","285"
"addon.Services.Chat:GetSpamRuntimeState","Public","addon.Services.Chat","GetSpamRuntimeState",":","PascalCase","Get","Query","True","True","False","1","Services","!KRT/Services/Chat.lua","302"
"addon.Services.Chat:PauseSpamCycle","Public","addon.Services.Chat","PauseSpamCycle",":","PascalCase","Pause","Unclassified","True","False","False","1","Services","!KRT/Services/Chat.lua","362"
"addon.Services.Chat:Print","Public","addon.Services.Chat","Print",":","PascalCase","Print","Unclassified","True","False","False","1","Services","!KRT/Services/Chat.lua","267"
"addon.Services.Chat:ShowMasterOnlyWarning","Public","addon.Services.Chat","ShowMasterOnlyWarning",":","PascalCase","Show","Lifecycle","True","True","False","1","Services","!KRT/Services/Chat.lua","281"
"addon.Services.Chat:StartSpamCycle","Public","addon.Services.Chat","StartSpamCycle",":","PascalCase","Start","Unclassified","True","False","False","1","Services","!KRT/Services/Chat.lua","306"
"addon.Services.Chat:StopSpamCycle","Public","addon.Services.Chat","StopSpamCycle",":","PascalCase","Stop","Unclassified","True","False","False","1","Services","!KRT/Services/Chat.lua","341"
"addon.Services.Debug:ClearRaidPlayers","Public","addon.Services.Debug","ClearRaidPlayers",":","PascalCase","Clear","Unclassified","True","False","False","1","Services","!KRT/Services/Debug.lua","375"
"addon.Services.Debug:RequestRaidRolls","Public","addon.Services.Debug","RequestRaidRolls",":","PascalCase","Request","Lifecycle","True","True","False","1","Services","!KRT/Services/Debug.lua","461"
"addon.Services.Debug:RollRaidPlayer","Public","addon.Services.Debug","RollRaidPlayer",":","PascalCase","Roll","Unclassified","True","False","False","1","Services","!KRT/Services/Debug.lua","437"
"addon.Services.Debug:SeedRaidPlayers","Public","addon.Services.Debug","SeedRaidPlayers",":","PascalCase","Seed","Unclassified","True","False","False","1","Services","!KRT/Services/Debug.lua","314"
"addon.Services.Logger.Actions:AddBossAttendee","Public","addon.Services.Logger.Actions","AddBossAttendee",":","PascalCase","Add","Mutation","True","True","False","1","Services","!KRT/Services/Logger/Actions.lua","694"
"addon.Services.Logger.Actions:BindController","Public","addon.Services.Logger.Actions","BindController",":","PascalCase","Bind","Lifecycle","True","True","False","1","Services","!KRT/Services/Logger/Actions.lua","50"
"addon.Services.Logger.Actions:DeleteBoss","Public","addon.Services.Logger.Actions","DeleteBoss",":","PascalCase","Delete","Mutation","True","True","False","1","Services","!KRT/Services/Logger/Actions.lua","321"
"addon.Services.Logger.Actions:DeleteBossAttendee","Public","addon.Services.Logger.Actions","DeleteBossAttendee",":","PascalCase","Delete","Mutation","True","True","False","1","Services","!KRT/Services/Logger/Actions.lua","398"
"addon.Services.Logger.Actions:DeleteLoot","Public","addon.Services.Logger.Actions","DeleteLoot",":","PascalCase","Delete","Mutation","True","True","False","1","Services","!KRT/Services/Logger/Actions.lua","351"
"addon.Services.Logger.Actions:DeleteLootMany","Public","addon.Services.Logger.Actions","DeleteLootMany",":","PascalCase","Delete","Mutation","True","True","False","1","Services","!KRT/Services/Logger/Actions.lua","367"
"addon.Services.Logger.Actions:DeleteRaid","Public","addon.Services.Logger.Actions","DeleteRaid",":","PascalCase","Delete","Mutation","True","True","False","1","Services","!KRT/Services/Logger/Actions.lua","529"
"addon.Services.Logger.Actions:DeleteRaidAttendee","Public","addon.Services.Logger.Actions","DeleteRaidAttendee",":","PascalCase","Delete","Mutation","True","True","False","1","Services","!KRT/Services/Logger/Actions.lua","415"
"addon.Services.Logger.Actions:DeleteRaidAttendeeMany","Public","addon.Services.Logger.Actions","DeleteRaidAttendeeMany",":","PascalCase","Delete","Mutation","True","True","False","1","Services","!KRT/Services/Logger/Actions.lua","459"
"addon.Services.Logger.Actions:DeleteRaidByNid","Public","addon.Services.Logger.Actions","DeleteRaidByNid",":","PascalCase","Delete","Mutation","True","True","False","1","Services","!KRT/Services/Logger/Actions.lua","560"
"addon.Services.Logger.Actions:RemoveAll","Public","addon.Services.Logger.Actions","RemoveAll",":","PascalCase","Remove","Mutation","True","True","False","1","Services","!KRT/Services/Logger/Actions.lua","55"
"addon.Services.Logger.Actions:ResolveLootEditWinner","Public","addon.Services.Logger.Actions","ResolveLootEditWinner",":","PascalCase","Resolve","Unclassified","True","False","False","1","Services","!KRT/Services/Logger/Actions.lua","295"
"addon.Services.Logger.Actions:SetCurrentRaid","Public","addon.Services.Logger.Actions","SetCurrentRaid",":","PascalCase","Set","Mutation","True","True","False","1","Services","!KRT/Services/Logger/Actions.lua","595"
"addon.Services.Logger.Actions:SetLootEntry","Public","addon.Services.Logger.Actions","SetLootEntry",":","PascalCase","Set","Mutation","True","True","False","1","Services","!KRT/Services/Logger/Actions.lua","252"
"addon.Services.Logger.Actions:UpsertBossKill","Public","addon.Services.Logger.Actions","UpsertBossKill",":","PascalCase","Upsert","Mutation","True","True","False","1","Services","!KRT/Services/Logger/Actions.lua","652"
"addon.Services.Logger.Export:GetCSV","Public","addon.Services.Logger.Export","GetCSV",":","PascalCase","Get","Query","True","True","False","1","Services","!KRT/Services/Logger/Export.lua","146"
"addon.Services.Logger.Export:GetLootCSV","Public","addon.Services.Logger.Export","GetLootCSV",":","PascalCase","Get","Query","True","True","False","1","Services","!KRT/Services/Logger/Export.lua","160"
"addon.Services.Logger.Export:GetRaidAttendanceCSV","Public","addon.Services.Logger.Export","GetRaidAttendanceCSV",":","PascalCase","Get","Query","True","True","False","1","Services","!KRT/Services/Logger/Export.lua","195"
"addon.Services.Logger.Helpers.FindLoggerPlayer","Public","addon.Services.Logger.Helpers","FindLoggerPlayer",".","PascalCase","Find","Query","True","True","False","1","Services","!KRT/Services/Logger/Helpers.lua","199"
"addon.Services.Logger.Helpers.FindLootByItemId","Public","addon.Services.Logger.Helpers","FindLootByItemId",".","PascalCase","Find","Query","True","True","False","1","Services","!KRT/Services/Logger/Helpers.lua","174"
"addon.Services.Logger.Helpers.GetBossAttendeesEmptyStateText","Public","addon.Services.Logger.Helpers","GetBossAttendeesEmptyStateText",".","PascalCase","Get","Query","True","True","False","1","Services","!KRT/Services/Logger/Helpers.lua","135"
"addon.Services.Logger.Helpers.GetBossContextLabel","Public","addon.Services.Logger.Helpers","GetBossContextLabel",".","PascalCase","Get","Query","True","True","False","1","Services","!KRT/Services/Logger/Helpers.lua","72"
"addon.Services.Logger.Helpers.GetBossEmptyStateText","Public","addon.Services.Logger.Helpers","GetBossEmptyStateText",".","PascalCase","Get","Query","True","True","False","1","Services","!KRT/Services/Logger/Helpers.lua","125"
"addon.Services.Logger.Helpers.GetContextTitle","Public","addon.Services.Logger.Helpers","GetContextTitle",".","PascalCase","Get","Query","True","True","False","1","Services","!KRT/Services/Logger/Helpers.lua","32"
"addon.Services.Logger.Helpers.GetCountContextTitle","Public","addon.Services.Logger.Helpers","GetCountContextTitle",".","PascalCase","Get","Query","True","True","False","1","Services","!KRT/Services/Logger/Helpers.lua","44"
"addon.Services.Logger.Helpers.GetCountTitle","Public","addon.Services.Logger.Helpers","GetCountTitle",".","PascalCase","Get","Query","True","True","False","1","Services","!KRT/Services/Logger/Helpers.lua","27"
"addon.Services.Logger.Helpers.GetLootEmptyStateText","Public","addon.Services.Logger.Helpers","GetLootEmptyStateText",".","PascalCase","Get","Query","True","True","False","1","Services","!KRT/Services/Logger/Helpers.lua","158"
"addon.Services.Logger.Helpers.GetLootPanelContextLabel","Public","addon.Services.Logger.Helpers","GetLootPanelContextLabel",".","PascalCase","Get","Query","True","True","False","1","Services","!KRT/Services/Logger/Helpers.lua","106"
"addon.Services.Logger.Helpers.GetPlayerContextLabel","Public","addon.Services.Logger.Helpers","GetPlayerContextLabel",".","PascalCase","Get","Query","True","True","False","1","Services","!KRT/Services/Logger/Helpers.lua","93"
"addon.Services.Logger.Helpers.GetRaidAttendeesEmptyStateText","Public","addon.Services.Logger.Helpers","GetRaidAttendeesEmptyStateText",".","PascalCase","Get","Query","True","True","False","1","Services","!KRT/Services/Logger/Helpers.lua","148"
"addon.Services.Logger.Helpers.GetRaidContextLabel","Public","addon.Services.Logger.Helpers","GetRaidContextLabel",".","PascalCase","Get","Query","True","True","False","1","Services","!KRT/Services/Logger/Helpers.lua","49"
"addon.Services.Logger.Helpers.IsValidRollValue","Public","addon.Services.Logger.Helpers","IsValidRollValue",".","PascalCase","Is","Query","True","True","False","1","Services","!KRT/Services/Logger/Helpers.lua","220"
"addon.Services.Logger.Store:EnsureRaid","Public","addon.Services.Logger.Store","EnsureRaid",":","PascalCase","Ensure","Lifecycle","True","True","False","1","Services","!KRT/Services/Logger/Store.lua","90"
"addon.Services.Logger.Store:FindRaidPlayerByNormName","Public","addon.Services.Logger.Store","FindRaidPlayerByNormName",":","PascalCase","Find","Query","True","True","False","1","Services","!KRT/Services/Logger/Store.lua","196"
"addon.Services.Logger.Store:GetBoss","Public","addon.Services.Logger.Store","GetBoss",":","PascalCase","Get","Query","True","True","False","1","Services","!KRT/Services/Logger/Store.lua","170"
"addon.Services.Logger.Store:GetLoot","Public","addon.Services.Logger.Store","GetLoot",":","PascalCase","Get","Query","True","True","False","1","Services","!KRT/Services/Logger/Store.lua","175"
"addon.Services.Logger.Store:GetPlayer","Public","addon.Services.Logger.Store","GetPlayer",":","PascalCase","Get","Query","True","True","False","1","Services","!KRT/Services/Logger/Store.lua","191"
"addon.Services.Logger.Store:GetRaid","Public","addon.Services.Logger.Store","GetRaid",":","PascalCase","Get","Query","True","True","False","1","Services","!KRT/Services/Logger/Store.lua","98"
"addon.Services.Logger.Store:GetRaidByNid","Public","addon.Services.Logger.Store","GetRaidByNid",":","PascalCase","Get","Query","True","True","False","1","Services","!KRT/Services/Logger/Store.lua","114"
"addon.Services.Logger.View:FillBossAttendeesList","Public","addon.Services.Logger.View","FillBossAttendeesList",":","PascalCase","Fill","Unclassified","True","False","False","1","Services","!KRT/Services/Logger/View.lua","117"
"addon.Services.Logger.View:FillBossList","Public","addon.Services.Logger.View","FillBossList",":","PascalCase","Fill","Unclassified","True","False","False","1","Services","!KRT/Services/Logger/View.lua","82"
"addon.Services.Logger.View:FillLootList","Public","addon.Services.Logger.View","FillLootList",":","PascalCase","Fill","Unclassified","True","False","False","1","Services","!KRT/Services/Logger/View.lua","192"
"addon.Services.Logger.View:FillRaidAttendeesList","Public","addon.Services.Logger.View","FillRaidAttendeesList",":","PascalCase","Fill","Unclassified","True","False","False","1","Services","!KRT/Services/Logger/View.lua","99"
"addon.Services.Logger.View:GetBossModeLabel","Public","addon.Services.Logger.View","GetBossModeLabel",":","PascalCase","Get","Query","True","True","False","1","Services","!KRT/Services/Logger/View.lua","35"
"addon.Services.Logger.View:GetPlayerBossParticipationList","Public","addon.Services.Logger.View","GetPlayerBossParticipationList",":","PascalCase","Get","Query","True","True","False","1","Services","!KRT/Services/Logger/View.lua","157"
"addon.Services.Logger.View:GetRaidDifficultyLabel","Public","addon.Services.Logger.View","GetRaidDifficultyLabel",":","PascalCase","Get","Query","True","True","False","1","Services","!KRT/Services/Logger/View.lua","46"
"addon.Services.Loot:AddGroupLootMessage","Public","addon.Services.Loot","AddGroupLootMessage",":","PascalCase","Add","Mutation","True","True","False","1","Services","!KRT/Services/Loot/Service.lua","1475"
"addon.Services.Loot:AddItem","Public","addon.Services.Loot","AddItem",":","PascalCase","Add","Mutation","True","True","False","1","Services","!KRT/Services/Loot/Service.lua","1577"
"addon.Services.Loot:AddLoot","Public","addon.Services.Loot","AddLoot",":","PascalCase","Add","Mutation","True","True","False","1","Services","!KRT/Services/Loot/Service.lua","1297"
"addon.Services.Loot:AddPassiveLootRoll","Public","addon.Services.Loot","AddPassiveLootRoll",":","PascalCase","Add","Mutation","True","True","False","1","Services","!KRT/Services/Loot/Service.lua","1471"
"addon.Services.Loot:AddPendingAward","Public","addon.Services.Loot","AddPendingAward",":","PascalCase","Add","Mutation","True","True","False","1","Services","!KRT/Services/Loot/Service.lua","1491"
"addon.Services.Loot:BuildAwardTargetPlan","Public","addon.Services.Loot","BuildAwardTargetPlan",":","PascalCase","Build","Unclassified","True","False","False","1","Services","!KRT/Services/Loot/Service.lua","1811"
"addon.Services.Loot:BuildMultiAwardState","Public","addon.Services.Loot","BuildMultiAwardState",":","PascalCase","Build","Unclassified","True","False","False","1","Services","!KRT/Services/Loot/Service.lua","1823"
"addon.Services.Loot:BuildMultiAwardWinnersPlan","Public","addon.Services.Loot","BuildMultiAwardWinnersPlan",":","PascalCase","Build","Unclassified","True","False","False","1","Services","!KRT/Services/Loot/Service.lua","1819"
"addon.Services.Loot:BuildTradeNotificationPlan","Public","addon.Services.Loot","BuildTradeNotificationPlan",":","PascalCase","Build","Unclassified","True","False","False","1","Services","!KRT/Services/Loot/Service.lua","1807"
"addon.Services.Loot:ClearLoot","Public","addon.Services.Loot","ClearLoot",":","PascalCase","Clear","Unclassified","True","False","False","1","Services","!KRT/Services/Loot/Service.lua","1682"
"addon.Services.Loot:FetchLoot","Public","addon.Services.Loot","FetchLoot",":","PascalCase","Fetch","Unclassified","True","False","False","1","Services","!KRT/Services/Loot/Service.lua","1541"
"addon.Services.Loot:GetAutoLootSuggestion","Public","addon.Services.Loot","GetAutoLootSuggestion",":","PascalCase","Get","Query","True","True","False","1","Services","!KRT/Services/Loot/Service.lua","1694"
"addon.Services.Loot:GetCurrentItemCount","Public","addon.Services.Loot","GetCurrentItemCount",":","PascalCase","Get","Query","True","True","False","1","Services","!KRT/Services/Loot/Service.lua","1717"
"addon.Services.Loot:GetDistributionSessionModel","Public","addon.Services.Loot","GetDistributionSessionModel",":","PascalCase","Get","Query","True","True","False","1","Services","!KRT/Services/Loot/Service.lua","1516"
"addon.Services.Loot:GetGroupLootMessageResult","Public","addon.Services.Loot","GetGroupLootMessageResult",":","PascalCase","Get","Query","True","True","False","1","Services","!KRT/Services/Loot/Service.lua","1479"
"addon.Services.Loot:GetLootWindowItems","Public","addon.Services.Loot","GetLootWindowItems",":","PascalCase","Get","Query","True","True","False","1","Services","!KRT/Services/Loot/Service.lua","1729"
"addon.Services.Loot:GetTrackingSnapshot","Public","addon.Services.Loot","GetTrackingSnapshot",":","PascalCase","Get","Query","True","True","False","1","Services","!KRT/Services/Loot/Service.lua","1258"
"addon.Services.Loot:IsIgnoredItem","Public","addon.Services.Loot","IsIgnoredItem",":","PascalCase","Is","Query","True","True","False","1","Services","!KRT/Services/Loot/Service.lua","1289"
"addon.Services.Loot:IsMasterLootAwardFailureMessage","Public","addon.Services.Loot","IsMasterLootAwardFailureMessage",":","PascalCase","Is","Query","True","True","False","1","Services","!KRT/Services/Loot/Service.lua","1507"
"addon.Services.Loot:LogTradeOnlyLoot","Public","addon.Services.Loot","LogTradeOnlyLoot",":","PascalCase","Log","Unclassified","True","False","False","1","Services","!KRT/Services/Loot/Service.lua","1398"
"addon.Services.Loot:ObservePassiveLootMessage","Public","addon.Services.Loot","ObservePassiveLootMessage",":","PascalCase","Observe","Unclassified","True","False","False","1","Services","!KRT/Services/Loot/Service.lua","1483"
"addon.Services.Loot:PrepareItem","Public","addon.Services.Loot","PrepareItem",":","PascalCase","Prepare","Unclassified","True","False","False","1","Services","!KRT/Services/Loot/Service.lua","1655"
"addon.Services.Loot:PurgePendingAwards","Public","addon.Services.Loot","PurgePendingAwards",":","PascalCase","Purge","Unclassified","True","False","False","1","Services","!KRT/Services/Loot/Service.lua","1503"
"addon.Services.Loot:RefreshPendingAward","Public","addon.Services.Loot","RefreshPendingAward",":","PascalCase","Refresh","Lifecycle","True","True","False","1","Services","!KRT/Services/Loot/Service.lua","1499"
"addon.Services.Loot:RemovePendingAward","Public","addon.Services.Loot","RemovePendingAward",":","PascalCase","Remove","Mutation","True","True","False","1","Services","!KRT/Services/Loot/Service.lua","1495"
"addon.Services.Loot:RequestDistributionMessageHandling","Public","addon.Services.Loot","RequestDistributionMessageHandling",":","PascalCase","Request","Lifecycle","True","True","False","1","Services","!KRT/Services/Loot/Service.lua","1512"
"addon.Services.Loot:ResolveInventoryAwardedCount","Public","addon.Services.Loot","ResolveInventoryAwardedCount",":","PascalCase","Resolve","Unclassified","True","False","False","1","Services","!KRT/Services/Loot/Service.lua","1800"
"addon.Services.Loot:ResolveTradeAwardedCount","Public","addon.Services.Loot","ResolveTradeAwardedCount",":","PascalCase","Resolve","Unclassified","True","False","False","1","Services","!KRT/Services/Loot/Service.lua","1796"
"addon.Services.Loot:SelectItem","Public","addon.Services.Loot","SelectItem",":","PascalCase","Select","Unclassified","True","False","False","1","Services","!KRT/Services/Loot/Service.lua","1674"
"addon.Services.Loot:SetDistributionState","Public","addon.Services.Loot","SetDistributionState",":","PascalCase","Set","Mutation","True","True","False","1","Services","!KRT/Services/Loot/Service.lua","1520"
"addon.Services.Loot:SetItem","Public","addon.Services.Loot","SetItem",":","PascalCase","Set","Mutation","True","True","False","1","Services","!KRT/Services/Loot/Service.lua","1662"
"addon.Services.Loot:UpgradeLoggedPassiveLootRoll","Public","addon.Services.Loot","UpgradeLoggedPassiveLootRoll",":","PascalCase","Upgrade","Unclassified","True","False","False","1","Services","!KRT/Services/Loot/Service.lua","1262"
"addon.Services.Loot:ValidateInventoryTradeSelection","Public","addon.Services.Loot","ValidateInventoryTradeSelection",":","PascalCase","Validate","Unclassified","True","False","False","1","Services","!KRT/Services/Loot/Service.lua","1815"
"addon.Services.Loot._Context.BuildActiveLootContext","Internal","addon.Services.Loot._Context","BuildActiveLootContext",".","PascalCase","BuildActiveLootContext","Internal","True","True","False","1","Services","!KRT/Services/Loot/Context.lua","166"
"addon.Services.Loot._Context.CopyLootSource","Internal","addon.Services.Loot._Context","CopyLootSource",".","PascalCase","CopyLootSource","Internal","True","True","False","1","Services","!KRT/Services/Loot/Context.lua","252"
"addon.Services.Loot._Context.NormalizeActiveLootContext","Internal","addon.Services.Loot._Context","NormalizeActiveLootContext",".","PascalCase","NormalizeActiveLootContext","Internal","True","True","False","1","Services","!KRT/Services/Loot/Context.lua","124"
"addon.Services.Loot._Context.NormalizeBossEventContext","Internal","addon.Services.Loot._Context","NormalizeBossEventContext",".","PascalCase","NormalizeBossEventContext","Internal","True","True","False","1","Services","!KRT/Services/Loot/Context.lua","46"
"addon.Services.Loot._Context.NormalizeLootSessionState","Internal","addon.Services.Loot._Context","NormalizeLootSessionState",".","PascalCase","NormalizeLootSessionState","Internal","True","True","False","1","Services","!KRT/Services/Loot/Context.lua","82"
"addon.Services.Loot._Context.NormalizeLootSnapshotState","Internal","addon.Services.Loot._Context","NormalizeLootSnapshotState",".","PascalCase","NormalizeLootSnapshotState","Internal","True","True","False","1","Services","!KRT/Services/Loot/Context.lua","90"
"addon.Services.Loot._Context.NormalizeLootSourceState","Internal","addon.Services.Loot._Context","NormalizeLootSourceState",".","PascalCase","NormalizeLootSourceState","Internal","True","True","False","1","Services","!KRT/Services/Loot/Context.lua","106"
"addon.Services.Loot._Context.NormalizeLootWindowBossContext","Internal","addon.Services.Loot._Context","NormalizeLootWindowBossContext",".","PascalCase","NormalizeLootWindowBossContext","Internal","True","True","False","1","Services","!KRT/Services/Loot/Context.lua","61"
"addon.Services.Loot._Context.ProjectLootSourceState","Internal","addon.Services.Loot._Context","ProjectLootSourceState",".","PascalCase","ProjectLootSourceState","Internal","True","True","False","1","Services","!KRT/Services/Loot/Context.lua","212"
"addon.Services.Loot._Context.ProjectLootWindowBossContext","Internal","addon.Services.Loot._Context","ProjectLootWindowBossContext",".","PascalCase","ProjectLootWindowBossContext","Internal","True","True","False","1","Services","!KRT/Services/Loot/Context.lua","194"
"addon.Services.Loot._Context.ResolveRaidRecord","Internal","addon.Services.Loot._Context","ResolveRaidRecord",".","PascalCase","ResolveRaidRecord","Internal","True","True","False","1","Services","!KRT/Services/Loot/Context.lua","235"
"addon.Services.Loot._DistributionSession.Clear","Internal","addon.Services.Loot._DistributionSession","Clear",".","PascalCase","Clear","Internal","True","True","False","1","Services","!KRT/Services/Loot/DistributionSession.lua","419"
"addon.Services.Loot._DistributionSession.GetDisplayModel","Internal","addon.Services.Loot._DistributionSession","GetDisplayModel",".","PascalCase","GetDisplayModel","Internal","True","True","False","1","Services","!KRT/Services/Loot/DistributionSession.lua","545"
"addon.Services.Loot._DistributionSession.GetPrefix","Internal","addon.Services.Loot._DistributionSession","GetPrefix",".","PascalCase","GetPrefix","Internal","True","True","False","1","Services","!KRT/Services/Loot/DistributionSession.lua","415"
"addon.Services.Loot._DistributionSession.PublishItem","Internal","addon.Services.Loot._DistributionSession","PublishItem",".","PascalCase","PublishItem","Internal","True","True","False","1","Services","!KRT/Services/Loot/DistributionSession.lua","428"
"addon.Services.Loot._DistributionSession.PublishItemDone","Internal","addon.Services.Loot._DistributionSession","PublishItemDone",".","PascalCase","PublishItemDone","Internal","True","True","False","1","Services","!KRT/Services/Loot/DistributionSession.lua","499"
"addon.Services.Loot._DistributionSession.PublishRollEnd","Internal","addon.Services.Loot._DistributionSession","PublishRollEnd",".","PascalCase","PublishRollEnd","Internal","True","True","False","1","Services","!KRT/Services/Loot/DistributionSession.lua","477"
"addon.Services.Loot._DistributionSession.PublishRollStart","Internal","addon.Services.Loot._DistributionSession","PublishRollStart",".","PascalCase","PublishRollStart","Internal","True","True","False","1","Services","!KRT/Services/Loot/DistributionSession.lua","456"
"addon.Services.Loot._DistributionSession.PublishWindowItems","Internal","addon.Services.Loot._DistributionSession","PublishWindowItems",".","PascalCase","PublishWindowItems","Internal","True","True","False","1","Services","!KRT/Services/Loot/DistributionSession.lua","442"
"addon.Services.Loot._DistributionSession.RequestMessageHandling","Internal","addon.Services.Loot._DistributionSession","RequestMessageHandling",".","PascalCase","RequestMessageHandling","Internal","True","True","False","1","Services","!KRT/Services/Loot/DistributionSession.lua","519"
"addon.Services.Loot._PassiveGroupLoot.AddGroupLootMessage","Internal","addon.Services.Loot._PassiveGroupLoot","AddGroupLootMessage",".","PascalCase","AddGroupLootMessage","Internal","True","True","False","1","Services","!KRT/Services/Loot/PassiveGroupLoot.lua","909"
"addon.Services.Loot._PassiveGroupLoot.AddPassiveLootRoll","Internal","addon.Services.Loot._PassiveGroupLoot","AddPassiveLootRoll",".","PascalCase","AddPassiveLootRoll","Internal","True","True","False","1","Services","!KRT/Services/Loot/PassiveGroupLoot.lua","797"
"addon.Services.Loot._PassiveGroupLoot.ConsumePassiveLootRollEntry","Internal","addon.Services.Loot._PassiveGroupLoot","ConsumePassiveLootRollEntry",".","PascalCase","ConsumePassiveLootRollEntry","Internal","True","True","False","1","Services","!KRT/Services/Loot/PassiveGroupLoot.lua","704"
"addon.Services.Loot._PassiveGroupLoot.GetPassiveLootRollEntry","Internal","addon.Services.Loot._PassiveGroupLoot","GetPassiveLootRollEntry",".","PascalCase","GetPassiveLootRollEntry","Internal","True","True","False","1","Services","!KRT/Services/Loot/PassiveGroupLoot.lua","669"
"addon.Services.Loot._PassiveGroupLoot.GetPassiveLootRollEntryByRollId","Internal","addon.Services.Loot._PassiveGroupLoot","GetPassiveLootRollEntryByRollId",".","PascalCase","GetPassiveLootRollEntryByRollId","Internal","True","True","False","1","Services","!KRT/Services/Loot/PassiveGroupLoot.lua","693"
"addon.Services.Loot._PassiveGroupLoot.GetPassiveLootRollItemKey","Internal","addon.Services.Loot._PassiveGroupLoot","GetPassiveLootRollItemKey",".","PascalCase","GetPassiveLootRollItemKey","Internal","True","True","False","1","Services","!KRT/Services/Loot/PassiveGroupLoot.lua","661"
"addon.Services.Loot._PassiveGroupLoot.HasLoggedPassiveLoot","Internal","addon.Services.Loot._PassiveGroupLoot","HasLoggedPassiveLoot",".","PascalCase","HasLoggedPassiveLoot","Internal","True","True","False","1","Services","!KRT/Services/Loot/PassiveGroupLoot.lua","753"
"addon.Services.Loot._PassiveGroupLoot.IsPassiveGroupLootMethod","Internal","addon.Services.Loot._PassiveGroupLoot","IsPassiveGroupLootMethod",".","PascalCase","IsPassiveGroupLootMethod","Internal","True","True","False","1","Services","!KRT/Services/Loot/PassiveGroupLoot.lua","656"
"addon.Services.Loot._PassiveGroupLoot.IsPassiveLootWinnerMessage","Internal","addon.Services.Loot._PassiveGroupLoot","IsPassiveLootWinnerMessage",".","PascalCase","IsPassiveLootWinnerMessage","Internal","True","True","False","1","Services","!KRT/Services/Loot/PassiveGroupLoot.lua","784"
"addon.Services.Loot._PassiveGroupLoot.ObserveGroupLootMessage","Internal","addon.Services.Loot._PassiveGroupLoot","ObserveGroupLootMessage",".","PascalCase","ObserveGroupLootMessage","Internal","True","True","False","1","Services","!KRT/Services/Loot/PassiveGroupLoot.lua","871"
"addon.Services.Loot._PassiveGroupLoot.ObserveGroupLootWinnerMessage","Internal","addon.Services.Loot._PassiveGroupLoot","ObserveGroupLootWinnerMessage",".","PascalCase","ObserveGroupLootWinnerMessage","Internal","True","True","False","1","Services","!KRT/Services/Loot/PassiveGroupLoot.lua","914"
"addon.Services.Loot._PassiveGroupLoot.ParseGroupLootWinner","Internal","addon.Services.Loot._PassiveGroupLoot","ParseGroupLootWinner",".","PascalCase","ParseGroupLootWinner","Internal","True","True","False","1","Services","!KRT/Services/Loot/PassiveGroupLoot.lua","780"
"addon.Services.Loot._PassiveGroupLoot.RememberLoggedPassiveLoot","Internal","addon.Services.Loot._PassiveGroupLoot","RememberLoggedPassiveLoot",".","PascalCase","RememberLoggedPassiveLoot","Internal","True","True","False","1","Services","!KRT/Services/Loot/PassiveGroupLoot.lua","720"
"addon.Services.Loot._PassiveGroupLoot.ResolvePassivePendingAwardContext","Internal","addon.Services.Loot._PassiveGroupLoot","ResolvePassivePendingAwardContext",".","PascalCase","ResolvePassivePendingAwardContext","Internal","True","True","False","1","Services","!KRT/Services/Loot/PassiveGroupLoot.lua","789"
"addon.Services.Loot._PendingAwards.Add","Internal","addon.Services.Loot._PendingAwards","Add",".","PascalCase","Add","Internal","True","True","False","1","Services","!KRT/Services/Loot/PendingAwards.lua","244"
"addon.Services.Loot._PendingAwards.IsMasterLootAwardFailureMessage","Internal","addon.Services.Loot._PendingAwards","IsMasterLootAwardFailureMessage",".","PascalCase","IsMasterLootAwardFailureMessage","Internal","True","True","False","1","Services","!KRT/Services/Loot/PendingAwards.lua","214"
"addon.Services.Loot._PendingAwards.Purge","Internal","addon.Services.Loot._PendingAwards","Purge",".","PascalCase","Purge","Internal","True","True","False","1","Services","!KRT/Services/Loot/PendingAwards.lua","354"
"addon.Services.Loot._PendingAwards.Refresh","Internal","addon.Services.Loot._PendingAwards","Refresh",".","PascalCase","Refresh","Internal","True","True","False","1","Services","!KRT/Services/Loot/PendingAwards.lua","314"
"addon.Services.Loot._PendingAwards.Remove","Internal","addon.Services.Loot._PendingAwards","Remove",".","PascalCase","Remove","Internal","True","True","False","1","Services","!KRT/Services/Loot/PendingAwards.lua","273"
"addon.Services.Loot._Rules:GetItemSuggestion","Internal","addon.Services.Loot._Rules","GetItemSuggestion",":","PascalCase","GetItemSuggestion","Internal","True","True","False","1","Services","!KRT/Services/Loot/Rules.lua","105"
"addon.Services.Loot._Sessions.PurgeExpired","Internal","addon.Services.Loot._Sessions","PurgeExpired",".","PascalCase","PurgeExpired","Internal","True","True","False","1","Services","!KRT/Services/Loot/State.lua","184"
"addon.Services.Loot._Sessions.Remember","Internal","addon.Services.Loot._Sessions","Remember",".","PascalCase","Remember","Internal","True","True","False","1","Services","!KRT/Services/Loot/State.lua","200"
"addon.Services.Loot._Sessions.Resolve","Internal","addon.Services.Loot._Sessions","Resolve",".","PascalCase","Resolve","Internal","True","True","False","1","Services","!KRT/Services/Loot/State.lua","217"
"addon.Services.Loot._Snapshots.ClearActive","Internal","addon.Services.Loot._Snapshots","ClearActive",".","PascalCase","ClearActive","Internal","True","True","False","1","Services","!KRT/Services/Loot/Snapshots.lua","215"
"addon.Services.Loot._Snapshots.ConsumeActive","Internal","addon.Services.Loot._Snapshots","ConsumeActive",".","PascalCase","ConsumeActive","Internal","True","True","False","1","Services","!KRT/Services/Loot/Snapshots.lua","324"
"addon.Services.Loot._Snapshots.Create","Internal","addon.Services.Loot._Snapshots","Create",".","PascalCase","Create","Internal","True","True","False","1","Services","!KRT/Services/Loot/Snapshots.lua","248"
"addon.Services.Loot._Snapshots.FindMatching","Internal","addon.Services.Loot._Snapshots","FindMatching",".","PascalCase","FindMatching","Internal","True","True","False","1","Services","!KRT/Services/Loot/Snapshots.lua","294"
"addon.Services.Loot._Snapshots.MarkActive","Internal","addon.Services.Loot._Snapshots","MarkActive",".","PascalCase","MarkActive","Internal","True","True","False","1","Services","!KRT/Services/Loot/Snapshots.lua","275"
"addon.Services.Loot._Snapshots.PurgeExpired","Internal","addon.Services.Loot._Snapshots","PurgeExpired",".","PascalCase","PurgeExpired","Internal","True","True","False","1","Services","!KRT/Services/Loot/Snapshots.lua","220"
"addon.Services.Loot._State.ClearSource","Internal","addon.Services.Loot._State","ClearSource",".","PascalCase","ClearSource","Internal","True","True","False","1","Services","!KRT/Services/Loot/State.lua","123"
"addon.Services.Loot._State.ClearWindow","Internal","addon.Services.Loot._State","ClearWindow",".","PascalCase","ClearWindow","Internal","True","True","False","1","Services","!KRT/Services/Loot/State.lua","109"
"addon.Services.Loot._State.EnsureState","Internal","addon.Services.Loot._State","EnsureState",".","PascalCase","EnsureState","Internal","True","True","False","1","Services","!KRT/Services/Loot/State.lua","47"
"addon.Services.Loot._State.GetBossEvent","Internal","addon.Services.Loot._State","GetBossEvent",".","PascalCase","GetBossEvent","Internal","True","True","False","1","Services","!KRT/Services/Loot/State.lua","100"
"addon.Services.Loot._State.GetSource","Internal","addon.Services.Loot._State","GetSource",".","PascalCase","GetSource","Internal","True","True","False","1","Services","!KRT/Services/Loot/State.lua","118"
"addon.Services.Loot._State.GetWindow","Internal","addon.Services.Loot._State","GetWindow",".","PascalCase","GetWindow","Internal","True","True","False","1","Services","!KRT/Services/Loot/State.lua","104"
"addon.Services.Loot._State.Reset","Internal","addon.Services.Loot._State","Reset",".","PascalCase","Reset","Internal","True","True","False","1","Services","!KRT/Services/Loot/State.lua","142"
"addon.Services.Loot._State.ResolveExpiry","Internal","addon.Services.Loot._State","ResolveExpiry",".","PascalCase","ResolveExpiry","Internal","True","True","False","1","Services","!KRT/Services/Loot/State.lua","132"
"addon.Services.Loot._State.SetActive","Internal","addon.Services.Loot._State","SetActive",".","PascalCase","SetActive","Internal","True","True","False","1","Services","!KRT/Services/Loot/State.lua","82"
"addon.Services.Loot._State.SetField","Internal","addon.Services.Loot._State","SetField",".","PascalCase","SetField","Internal","True","True","False","1","Services","!KRT/Services/Loot/State.lua","57"
"addon.Services.Loot._State.SyncActive","Internal","addon.Services.Loot._State","SyncActive",".","PascalCase","SyncActive","Internal","True","True","False","1","Services","!KRT/Services/Loot/State.lua","94"
"addon.Services.Loot._State.SyncField","Internal","addon.Services.Loot._State","SyncField",".","PascalCase","SyncField","Internal","True","True","False","1","Services","!KRT/Services/Loot/State.lua","65"
"addon.Services.Loot._State.SyncRuntimeState","Internal","addon.Services.Loot._State","SyncRuntimeState",".","PascalCase","SyncRuntimeState","Internal","True","True","False","1","Services","!KRT/Services/Loot/State.lua","153"
"addon.Services.Loot._Tracking.GetSnapshot","Internal","addon.Services.Loot._Tracking","GetSnapshot",".","PascalCase","GetSnapshot","Internal","True","True","False","1","Services","!KRT/Services/Loot/Tracking.lua","297"
"addon.Services.Loot.FindLootSlotIndex","Public","addon.Services.Loot","FindLootSlotIndex",".","PascalCase","Find","Query","True","True","False","1","Services","!KRT/Services/Loot/Service.lua","1763"
"addon.Services.Loot.FindTradeableInventoryItem","Public","addon.Services.Loot","FindTradeableInventoryItem",".","PascalCase","Find","Query","True","True","False","1","Services","!KRT/Services/Loot/Service.lua","1780"
"addon.Services.Loot.FindTradeableInventoryMatch","Public","addon.Services.Loot","FindTradeableInventoryMatch",".","PascalCase","Find","Query","True","True","False","1","Services","!KRT/Services/Loot/Service.lua","1768"
"addon.Services.Raid:AddAttendanceDelta","Public","addon.Services.Raid","AddAttendanceDelta",":","PascalCase","Add","Mutation","True","True","False","1","Services","!KRT/Services/Raid/Attendance.lua","193"
"addon.Services.Raid:AddBoss","Public","addon.Services.Raid","AddBoss",":","PascalCase","Add","Mutation","True","True","False","1","Services","!KRT/Services/Raid/State.lua","1495"
"addon.Services.Raid:AddPlayer","Public","addon.Services.Raid","AddPlayer",":","PascalCase","Add","Mutation","True","True","False","1","Services","!KRT/Services/Raid/State.lua","1449"
"addon.Services.Raid:AddPlayerCountForRollType","Public","addon.Services.Raid","AddPlayerCountForRollType",":","PascalCase","Add","Mutation","True","True","False","1","Services","!KRT/Services/Raid/Counts.lua","209"
"addon.Services.Raid:AddPlayerLootCount","Public","addon.Services.Raid","AddPlayerLootCount",":","PascalCase","Add","Mutation","True","True","False","1","Services","!KRT/Services/Raid/Counts.lua","169"
"addon.Services.Raid:AddPlayerLootCountByNid","Public","addon.Services.Raid","AddPlayerLootCountByNid",":","PascalCase","Add","Mutation","True","True","False","1","Services","!KRT/Services/Raid/Counts.lua","149"
"addon.Services.Raid:BuildRaidChangesAnnouncement","Public","addon.Services.Raid","BuildRaidChangesAnnouncement",":","PascalCase","Build","Unclassified","True","False","False","1","Services","!KRT/Services/Raid/Session.lua","280"
"addon.Services.Raid:BuildRaidChangesDemandText","Public","addon.Services.Raid","BuildRaidChangesDemandText",":","PascalCase","Build","Unclassified","True","False","False","1","Services","!KRT/Services/Raid/Session.lua","276"
"addon.Services.Raid:CanBroadcastChanges","Public","addon.Services.Raid","CanBroadcastChanges",":","PascalCase","Can","Query","True","True","False","1","Services","!KRT/Services/Raid/Capabilities.lua","159"
"addon.Services.Raid:CancelInstanceChecks","Public","addon.Services.Raid","CancelInstanceChecks",":","PascalCase","Can","Query","True","True","False","1","Services","!KRT/Services/Raid/Session.lua","101"
"addon.Services.Raid:CanObservePassiveLoot","Public","addon.Services.Raid","CanObservePassiveLoot",":","PascalCase","Can","Query","True","True","False","1","Services","!KRT/Services/Raid/Capabilities.lua","151"
"addon.Services.Raid:CanResolveMasterLootCandidates","Public","addon.Services.Raid","CanResolveMasterLootCandidates",":","PascalCase","Can","Query","True","True","False","1","Services","!KRT/Services/Raid/State.lua","1145"
"addon.Services.Raid:CanUseCapability","Public","addon.Services.Raid","CanUseCapability",":","PascalCase","Can","Query","True","True","False","1","Services","!KRT/Services/Raid/Capabilities.lua","138"
"addon.Services.Raid:Check","Public","addon.Services.Raid","Check",":","PascalCase","Check","Unclassified","True","False","False","1","Services","!KRT/Services/Raid/Session.lua","122"
"addon.Services.Raid:CheckPlayer","Public","addon.Services.Raid","CheckPlayer",":","PascalCase","Check","Unclassified","True","False","False","1","Services","!KRT/Services/Raid/Roster.lua","556"
"addon.Services.Raid:ClearLootWindowBossContext","Public","addon.Services.Raid","ClearLootWindowBossContext",":","PascalCase","Clear","Unclassified","True","False","False","1","Services","!KRT/Services/Raid/State.lua","1261"
"addon.Services.Raid:ClearRaidChanges","Public","addon.Services.Raid","ClearRaidChanges",":","PascalCase","Clear","Unclassified","True","False","False","1","Services","!KRT/Services/Raid/Session.lua","261"
"addon.Services.Raid:ClearRaidIcons","Public","addon.Services.Raid","ClearRaidIcons",":","PascalCase","Clear","Unclassified","True","False","False","1","Services","!KRT/Services/Raid/Session.lua","203"
"addon.Services.Raid:COMBAT_LOG_EVENT_UNFILTERED","Public","addon.Services.Raid","COMBAT_LOG_EVENT_UNFILTERED",":","UPPER","COMBAT_LOG_EVENT_UNFILTERED","Event","True","True","False","1","Services","!KRT/Services/Raid/State.lua","1670"
"addon.Services.Raid:Create","Public","addon.Services.Raid","Create",":","PascalCase","Create","Unclassified","True","False","False","1","Services","!KRT/Services/Raid/State.lua","1267"
"addon.Services.Raid:DeleteRaidChange","Public","addon.Services.Raid","DeleteRaidChange",":","PascalCase","Delete","Mutation","True","True","False","1","Services","!KRT/Services/Raid/Session.lua","246"
"addon.Services.Raid:End","Public","addon.Services.Raid","End",":","PascalCase","End","Unclassified","True","False","False","1","Services","!KRT/Services/Raid/State.lua","1370"
"addon.Services.Raid:EnsureMasterOnlyAccess","Public","addon.Services.Raid","EnsureMasterOnlyAccess",":","PascalCase","Ensure","Lifecycle","True","True","False","1","Services","!KRT/Services/Raid/Capabilities.lua","143"
"addon.Services.Raid:EnsureRaidPlayerNid","Public","addon.Services.Raid","EnsureRaidPlayerNid",":","PascalCase","Ensure","Lifecycle","True","True","False","1","Services","!KRT/Services/Raid/State.lua","1150"
"addon.Services.Raid:EnsureStableIds","Public","addon.Services.Raid","EnsureStableIds",":","PascalCase","Ensure","Lifecycle","True","True","False","1","Services","!KRT/Services/Raid/State.lua","1361"
"addon.Services.Raid:Expired","Public","addon.Services.Raid","Expired",":","PascalCase","Expired","Unclassified","True","False","False","1","Services","!KRT/Services/Raid/State.lua","1628"
"addon.Services.Raid:FindAndRememberBossContextForLootSession","Public","addon.Services.Raid","FindAndRememberBossContextForLootSession",":","PascalCase","Find","Query","True","True","False","1","Services","!KRT/Services/Raid/State.lua","1154"
"addon.Services.Raid:FindMasterLootCandidateIndex","Public","addon.Services.Raid","FindMasterLootCandidateIndex",":","PascalCase","Find","Query","True","True","False","1","Services","!KRT/Services/Raid/State.lua","1132"
"addon.Services.Raid:FindOrCreateBossNidForLoot","Public","addon.Services.Raid","FindOrCreateBossNidForLoot",":","PascalCase","Find","Query","True","True","False","1","Services","!KRT/Services/Raid/State.lua","1233"
"addon.Services.Raid:FirstCheck","Public","addon.Services.Raid","FirstCheck",":","PascalCase","First","Unclassified","True","False","False","1","Services","!KRT/Services/Raid/State.lua","1412"
"addon.Services.Raid:GetActiveLootSource","Public","addon.Services.Raid","GetActiveLootSource",":","PascalCase","Get","Query","True","True","False","1","Services","!KRT/Services/Raid/State.lua","1212"
"addon.Services.Raid:GetAttendanceEntry","Public","addon.Services.Raid","GetAttendanceEntry",":","PascalCase","Get","Query","True","True","False","1","Services","!KRT/Services/Raid/Attendance.lua","169"
"addon.Services.Raid:GetAttendanceSegments","Public","addon.Services.Raid","GetAttendanceSegments",":","PascalCase","Get","Query","True","True","False","1","Services","!KRT/Services/Raid/Attendance.lua","185"
"addon.Services.Raid:GetBossByNid","Public","addon.Services.Raid","GetBossByNid",":","PascalCase","Get","Query","True","True","False","1","Services","!KRT/Services/Raid/Session.lua","152"
"addon.Services.Raid:GetBosses","Public","addon.Services.Raid","GetBosses",":","PascalCase","Get","Query","True","True","False","1","Services","!KRT/Services/Raid/Session.lua","176"
"addon.Services.Raid:GetCapabilityState","Public","addon.Services.Raid","GetCapabilityState",":","PascalCase","Get","Query","True","True","False","1","Services","!KRT/Services/Raid/Capabilities.lua","94"
"addon.Services.Raid:GetHeldLootNid","Public","addon.Services.Raid","GetHeldLootNid",":","PascalCase","Get","Query","True","True","False","1","Services","!KRT/Services/Raid/LootRecords.lua","174"
"addon.Services.Raid:GetLoot","Public","addon.Services.Raid","GetLoot",":","PascalCase","Get","Query","True","True","False","1","Services","!KRT/Services/Raid/State.lua","1646"
"addon.Services.Raid:GetLootByNid","Public","addon.Services.Raid","GetLootByNid",":","PascalCase","Get","Query","True","True","False","1","Services","!KRT/Services/Raid/LootRecords.lua","73"
"addon.Services.Raid:GetLootCounterRows","Public","addon.Services.Raid","GetLootCounterRows",":","PascalCase","Get","Query","True","True","False","1","Services","!KRT/Services/Raid/Counts.lua","81"
"addon.Services.Raid:GetLootID","Public","addon.Services.Raid","GetLootID",":","PascalCase","Get","Query","True","True","False","1","Services","!KRT/Services/Raid/LootRecords.lua","97"
"addon.Services.Raid:GetLootNidByRollSessionId","Public","addon.Services.Raid","GetLootNidByRollSessionId",":","PascalCase","Get","Query","True","True","False","1","Services","!KRT/Services/Raid/LootRecords.lua","202"
"addon.Services.Raid:GetNumRaid","Public","addon.Services.Raid","GetNumRaid",":","PascalCase","Get","Query","True","True","False","1","Services","!KRT/Services/Raid/Roster.lua","223"
"addon.Services.Raid:GetPlayerClass","Public","addon.Services.Raid","GetPlayerClass",":","PascalCase","Get","Query","True","True","False","1","Services","!KRT/Services/Raid/Roster.lua","656"
"addon.Services.Raid:GetPlayerCount","Public","addon.Services.Raid","GetPlayerCount",":","PascalCase","Get","Query","True","True","False","1","Services","!KRT/Services/Raid/Counts.lua","217"
"addon.Services.Raid:GetPlayerID","Public","addon.Services.Raid","GetPlayerID",":","PascalCase","Get","Query","True","True","False","1","Services","!KRT/Services/Raid/Roster.lua","575"
"addon.Services.Raid:GetPlayerLoot","Public","addon.Services.Raid","GetPlayerLoot",":","PascalCase","Get","Query","True","True","False","1","Services","!KRT/Services/Raid/Roster.lua","612"
"addon.Services.Raid:GetPlayerLootCountByNid","Public","addon.Services.Raid","GetPlayerLootCountByNid",":","PascalCase","Get","Query","True","True","False","1","Services","!KRT/Services/Raid/Counts.lua","119"
"addon.Services.Raid:GetPlayerName","Public","addon.Services.Raid","GetPlayerName",":","PascalCase","Get","Query","True","True","False","1","Services","!KRT/Services/Raid/Roster.lua","593"
"addon.Services.Raid:GetPlayerRank","Public","addon.Services.Raid","GetPlayerRank",":","PascalCase","Get","Query","True","True","False","1","Services","!KRT/Services/Raid/Roster.lua","633"
"addon.Services.Raid:GetPlayerRoleState","Public","addon.Services.Raid","GetPlayerRoleState",":","PascalCase","Get","Query","True","True","False","1","Services","!KRT/Services/Raid/Capabilities.lua","78"
"addon.Services.Raid:GetPlayers","Public","addon.Services.Raid","GetPlayers",":","PascalCase","Get","Query","True","True","False","1","Services","!KRT/Services/Raid/Roster.lua","667"
"addon.Services.Raid:GetRaid","Public","addon.Services.Raid","GetRaid",":","PascalCase","Get","Query","True","True","False","1","Services","!KRT/Services/Raid/Session.lua","79"
"addon.Services.Raid:GetRaidChanges","Public","addon.Services.Raid","GetRaidChanges",":","PascalCase","Get","Query","True","True","False","1","Services","!KRT/Services/Raid/Session.lua","212"
"addon.Services.Raid:GetRaidSize","Public","addon.Services.Raid","GetRaidSize",":","PascalCase","Get","Query","True","True","False","1","Services","!KRT/Services/Raid/State.lua","1613"
"addon.Services.Raid:GetRosterVersion","Public","addon.Services.Raid","GetRosterVersion",":","PascalCase","Get","Query","True","True","False","1","Services","!KRT/Services/Raid/Roster.lua","219"
"addon.Services.Raid:GetUnitID","Public","addon.Services.Raid","GetUnitID",":","PascalCase","Get","Query","True","True","False","1","Services","!KRT/Services/Raid/Roster.lua","708"
"addon.Services.Raid:InvalidateRaidRuntime","Public","addon.Services.Raid","InvalidateRaidRuntime",":","PascalCase","Invalidate","Unclassified","True","False","False","1","Services","!KRT/Services/Raid/Session.lua","92"
"addon.Services.Raid:IsMasterLoot","Public","addon.Services.Raid","IsMasterLoot",":","PascalCase","Is","Query","True","True","False","1","Services","!KRT/Services/Raid/Capabilities.lua","55"
"addon.Services.Raid:IsMasterLooter","Public","addon.Services.Raid","IsMasterLooter",":","PascalCase","Is","Query","True","True","False","1","Services","!KRT/Services/Raid/Capabilities.lua","60"
"addon.Services.Raid:IsPlayerInRaid","Public","addon.Services.Raid","IsPlayerInRaid",":","PascalCase","Is","Query","True","True","False","1","Services","!KRT/Services/Raid/State.lua","1598"
"addon.Services.Raid:IsSyntheticPlayerActive","Public","addon.Services.Raid","IsSyntheticPlayerActive",":","PascalCase","Is","Query","True","True","False","1","Services","!KRT/Services/Raid/Roster.lua","263"
"addon.Services.Raid:MatchHeldInventoryLoot","Public","addon.Services.Raid","MatchHeldInventoryLoot",":","PascalCase","Match","Unclassified","True","False","False","1","Services","!KRT/Services/Raid/LootRecords.lua","129"
"addon.Services.Raid:RequestMasterLootCandidateRefresh","Public","addon.Services.Raid","RequestMasterLootCandidateRefresh",":","PascalCase","Request","Lifecycle","True","True","False","1","Services","!KRT/Services/Raid/State.lua","1128"
"addon.Services.Raid:ResolveHeldLootNid","Public","addon.Services.Raid","ResolveHeldLootNid",":","PascalCase","Resolve","Unclassified","True","False","False","1","Services","!KRT/Services/Raid/LootRecords.lua","153"
"addon.Services.Raid:ScheduleInstanceChecks","Public","addon.Services.Raid","ScheduleInstanceChecks",":","PascalCase","Schedule","Unclassified","True","False","False","1","Services","!KRT/Services/Raid/Session.lua","105"
"addon.Services.Raid:SetBossContextForLootSession","Public","addon.Services.Raid","SetBossContextForLootSession",":","PascalCase","Set","Mutation","True","True","False","1","Services","!KRT/Services/Raid/State.lua","1172"
"addon.Services.Raid:SetPlayerLootCountByNid","Public","addon.Services.Raid","SetPlayerLootCountByNid",":","PascalCase","Set","Mutation","True","True","False","1","Services","!KRT/Services/Raid/Counts.lua","128"
"addon.Services.Raid:UpdateRaidRoster","Public","addon.Services.Raid","UpdateRaidRoster",":","PascalCase","Update","Unclassified","True","False","False","1","Services","!KRT/Services/Raid/Roster.lua","451"
"addon.Services.Raid:UpsertRaidChange","Public","addon.Services.Raid","UpsertRaidChange",":","PascalCase","Upsert","Mutation","True","True","False","1","Services","!KRT/Services/Raid/Session.lua","231"
"addon.Services.Raid._ConsumeLootWindowItemContext","Internal","addon.Services.Raid","_ConsumeLootWindowItemContext",".","snake_or_mixed","_ConsumeLootWindowItemContext","Internal","False","True","True","1","Services","!KRT/Services/Raid/State.lua","1208"
"addon.Services.Raid._EnsureLootWindowItemContext","Internal","addon.Services.Raid","_EnsureLootWindowItemContext",".","snake_or_mixed","_EnsureLootWindowItemContext","Internal","False","True","True","1","Services","!KRT/Services/Raid/State.lua","1177"
"addon.Services.Reserves:ApplyImport","Public","addon.Services.Reserves","ApplyImport",":","PascalCase","Apply","Unclassified","True","False","False","1","Services","!KRT/Services/Reserves.lua","744"
"addon.Services.Reserves:DeleteSyncedReservesCache","Public","addon.Services.Reserves","DeleteSyncedReservesCache",":","PascalCase","Delete","Mutation","True","True","False","1","Services","!KRT/Services/Reserves.lua","1027"
"addon.Services.Reserves:FormatReservedPlayersLine","Public","addon.Services.Reserves","FormatReservedPlayersLine",":","PascalCase","Format","Unclassified","True","False","False","1","Services","!KRT/Services/Reserves.lua","980"
"addon.Services.Reserves:GetDisplayList","Public","addon.Services.Reserves","GetDisplayList",":","PascalCase","Get","Query","True","True","False","1","Services","!KRT/Services/Reserves.lua","992"
"addon.Services.Reserves:GetImportMode","Public","addon.Services.Reserves","GetImportMode",":","PascalCase","Get","Query","True","True","False","1","Services","!KRT/Services/Reserves.lua","635"
"addon.Services.Reserves:GetItemReserveContext","Public","addon.Services.Reserves","GetItemReserveContext",":","PascalCase","Get","Query","True","True","False","1","Services","!KRT/Services/Reserves.lua","949"
"addon.Services.Reserves:GetPlayerReserveEntries","Public","addon.Services.Reserves","GetPlayerReserveEntries",":","PascalCase","Get","Query","True","True","False","1","Services","!KRT/Services/Reserves.lua","617"
"addon.Services.Reserves:GetPlayersForItem","Public","addon.Services.Reserves","GetPlayersForItem",":","PascalCase","Get","Query","True","True","False","1","Services","!KRT/Services/Reserves.lua","973"
"addon.Services.Reserves:GetPlusForItem","Public","addon.Services.Reserves","GetPlusForItem",":","PascalCase","Get","Query","True","True","False","1","Services","!KRT/Services/Reserves.lua","932"
"addon.Services.Reserves:GetReadinessReport","Public","addon.Services.Reserves","GetReadinessReport",":","PascalCase","Get","Query","True","True","False","1","Services","!KRT/Services/Reserves.lua","953"
"addon.Services.Reserves:GetReserve","Public","addon.Services.Reserves","GetReserve",":","PascalCase","Get","Query","True","True","False","1","Services","!KRT/Services/Reserves.lua","598"
"addon.Services.Reserves:GetReserveCountForItem","Public","addon.Services.Reserves","GetReserveCountForItem",":","PascalCase","Get","Query","True","True","False","1","Services","!KRT/Services/Reserves.lua","892"
"addon.Services.Reserves:GetReserveEntryForItem","Public","addon.Services.Reserves","GetReserveEntryForItem",":","PascalCase","Get","Query","True","True","False","1","Services","!KRT/Services/Reserves.lua","901"
"addon.Services.Reserves:GetSyncMetadata","Public","addon.Services.Reserves","GetSyncMetadata",":","PascalCase","Get","Query","True","True","False","1","Services","!KRT/Services/Reserves.lua","996"
"addon.Services.Reserves:GetSyncPayload","Public","addon.Services.Reserves","GetSyncPayload",":","PascalCase","Get","Query","True","True","False","1","Services","!KRT/Services/Reserves.lua","1000"
"addon.Services.Reserves:HasCurrentRaidPlayersForItem","Public","addon.Services.Reserves","HasCurrentRaidPlayersForItem",":","PascalCase","Has","Unclassified","True","False","False","1","Services","!KRT/Services/Reserves.lua","945"
"addon.Services.Reserves:HasData","Public","addon.Services.Reserves","HasData",":","PascalCase","Has","Unclassified","True","False","False","1","Services","!KRT/Services/Reserves.lua","580"
"addon.Services.Reserves:HasItemReserves","Public","addon.Services.Reserves","HasItemReserves",":","PascalCase","Has","Unclassified","True","False","False","1","Services","!KRT/Services/Reserves.lua","588"
"addon.Services.Reserves:IsLocalDataAvailable","Public","addon.Services.Reserves","IsLocalDataAvailable",":","PascalCase","Is","Query","True","True","False","1","Services","!KRT/Services/Reserves.lua","584"
"addon.Services.Reserves:IsMultiReserve","Public","addon.Services.Reserves","IsMultiReserve",":","PascalCase","Is","Query","True","True","False","1","Services","!KRT/Services/Reserves.lua","679"
"addon.Services.Reserves:IsPlusSystem","Public","addon.Services.Reserves","IsPlusSystem",":","PascalCase","Is","Query","True","True","False","1","Services","!KRT/Services/Reserves.lua","675"
"addon.Services.Reserves:IsSourceCollapsed","Public","addon.Services.Reserves","IsSourceCollapsed",":","PascalCase","Is","Query","True","True","False","1","Services","!KRT/Services/Reserves.lua","1038"
"addon.Services.Reserves:Load","Public","addon.Services.Reserves","Load",":","PascalCase","Load","Unclassified","True","False","False","1","Services","!KRT/Services/Reserves.lua","546"
"addon.Services.Reserves:ParseImport","Public","addon.Services.Reserves","ParseImport",":","PascalCase","Parse","Unclassified","True","False","False","1","Services","!KRT/Services/Reserves.lua","740"
"addon.Services.Reserves:QueryItemInfo","Public","addon.Services.Reserves","QueryItemInfo",":","PascalCase","Query","Unclassified","True","False","False","1","Services","!KRT/Services/Reserves.lua","774"
"addon.Services.Reserves:QueryMissingItems","Public","addon.Services.Reserves","QueryMissingItems",":","PascalCase","Query","Unclassified","True","False","False","1","Services","!KRT/Services/Reserves.lua","829"
"addon.Services.Reserves:ResetSaved","Public","addon.Services.Reserves","ResetSaved",":","PascalCase","Reset","Unclassified","True","False","False","1","Services","!KRT/Services/Reserves.lua","563"
"addon.Services.Reserves:Save","Public","addon.Services.Reserves","Save",":","PascalCase","Save","Unclassified","True","False","False","1","Services","!KRT/Services/Reserves.lua","534"
"addon.Services.Reserves:SetImportMode","Public","addon.Services.Reserves","SetImportMode",":","PascalCase","Set","Mutation","True","True","False","1","Services","!KRT/Services/Reserves.lua","671"
"addon.Services.Reserves:SetSyncedReservesData","Public","addon.Services.Reserves","SetSyncedReservesData",":","PascalCase","Set","Mutation","True","True","False","1","Services","!KRT/Services/Reserves.lua","1004"
"addon.Services.Reserves:ToggleSourceCollapsed","Public","addon.Services.Reserves","ToggleSourceCollapsed",":","PascalCase","Toggle","Lifecycle","True","True","False","1","Services","!KRT/Services/Reserves.lua","1045"
"addon.Services.Reserves._Chat:RequestWhisperReply","Internal","addon.Services.Reserves._Chat","RequestWhisperReply",":","PascalCase","RequestWhisperReply","Internal","True","True","False","1","Services","!KRT/Services/Reserves/Chat.lua","131"
"addon.Services.Reserves._Display.GetDisplayList","Internal","addon.Services.Reserves._Display","GetDisplayList",".","PascalCase","GetDisplayList","Internal","True","True","False","1","Services","!KRT/Services/Reserves/Display.lua","1000"
"addon.Services.Reserves._Display.GetItemReserveContext","Internal","addon.Services.Reserves._Display","GetItemReserveContext",".","PascalCase","GetItemReserveContext","Internal","True","True","False","1","Services","!KRT/Services/Reserves/Display.lua","844"
"addon.Services.Reserves._Display.GetNameMatchReport","Internal","addon.Services.Reserves._Display","GetNameMatchReport",".","PascalCase","GetNameMatchReport","Internal","True","True","False","1","Services","!KRT/Services/Reserves/Display.lua","921"
"addon.Services.Reserves._Display.GetPlayersForItem","Internal","addon.Services.Reserves._Display","GetPlayersForItem",".","PascalCase","GetPlayersForItem","Internal","True","True","False","1","Services","!KRT/Services/Reserves/Display.lua","811"
"addon.Services.Reserves._Display.GetReadinessReport","Internal","addon.Services.Reserves._Display","GetReadinessReport",".","PascalCase","GetReadinessReport","Internal","True","True","False","1","Services","!KRT/Services/Reserves/Display.lua","979"
"addon.Services.Reserves._Display.GetRosterReserveMatchReport","Internal","addon.Services.Reserves._Display","GetRosterReserveMatchReport",".","PascalCase","GetRosterReserveMatchReport","Internal","True","True","False","1","Services","!KRT/Services/Reserves/Display.lua","893"
"addon.Services.Reserves._Display.HasCurrentRaidPlayersForItem","Internal","addon.Services.Reserves._Display","HasCurrentRaidPlayersForItem",".","PascalCase","HasCurrentRaidPlayersForItem","Internal","True","True","False","1","Services","!KRT/Services/Reserves/Display.lua","793"
"addon.Services.Reserves._Display.RebuildIndex","Internal","addon.Services.Reserves._Display","RebuildIndex",".","PascalCase","RebuildIndex","Internal","True","True","False","1","Services","!KRT/Services/Reserves/Display.lua","695"
"addon.Services.Reserves._Import.BuildParser","Internal","addon.Services.Reserves._Import","BuildParser",".","PascalCase","BuildParser","Internal","True","True","False","1","Services","!KRT/Services/Reserves/Import.lua","258"
"addon.Services.Reserves._Sync:EnsurePrefix","Internal","addon.Services.Reserves._Sync","EnsurePrefix",":","PascalCase","EnsurePrefix","Internal","True","True","False","1","Services","!KRT/Services/Reserves/Sync.lua","294"
"addon.Services.Reserves._Sync:GetPrefix","Internal","addon.Services.Reserves._Sync","GetPrefix",":","PascalCase","GetPrefix","Internal","True","True","False","1","Services","!KRT/Services/Reserves/Sync.lua","290"
"addon.Services.Reserves._Sync:RequestMessageHandling","Internal","addon.Services.Reserves._Sync","RequestMessageHandling",":","PascalCase","RequestMessageHandling","Internal","True","True","False","1","Services","!KRT/Services/Reserves/Sync.lua","312"
"addon.Services.Reserves._Sync:RequestMetadata","Internal","addon.Services.Reserves._Sync","RequestMetadata",":","PascalCase","RequestMetadata","Internal","True","True","False","1","Services","!KRT/Services/Reserves/Sync.lua","300"
"addon.Services.Rolls:BeginTieReroll","Public","addon.Services.Rolls","BeginTieReroll",":","PascalCase","Begin","Unclassified","True","False","False","1","Services","!KRT/Services/Rolls/Service.lua","532"
"addon.Services.Rolls:CHAT_MSG_SYSTEM","Public","addon.Services.Rolls","CHAT_MSG_SYSTEM",":","UPPER","CHAT_MSG_SYSTEM","Event","True","True","False","1","Services","!KRT/Services/Rolls/Service.lua","487"
"addon.Services.Rolls:ClearRolls","Public","addon.Services.Rolls","ClearRolls",":","PascalCase","Clear","Unclassified","True","False","False","1","Services","!KRT/Services/Rolls/Service.lua","524"
"addon.Services.Rolls:DidRoll","Public","addon.Services.Rolls","DidRoll",":","PascalCase","Did","Unclassified","True","False","False","1","Services","!KRT/Services/Rolls/Service.lua","516"
"addon.Services.Rolls:EnsureRollSession","Public","addon.Services.Rolls","EnsureRollSession",":","PascalCase","Ensure","Lifecycle","True","True","False","1","Services","!KRT/Services/Rolls/Service.lua","677"
"addon.Services.Rolls:FinalizeRollSession","Public","addon.Services.Rolls","FinalizeRollSession",":","PascalCase","Finalize","Unclassified","True","False","False","1","Services","!KRT/Services/Rolls/Service.lua","709"
"addon.Services.Rolls:GetCandidateEligibility","Public","addon.Services.Rolls","GetCandidateEligibility",":","PascalCase","Get","Query","True","True","False","1","Services","!KRT/Services/Rolls/Service.lua","618"
"addon.Services.Rolls:GetCurrentRollItemID","Public","addon.Services.Rolls","GetCurrentRollItemID",":","PascalCase","Get","Query","True","True","False","1","Services","!KRT/Services/Rolls/Service.lua","590"
"addon.Services.Rolls:GetDisplayedWinner","Public","addon.Services.Rolls","GetDisplayedWinner",":","PascalCase","Get","Query","True","True","False","1","Services","!KRT/Services/Rolls/Service.lua","689"
"addon.Services.Rolls:GetDisplayModel","Public","addon.Services.Rolls","GetDisplayModel",":","PascalCase","Get","Query","True","True","False","1","Services","!KRT/Services/Rolls/Service.lua","656"
"addon.Services.Rolls:GetResolvedWinner","Public","addon.Services.Rolls","GetResolvedWinner",":","PascalCase","Get","Query","True","True","False","1","Services","!KRT/Services/Rolls/Service.lua","685"
"addon.Services.Rolls:GetRolls","Public","addon.Services.Rolls","GetRolls",":","PascalCase","Get","Query","True","True","False","1","Services","!KRT/Services/Rolls/Service.lua","512"
"addon.Services.Rolls:GetRollSession","Public","addon.Services.Rolls","GetRollSession",":","PascalCase","Get","Query","True","True","False","1","Services","!KRT/Services/Rolls/Service.lua","660"
"addon.Services.Rolls:GetRollSessionItemKey","Public","addon.Services.Rolls","GetRollSessionItemKey",":","PascalCase","Get","Query","True","True","False","1","Services","!KRT/Services/Rolls/Service.lua","664"
"addon.Services.Rolls:GetUsedReserveCount","Public","addon.Services.Rolls","GetUsedReserveCount",":","PascalCase","Get","Query","True","True","False","1","Services","!KRT/Services/Rolls/Service.lua","650"
"addon.Services.Rolls:HighestRoll","Public","addon.Services.Rolls","HighestRoll",":","PascalCase","Highest","Unclassified","True","False","False","1","Services","!KRT/Services/Rolls/Service.lua","520"
"addon.Services.Rolls:IsCountdownRunning","Public","addon.Services.Rolls","IsCountdownRunning",":","PascalCase","Is","Query","True","True","False","1","Services","!KRT/Services/Rolls/Service.lua","705"
"addon.Services.Rolls:IsManuallyExcluded","Public","addon.Services.Rolls","IsManuallyExcluded",":","PascalCase","Is","Query","True","True","False","1","Services","!KRT/Services/Rolls/Service.lua","640"
"addon.Services.Rolls:IsReserved","Public","addon.Services.Rolls","IsReserved",":","PascalCase","Is","Query","True","True","False","1","Services","!KRT/Services/Rolls/Service.lua","645"
"addon.Services.Rolls:PlayerCancel","Public","addon.Services.Rolls","PlayerCancel",":","PascalCase","Player","Unclassified","True","False","False","1","Services","!KRT/Services/Rolls/Service.lua","445"
"addon.Services.Rolls:PlayerPass","Public","addon.Services.Rolls","PlayerPass",":","PascalCase","Player","Unclassified","True","False","False","1","Services","!KRT/Services/Rolls/Service.lua","441"
"addon.Services.Rolls:RecordRolls","Public","addon.Services.Rolls","RecordRolls",":","PascalCase","Record","Unclassified","True","False","False","1","Services","!KRT/Services/Rolls/Service.lua","456"
"addon.Services.Rolls:Roll","Public","addon.Services.Rolls","Roll",":","PascalCase","Roll","Unclassified","True","False","False","1","Services","!KRT/Services/Rolls/Service.lua","415"
"addon.Services.Rolls:RollStatus","Public","addon.Services.Rolls","RollStatus",":","PascalCase","Roll","Unclassified","True","False","False","1","Services","!KRT/Services/Rolls/Service.lua","449"
"addon.Services.Rolls:SetExpectedWinners","Public","addon.Services.Rolls","SetExpectedWinners",":","PascalCase","Set","Mutation","True","True","False","1","Services","!KRT/Services/Rolls/Service.lua","668"
"addon.Services.Rolls:SetManualExclusion","Public","addon.Services.Rolls","SetManualExclusion",":","PascalCase","Set","Mutation","True","True","False","1","Services","!KRT/Services/Rolls/Service.lua","626"
"addon.Services.Rolls:ShouldUseTieReroll","Public","addon.Services.Rolls","ShouldUseTieReroll",":","PascalCase","Should","Unclassified","True","False","False","1","Services","!KRT/Services/Rolls/Service.lua","693"
"addon.Services.Rolls:StartCountdown","Public","addon.Services.Rolls","StartCountdown",":","PascalCase","Start","Unclassified","True","False","False","1","Services","!KRT/Services/Rolls/Service.lua","701"
"addon.Services.Rolls:StopCountdown","Public","addon.Services.Rolls","StopCountdown",":","PascalCase","Stop","Unclassified","True","False","False","1","Services","!KRT/Services/Rolls/Service.lua","697"
"addon.Services.Rolls:SubmitDebugRoll","Public","addon.Services.Rolls","SubmitDebugRoll",":","PascalCase","Submit","Unclassified","True","False","False","1","Services","!KRT/Services/Rolls/Service.lua","498"
"addon.Services.Rolls:SyncSessionState","Public","addon.Services.Rolls","SyncSessionState",":","PascalCase","Sync","Unclassified","True","False","False","1","Services","!KRT/Services/Rolls/Service.lua","681"
"addon.Services.Rolls:ValidateWinner","Public","addon.Services.Rolls","ValidateWinner",":","PascalCase","Validate","Unclassified","True","False","False","1","Services","!KRT/Services/Rolls/Service.lua","622"
"addon.Services.Rolls._Countdown.IsRunning","Internal","addon.Services.Rolls._Countdown","IsRunning",".","PascalCase","IsRunning","Internal","True","True","False","1","Services","!KRT/Services/Rolls/Countdown.lua","106"
"addon.Services.Rolls._Countdown.Start","Internal","addon.Services.Rolls._Countdown","Start",".","PascalCase","Start","Internal","True","True","False","1","Services","!KRT/Services/Rolls/Countdown.lua","56"
"addon.Services.Rolls._Countdown.Stop","Internal","addon.Services.Rolls._Countdown","Stop",".","PascalCase","Stop","Internal","True","True","False","1","Services","!KRT/Services/Rolls/Countdown.lua","43"
"addon.Services.Rolls._Display.BuildModel","Internal","addon.Services.Rolls._Display","BuildModel",".","PascalCase","BuildModel","Internal","True","True","False","1","Services","!KRT/Services/Rolls/Display.lua","89"
"addon.Services.Rolls._Display.GetDisplayedWinner","Internal","addon.Services.Rolls._Display","GetDisplayedWinner",".","PascalCase","GetDisplayedWinner","Internal","True","True","False","1","Services","!KRT/Services/Rolls/Display.lua","226"
"addon.Services.Rolls._Display.GetResolvedWinner","Internal","addon.Services.Rolls._Display","GetResolvedWinner",".","PascalCase","GetResolvedWinner","Internal","True","True","False","1","Services","!KRT/Services/Rolls/Display.lua","220"
"addon.Services.Rolls._Display.ShouldUseTieReroll","Internal","addon.Services.Rolls._Display","ShouldUseTieReroll",".","PascalCase","ShouldUseTieReroll","Internal","True","True","False","1","Services","!KRT/Services/Rolls/Display.lua","233"
"addon.Services.Rolls._History.AcquireItemTracker","Internal","addon.Services.Rolls._History","AcquireItemTracker",".","PascalCase","AcquireItemTracker","Internal","True","True","False","1","Services","!KRT/Services/Rolls/History.lua","85"
"addon.Services.Rolls._History.AddRoll","Internal","addon.Services.Rolls._History","AddRoll",".","PascalCase","AddRoll","Internal","True","True","False","1","Services","!KRT/Services/Rolls/History.lua","123"
"addon.Services.Rolls._History.ClearRollEntries","Internal","addon.Services.Rolls._History","ClearRollEntries",".","PascalCase","ClearRollEntries","Internal","True","True","False","1","Services","!KRT/Services/Rolls/History.lua","102"
"addon.Services.Rolls._History.DidRoll","Internal","addon.Services.Rolls._History","DidRoll",".","PascalCase","DidRoll","Internal","True","True","False","1","Services","!KRT/Services/Rolls/History.lua","153"
"addon.Services.Rolls._History.GetAllowedRolls","Internal","addon.Services.Rolls._History","GetAllowedRolls",".","PascalCase","GetAllowedRolls","Internal","True","True","False","1","Services","!KRT/Services/Rolls/History.lua","38"
"addon.Services.Rolls._History.GetLocalPlayerRollCount","Internal","addon.Services.Rolls._History","GetLocalPlayerRollCount",".","PascalCase","GetLocalPlayerRollCount","Internal","True","True","False","1","Services","!KRT/Services/Rolls/History.lua","50"
"addon.Services.Rolls._History.GetRolls","Internal","addon.Services.Rolls._History","GetRolls",".","PascalCase","GetRolls","Internal","True","True","False","1","Services","!KRT/Services/Rolls/History.lua","148"
"addon.Services.Rolls._History.GetUsedReserveCount","Internal","addon.Services.Rolls._History","GetUsedReserveCount",".","PascalCase","GetUsedReserveCount","Internal","True","True","False","1","Services","!KRT/Services/Rolls/History.lua","211"
"addon.Services.Rolls._History.HighestRoll","Internal","addon.Services.Rolls._History","HighestRoll",".","PascalCase","HighestRoll","Internal","True","True","False","1","Services","!KRT/Services/Rolls/History.lua","173"
"addon.Services.Rolls._History.IncrementLocalPlayerRollCount","Internal","addon.Services.Rolls._History","IncrementLocalPlayerRollCount",".","PascalCase","IncrementLocalPlayerRollCount","Internal","True","True","False","1","Services","!KRT/Services/Rolls/History.lua","59"
"addon.Services.Rolls._History.UpdateLocalRollState","Internal","addon.Services.Rolls._History","UpdateLocalRollState",".","PascalCase","UpdateLocalRollState","Internal","True","True","False","1","Services","!KRT/Services/Rolls/History.lua","69"
"addon.Services.Rolls._Resolution.BuildResolution","Internal","addon.Services.Rolls._Resolution","BuildResolution",".","PascalCase","BuildResolution","Internal","True","True","False","1","Services","!KRT/Services/Rolls/Resolution.lua","163"
"addon.Services.Rolls._Resolution.BuildResolvedEntries","Internal","addon.Services.Rolls._Resolution","BuildResolvedEntries",".","PascalCase","BuildResolvedEntries","Internal","True","True","False","1","Services","!KRT/Services/Rolls/Resolution.lua","110"
"addon.Services.Rolls._Resolution.BuildRowCounterText","Internal","addon.Services.Rolls._Resolution","BuildRowCounterText",".","PascalCase","BuildRowCounterText","Internal","True","True","False","1","Services","!KRT/Services/Rolls/Resolution.lua","228"
"addon.Services.Rolls._Resolution.BuildRowInfoText","Internal","addon.Services.Rolls._Resolution","BuildRowInfoText",".","PascalCase","BuildRowInfoText","Internal","True","True","False","1","Services","!KRT/Services/Rolls/Resolution.lua","258"
"addon.Services.Rolls._Resolution.BuildTieGroups","Internal","addon.Services.Rolls._Resolution","BuildTieGroups",".","PascalCase","BuildTieGroups","Internal","True","True","False","1","Services","!KRT/Services/Rolls/Resolution.lua","139"
"addon.Services.Rolls._Resolution.GetBucketPriority","Internal","addon.Services.Rolls._Resolution","GetBucketPriority",".","PascalCase","GetBucketPriority","Internal","True","True","False","1","Services","!KRT/Services/Rolls/Resolution.lua","64"
"addon.Services.Rolls._Resolution.GetDisplayTier","Internal","addon.Services.Rolls._Resolution","GetDisplayTier",".","PascalCase","GetDisplayTier","Internal","True","True","False","1","Services","!KRT/Services/Rolls/Resolution.lua","79"
"addon.Services.Rolls._Resolution.GetResponsePlus","Internal","addon.Services.Rolls._Resolution","GetResponsePlus",".","PascalCase","GetResponsePlus","Internal","True","True","False","1","Services","!KRT/Services/Rolls/Resolution.lua","103"
"addon.Services.Rolls._Responses.BuildCandidateEligibility","Internal","addon.Services.Rolls._Responses","BuildCandidateEligibility",".","PascalCase","BuildCandidateEligibility","Internal","True","True","False","1","Services","!KRT/Services/Rolls/Responses.lua","445"
"addon.Services.Rolls._Responses.ClearResponseState","Internal","addon.Services.Rolls._Responses","ClearResponseState",".","PascalCase","ClearResponseState","Internal","True","True","False","1","Services","!KRT/Services/Rolls/Responses.lua","413"
"addon.Services.Rolls._Responses.EnsureResponseSession","Internal","addon.Services.Rolls._Responses","EnsureResponseSession",".","PascalCase","EnsureResponseSession","Internal","True","True","False","1","Services","!KRT/Services/Rolls/Responses.lua","429"
"addon.Services.Rolls._Responses.FinalizeMaterializedResponses","Internal","addon.Services.Rolls._Responses","FinalizeMaterializedResponses",".","PascalCase","FinalizeMaterializedResponses","Internal","True","True","False","1","Services","!KRT/Services/Rolls/Responses.lua","621"
"addon.Services.Rolls._Responses.IsExplicitResponseStatus","Internal","addon.Services.Rolls._Responses","IsExplicitResponseStatus",".","PascalCase","IsExplicitResponseStatus","Internal","True","True","False","1","Services","!KRT/Services/Rolls/Responses.lua","405"
"addon.Services.Rolls._Responses.IsSelectableRollResponse","Internal","addon.Services.Rolls._Responses","IsSelectableRollResponse",".","PascalCase","IsSelectableRollResponse","Internal","True","True","False","1","Services","!KRT/Services/Rolls/Responses.lua","409"
"addon.Services.Rolls._Responses.PrepareResponseState","Internal","addon.Services.Rolls._Responses","PrepareResponseState",".","PascalCase","PrepareResponseState","Internal","True","True","False","1","Services","!KRT/Services/Rolls/Responses.lua","601"
"addon.Services.Rolls._Responses.RefreshMaterializedResponses","Internal","addon.Services.Rolls._Responses","RefreshMaterializedResponses",".","PascalCase","RefreshMaterializedResponses","Internal","True","True","False","1","Services","!KRT/Services/Rolls/Responses.lua","613"
"addon.Services.Rolls._Responses.SubmitExplicitResponse","Internal","addon.Services.Rolls._Responses","SubmitExplicitResponse",".","PascalCase","SubmitExplicitResponse","Internal","True","True","False","1","Services","!KRT/Services/Rolls/Responses.lua","637"
"addon.Services.Rolls._Responses.SubmitIncomingRoll","Internal","addon.Services.Rolls._Responses","SubmitIncomingRoll",".","PascalCase","SubmitIncomingRoll","Internal","True","True","False","1","Services","!KRT/Services/Rolls/Responses.lua","677"
"addon.Services.Rolls._Responses.SyncResponseEligibility","Internal","addon.Services.Rolls._Responses","SyncResponseEligibility",".","PascalCase","SyncResponseEligibility","Internal","True","True","False","1","Services","!KRT/Services/Rolls/Responses.lua","556"
"addon.Services.Rolls._Responses.ValidateWinner","Internal","addon.Services.Rolls._Responses","ValidateWinner",".","PascalCase","ValidateWinner","Internal","True","True","False","1","Services","!KRT/Services/Rolls/Responses.lua","736"
"addon.Services.Rolls._Sessions.AllocateRollSessionId","Internal","addon.Services.Rolls._Sessions","AllocateRollSessionId",".","PascalCase","AllocateRollSessionId","Internal","True","True","False","1","Services","!KRT/Services/Rolls/Sessions.lua","163"
"addon.Services.Rolls._Sessions.ClearTieRerollFilter","Internal","addon.Services.Rolls._Sessions","ClearTieRerollFilter",".","PascalCase","ClearTieRerollFilter","Internal","True","True","False","1","Services","!KRT/Services/Rolls/Sessions.lua","60"
"addon.Services.Rolls._Sessions.CloseRollSession","Internal","addon.Services.Rolls._Sessions","CloseRollSession",".","PascalCase","CloseRollSession","Internal","True","True","False","1","Services","!KRT/Services/Rolls/Sessions.lua","309"
"addon.Services.Rolls._Sessions.EnsureAdHocRollSession","Internal","addon.Services.Rolls._Sessions","EnsureAdHocRollSession",".","PascalCase","EnsureAdHocRollSession","Internal","True","True","False","1","Services","!KRT/Services/Rolls/Sessions.lua","212"
"addon.Services.Rolls._Sessions.EnsureRollSession","Internal","addon.Services.Rolls._Sessions","EnsureRollSession",".","PascalCase","EnsureRollSession","Internal","True","True","False","1","Services","!KRT/Services/Rolls/Sessions.lua","247"
"addon.Services.Rolls._Sessions.GetActiveRollType","Internal","addon.Services.Rolls._Sessions","GetActiveRollType",".","PascalCase","GetActiveRollType","Internal","True","True","False","1","Services","!KRT/Services/Rolls/Sessions.lua","120"
"addon.Services.Rolls._Sessions.GetCurrentItemLink","Internal","addon.Services.Rolls._Sessions","GetCurrentItemLink",".","PascalCase","GetCurrentItemLink","Internal","True","True","False","1","Services","!KRT/Services/Rolls/Sessions.lua","127"
"addon.Services.Rolls._Sessions.GetCurrentRollContext","Internal","addon.Services.Rolls._Sessions","GetCurrentRollContext",".","PascalCase","GetCurrentRollContext","Internal","True","True","False","1","Services","!KRT/Services/Rolls/Sessions.lua","348"
"addon.Services.Rolls._Sessions.GetExpectedWinnerCount","Internal","addon.Services.Rolls._Sessions","GetExpectedWinnerCount",".","PascalCase","GetExpectedWinnerCount","Internal","True","True","False","1","Services","!KRT/Services/Rolls/Sessions.lua","338"
"addon.Services.Rolls._Sessions.GetManualExclusionEntry","Internal","addon.Services.Rolls._Sessions","GetManualExclusionEntry",".","PascalCase","GetManualExclusionEntry","Internal","True","True","False","1","Services","!KRT/Services/Rolls/Sessions.lua","111"
"addon.Services.Rolls._Sessions.GetRollSession","Internal","addon.Services.Rolls._Sessions","GetRollSession",".","PascalCase","GetRollSession","Internal","True","True","False","1","Services","!KRT/Services/Rolls/Sessions.lua","47"
"addon.Services.Rolls._Sessions.GetRollSessionItemKey","Internal","addon.Services.Rolls._Sessions","GetRollSessionItemKey",".","PascalCase","GetRollSessionItemKey","Internal","True","True","False","1","Services","!KRT/Services/Rolls/Sessions.lua","174"
"addon.Services.Rolls._Sessions.GetSelectionTargetCount","Internal","addon.Services.Rolls._Sessions","GetSelectionTargetCount",".","PascalCase","GetSelectionTargetCount","Internal","True","True","False","1","Services","!KRT/Services/Rolls/Sessions.lua","319"
"addon.Services.Rolls._Sessions.IsTieRerollRestricted","Internal","addon.Services.Rolls._Sessions","IsTieRerollRestricted",".","PascalCase","IsTieRerollRestricted","Internal","True","True","False","1","Services","!KRT/Services/Rolls/Sessions.lua","98"
"addon.Services.Rolls._Sessions.NormalizeCandidateKey","Internal","addon.Services.Rolls._Sessions","NormalizeCandidateKey",".","PascalCase","NormalizeCandidateKey","Internal","True","True","False","1","Services","!KRT/Services/Rolls/Sessions.lua","43"
"addon.Services.Rolls._Sessions.NormalizeExpectedWinners","Internal","addon.Services.Rolls._Sessions","NormalizeExpectedWinners",".","PascalCase","NormalizeExpectedWinners","Internal","True","True","False","1","Services","!KRT/Services/Rolls/Sessions.lua","153"
"addon.Services.Rolls._Sessions.OpenRollSession","Internal","addon.Services.Rolls._Sessions","OpenRollSession",".","PascalCase","OpenRollSession","Internal","True","True","False","1","Services","!KRT/Services/Rolls/Sessions.lua","181"
"addon.Services.Rolls._Sessions.SetTieRerollFilter","Internal","addon.Services.Rolls._Sessions","SetTieRerollFilter",".","PascalCase","SetTieRerollFilter","Internal","True","True","False","1","Services","!KRT/Services/Rolls/Sessions.lua","65"
"addon.Services.Rolls._Sessions.SyncSessionState","Internal","addon.Services.Rolls._Sessions","SyncSessionState",".","PascalCase","SyncSessionState","Internal","True","True","False","1","Services","!KRT/Services/Rolls/Sessions.lua","139"
"addon.Services.Rolls._Sessions.UpdateSessionRollWindow","Internal","addon.Services.Rolls._Sessions","UpdateSessionRollWindow",".","PascalCase","UpdateSessionRollWindow","Internal","True","True","False","1","Services","!KRT/Services/Rolls/Sessions.lua","295"
"addon.Sort.CompareLootTie","Public","addon.Sort","CompareLootTie",".","PascalCase","Compare","Unclassified","True","False","False","1","Modules","!KRT/Modules/Sort.lua","61"
"addon.Sort.CompareNumbers","Public","addon.Sort","CompareNumbers",".","PascalCase","Compare","Unclassified","True","False","False","1","Modules","!KRT/Modules/Sort.lua","29"
"addon.Sort.CompareStrings","Public","addon.Sort","CompareStrings",".","PascalCase","Compare","Unclassified","True","False","False","1","Modules","!KRT/Modules/Sort.lua","42"
"addon.Sort.CompareValues","Public","addon.Sort","CompareValues",".","PascalCase","Compare","Unclassified","True","False","False","1","Modules","!KRT/Modules/Sort.lua","22"
"addon.Sort.GetLootSortName","Public","addon.Sort","GetLootSortName",".","PascalCase","Get","Query","True","True","False","1","Modules","!KRT/Modules/Sort.lua","46"
"addon.Strings.FindAchievement","Public","addon.Strings","FindAchievement",".","PascalCase","Find","Query","True","True","False","1","Modules","!KRT/Modules/Strings.lua","69"
"addon.Strings.FormatChatMessage","Public","addon.Strings","FormatChatMessage",".","PascalCase","Format","Unclassified","True","False","False","1","Modules","!KRT/Modules/Strings.lua","80"
"addon.Strings.GetNormalizedNameLower","Public","addon.Strings","GetNormalizedNameLower",".","PascalCase","Get","Query","True","True","False","1","Modules","!KRT/Modules/Strings.lua","65"
"addon.Strings.NormalizeLower","Public","addon.Strings","NormalizeLower",".","PascalCase","Normalize","Unclassified","True","False","False","1","Modules","!KRT/Modules/Strings.lua","57"
"addon.Strings.NormalizeName","Public","addon.Strings","NormalizeName",".","PascalCase","Normalize","Unclassified","True","False","False","1","Modules","!KRT/Modules/Strings.lua","49"
"addon.Strings.SplitArgs","Public","addon.Strings","SplitArgs",".","PascalCase","Split","Unclassified","True","False","False","1","Modules","!KRT/Modules/Strings.lua","89"
"addon.Strings.TrimText","Public","addon.Strings","TrimText",".","PascalCase","Trim","Unclassified","True","False","False","1","Modules","!KRT/Modules/Strings.lua","42"
"addon.Strings.UpperFirst","Public","addon.Strings","UpperFirst",".","PascalCase","Upper","Unclassified","True","False","False","1","Modules","!KRT/Modules/Strings.lua","34"
"addon.Time.GetCurrentTime","Public","addon.Time","GetCurrentTime",".","PascalCase","Get","Query","True","True","False","1","Modules","!KRT/Modules/Time.lua","27"
"addon.Time.GetDifficulty","Public","addon.Time","GetDifficulty",".","PascalCase","Get","Query","True","True","False","1","Modules","!KRT/Modules/Time.lua","18"
"addon.Timer.BindMixin","Public","addon.Timer","BindMixin",".","PascalCase","Bind","Lifecycle","True","True","False","1","Modules","!KRT/Modules/Timer.lua","175"
"addon.Timer.RefreshStats","Public","addon.Timer","RefreshStats",".","PascalCase","Refresh","Lifecycle","True","True","False","1","Modules","!KRT/Modules/Timer.lua","199"
"addon.Timer.ShowStats","Public","addon.Timer","ShowStats",".","PascalCase","Show","Lifecycle","True","True","False","1","Modules","!KRT/Modules/Timer.lua","233"
"addon.UI:Call","Public","addon.UI","Call",":","PascalCase","Call","Unclassified","True","False","False","1","Modules","!KRT/Modules/UI/Facade.lua","65"
"addon.UI:IsEnabled","Public","addon.UI","IsEnabled",":","PascalCase","Is","Query","True","True","False","1","Modules","!KRT/Modules/UI/Facade.lua","35"
"addon.UI:IsRegistered","Public","addon.UI","IsRegistered",":","PascalCase","Is","Query","True","True","False","1","Modules","!KRT/Modules/UI/Facade.lua","42"
"addon.UI:Register","Public","addon.UI","Register",":","PascalCase","Register","Unclassified","True","False","False","1","Modules","!KRT/Modules/UI/Facade.lua","50"
"addon.UIEffects.SetButtonGlow","Public","addon.UIEffects","SetButtonGlow",".","PascalCase","Set","Mutation","True","True","False","1","Modules","!KRT/Modules/UI/Effects.lua","562"
"addon.UIPrimitives.EnableDisable","Public","addon.UIPrimitives","EnableDisable",".","PascalCase","Enable","Unclassified","True","False","False","1","Modules","!KRT/Modules/UI/Visuals.lua","93"
"addon.UIPrimitives.EnableDisableNamedPart","Public","addon.UIPrimitives","EnableDisableNamedPart",".","PascalCase","Enable","Unclassified","True","False","False","1","Modules","!KRT/Modules/UI/Visuals.lua","242"
"addon.UIPrimitives.GetNamedFramePart","Public","addon.UIPrimitives","GetNamedFramePart",".","PascalCase","Get","Query","True","True","False","1","Modules","!KRT/Modules/UI/Visuals.lua","232"
"addon.UIPrimitives.GetNearestPixelSize","Public","addon.UIPrimitives","GetNearestPixelSize",".","PascalCase","Get","Query","True","True","False","1","Modules","!KRT/Modules/UI/Visuals.lua","163"
"addon.UIPrimitives.GetPixelToUIUnitFactor","Public","addon.UIPrimitives","GetPixelToUIUnitFactor",".","PascalCase","Get","Query","True","True","False","1","Modules","!KRT/Modules/UI/Visuals.lua","159"
"addon.UIPrimitives.SetButtonCount","Public","addon.UIPrimitives","SetButtonCount",".","PascalCase","Set","Mutation","True","True","False","1","Modules","!KRT/Modules/UI/Visuals.lua","137"
"addon.UIPrimitives.SetButtonGlow","Public","addon.UIPrimitives","SetButtonGlow",".","PascalCase","Set","Mutation","True","True","False","1","Modules","!KRT/Modules/UI/Visuals.lua","152"
"addon.UIPrimitives.SetPixelHeight","Public","addon.UIPrimitives","SetPixelHeight",".","PascalCase","Set","Mutation","True","True","False","1","Modules","!KRT/Modules/UI/Visuals.lua","195"
"addon.UIPrimitives.SetPixelPoint","Public","addon.UIPrimitives","SetPixelPoint",".","PascalCase","Set","Mutation","True","True","False","1","Modules","!KRT/Modules/UI/Visuals.lua","206"
"addon.UIPrimitives.SetPixelSize","Public","addon.UIPrimitives","SetPixelSize",".","PascalCase","Set","Mutation","True","True","False","1","Modules","!KRT/Modules/UI/Visuals.lua","201"
"addon.UIPrimitives.SetPixelWidth","Public","addon.UIPrimitives","SetPixelWidth",".","PascalCase","Set","Mutation","True","True","False","1","Modules","!KRT/Modules/UI/Visuals.lua","189"
"addon.UIPrimitives.SetText","Public","addon.UIPrimitives","SetText",".","PascalCase","Set","Mutation","True","True","False","1","Modules","!KRT/Modules/UI/Visuals.lua","221"
"addon.UIPrimitives.SetTextNamedPart","Public","addon.UIPrimitives","SetTextNamedPart",".","PascalCase","Set","Mutation","True","True","False","1","Modules","!KRT/Modules/UI/Visuals.lua","258"
"addon.UIPrimitives.ShowHide","Public","addon.UIPrimitives","ShowHide",".","PascalCase","Show","Lifecycle","True","True","False","1","Modules","!KRT/Modules/UI/Visuals.lua","115"
"addon.UIPrimitives.ShowHideNamedPart","Public","addon.UIPrimitives","ShowHideNamedPart",".","PascalCase","Show","Lifecycle","True","True","False","1","Modules","!KRT/Modules/UI/Visuals.lua","250"
"addon.UIPrimitives.Toggle","Public","addon.UIPrimitives","Toggle",".","PascalCase","Toggle","Lifecycle","True","True","False","1","Modules","!KRT/Modules/UI/Visuals.lua","104"
"addon.UIPrimitives.ToggleHighlight","Public","addon.UIPrimitives","ToggleHighlight",".","PascalCase","Toggle","Lifecycle","True","True","False","1","Modules","!KRT/Modules/UI/Visuals.lua","126"
"addon.UIPrimitives.UpdateModeTextNamedPart","Public","addon.UIPrimitives","UpdateModeTextNamedPart",".","PascalCase","Update","Unclassified","True","False","False","1","Modules","!KRT/Modules/UI/Visuals.lua","266"
"addon.UIRowVisuals.EnsureRowVisuals","Public","addon.UIRowVisuals","EnsureRowVisuals",".","PascalCase","Ensure","Lifecycle","True","True","False","1","Modules","!KRT/Modules/UI/Visuals.lua","274"
"addon.UIRowVisuals.SetRowFocused","Public","addon.UIRowVisuals","SetRowFocused",".","PascalCase","Set","Mutation","True","True","False","1","Modules","!KRT/Modules/UI/Visuals.lua","295"
"addon.UIRowVisuals.SetRowSelected","Public","addon.UIRowVisuals","SetRowSelected",".","PascalCase","Set","Mutation","True","True","False","1","Modules","!KRT/Modules/UI/Visuals.lua","278"
"addon.UIScaffold.BootstrapModuleUi","Public","addon.UIScaffold","BootstrapModuleUi",".","PascalCase","Bootstrap","Unclassified","True","False","False","1","Modules","!KRT/Modules/UI/Frames.lua","564"
"addon.UIScaffold.CreateListPanelScaffold","Public","addon.UIScaffold","CreateListPanelScaffold",".","PascalCase","Create","Unclassified","True","False","False","1","Modules","!KRT/Modules/UI/Frames.lua","767"
"addon.UIScaffold.DefineModuleUi","Public","addon.UIScaffold","DefineModuleUi",".","PascalCase","Define","Unclassified","True","False","False","1","Modules","!KRT/Modules/UI/Frames.lua","589"
"addon.UIScaffold.EnsureModuleUi","Public","addon.UIScaffold","EnsureModuleUi",".","PascalCase","Ensure","Lifecycle","True","True","False","1","Modules","!KRT/Modules/UI/Frames.lua","577"
"addon.UIScaffold.MakeStandardWidgetApi","Public","addon.UIScaffold","MakeStandardWidgetApi",".","PascalCase","Make","Unclassified","True","False","False","1","Modules","!KRT/Modules/UI/Frames.lua","741"
"addon.Widgets.Config:OnLoad","Public","addon.Widgets.Config","OnLoad",":","PascalCase","OnLoad","Lifecycle","True","True","False","1","Widgets","!KRT/Widgets/Config.lua","98"
"addon.Widgets.Config:Refresh","Public","addon.Widgets.Config","Refresh",":","PascalCase","Refresh","Lifecycle","True","True","False","1","Widgets","!KRT/Widgets/Config.lua","293"
"addon.Widgets.Config:RefreshUI","Public","addon.Widgets.Config","RefreshUI",":","PascalCase","RefreshUI","Lifecycle","True","True","False","1","Widgets","!KRT/Widgets/Config.lua","289"
"addon.Widgets.Config._ui.AcquireRefs","Internal","addon.Widgets.Config._ui","AcquireRefs",".","PascalCase","AcquireRefs","Internal","True","True","False","1","Widgets","!KRT/Widgets/Config.lua","69"
"addon.Widgets.Config._ui.Localize","Internal","addon.Widgets.Config._ui","Localize",".","PascalCase","Localize","Internal","True","True","False","1","Widgets","!KRT/Widgets/Config.lua","209"
"addon.Widgets.Config._ui.Refresh","Internal","addon.Widgets.Config._ui","Refresh",".","PascalCase","Refresh","Internal","True","True","False","1","Widgets","!KRT/Widgets/Config.lua","239"
"addon.Widgets.LootCounter:AnnounceCounts","Public","addon.Widgets.LootCounter","AnnounceCounts",":","PascalCase","Announce","Unclassified","True","False","False","1","Widgets","!KRT/Widgets/LootCounter.lua","509"
"addon.Widgets.LootCounter:AttachToMaster","Public","addon.Widgets.LootCounter","AttachToMaster",":","PascalCase","Attach","Unclassified","True","False","False","1","Widgets","!KRT/Widgets/LootCounter.lua","497"
"addon.Widgets.LootCounter:OnLoad","Public","addon.Widgets.LootCounter","OnLoad",":","PascalCase","OnLoad","Lifecycle","True","True","False","1","Widgets","!KRT/Widgets/LootCounter.lua","489"
"addon.Widgets.LootCounter:Refresh","Public","addon.Widgets.LootCounter","Refresh",":","PascalCase","Refresh","Lifecycle","True","True","False","1","Widgets","!KRT/Widgets/LootCounter.lua","693"
"addon.Widgets.LootCounter:RefreshUI","Public","addon.Widgets.LootCounter","RefreshUI",":","PascalCase","RefreshUI","Lifecycle","True","True","False","1","Widgets","!KRT/Widgets/LootCounter.lua","558"
"addon.Widgets.LootCounter:ResetAllCounts","Public","addon.Widgets.LootCounter","ResetAllCounts",":","PascalCase","Reset","Unclassified","True","False","False","1","Widgets","!KRT/Widgets/LootCounter.lua","522"
"addon.Widgets.LootCounter._ui.AcquireRefs","Internal","addon.Widgets.LootCounter._ui","AcquireRefs",".","PascalCase","AcquireRefs","Internal","True","True","False","1","Widgets","!KRT/Widgets/LootCounter.lua","103"
"addon.Widgets.LootCounter._ui.Localize","Internal","addon.Widgets.LootCounter._ui","Localize",".","PascalCase","Localize","Internal","True","True","False","1","Widgets","!KRT/Widgets/LootCounter.lua","255"
"addon.Widgets.ReservesUI:OnLoad","Public","addon.Widgets.ReservesUI","OnLoad",":","PascalCase","OnLoad","Lifecycle","True","True","False","1","Widgets","!KRT/Widgets/ReservesUI.lua","567"
"addon.Widgets.ReservesUI:Refresh","Public","addon.Widgets.ReservesUI","Refresh",":","PascalCase","Refresh","Lifecycle","True","True","False","1","Widgets","!KRT/Widgets/ReservesUI.lua","527"
"addon.Widgets.ReservesUI:RefreshUI","Public","addon.Widgets.ReservesUI","RefreshUI",":","PascalCase","RefreshUI","Lifecycle","True","True","False","1","Widgets","!KRT/Widgets/ReservesUI.lua","519"
"addon.Widgets.ReservesUI._ui.AcquireRefs","Internal","addon.Widgets.ReservesUI._ui","AcquireRefs",".","PascalCase","AcquireRefs","Internal","True","True","False","1","Widgets","!KRT/Widgets/ReservesUI.lua","63"
"addon.Widgets.ReservesUI._ui.Localize","Internal","addon.Widgets.ReservesUI._ui","Localize",".","PascalCase","Localize","Internal","True","True","False","1","Widgets","!KRT/Widgets/ReservesUI.lua","264"
"addon.Widgets.ReservesUI._ui.Refresh","Internal","addon.Widgets.ReservesUI._ui","Refresh",".","PascalCase","Refresh","Internal","True","True","False","1","Widgets","!KRT/Widgets/ReservesUI.lua","296"
"addon.Widgets.ReservesUI.Import:ImportFromEditBox","Public","addon.Widgets.ReservesUI.Import","ImportFromEditBox",":","PascalCase","Import","Unclassified","True","False","False","1","Widgets","!KRT/Widgets/ReservesUI.lua","906"
"addon.Widgets.ReservesUI.Import:OnLoad","Public","addon.Widgets.ReservesUI.Import","OnLoad",":","PascalCase","OnLoad","Lifecycle","True","True","False","1","Widgets","!KRT/Widgets/ReservesUI.lua","868"
"addon.Widgets.ReservesUI.Import:OnModeSliderChanged","Public","addon.Widgets.ReservesUI.Import","OnModeSliderChanged",":","PascalCase","On","Unclassified","True","False","False","1","Widgets","!KRT/Widgets/ReservesUI.lua","835"
"addon.Widgets.ReservesUI.Import:OnModeSliderLoad","Public","addon.Widgets.ReservesUI.Import","OnModeSliderLoad",":","PascalCase","On","Unclassified","True","False","False","1","Widgets","!KRT/Widgets/ReservesUI.lua","809"
"addon.Widgets.ReservesUI.Import:Refresh","Public","addon.Widgets.ReservesUI.Import","Refresh",":","PascalCase","Refresh","Lifecycle","True","True","False","1","Widgets","!KRT/Widgets/ReservesUI.lua","864"
"addon.Widgets.ReservesUI.Import:RefreshUI","Public","addon.Widgets.ReservesUI.Import","RefreshUI",":","PascalCase","RefreshUI","Lifecycle","True","True","False","1","Widgets","!KRT/Widgets/ReservesUI.lua","848"
"addon.Widgets.ReservesUI.Import:SetImportMode","Public","addon.Widgets.ReservesUI.Import","SetImportMode",":","PascalCase","Set","Mutation","True","True","False","1","Widgets","!KRT/Widgets/ReservesUI.lua","788"
"addon.Widgets.ReservesUI.Import._ui.AcquireRefs","Internal","addon.Widgets.ReservesUI.Import._ui","AcquireRefs",".","PascalCase","AcquireRefs","Internal","True","True","False","1","Widgets","!KRT/Widgets/ReservesUI.lua","642"
"addon.Widgets.ReservesUI.Import._ui.Localize","Internal","addon.Widgets.ReservesUI.Import._ui","Localize",".","PascalCase","Localize","Internal","True","True","False","1","Widgets","!KRT/Widgets/ReservesUI.lua","742"
