"Layer","File","LineStart","LineEnd","Function","Type","Exported","Owner","Calls","UsedBy","Cluster","Class","Action","Status"
"Controllers","!KRT/Controllers/Logger.lua","35","39","compareStrings","local_function","No","local","","","","structural-pattern","keep","new"
"Controllers","!KRT/Controllers/Logger.lua","40","161","compareLootTie","local_function","No","local","","","","structural-pattern","keep","new"
"Controllers","!KRT/Controllers/Logger.lua","162","167","setTextureColor","local_function","No","local","","","","name-collision","rename","new"
"Controllers","!KRT/Controllers/Logger.lua","168","204","ensureLoggerHeaderTab","local_function","No","local","","","","structural-pattern","keep","new"
"Controllers","!KRT/Controllers/Logger.lua","205","231","styleLoggerHeader","local_function","No","local","","","","structural-pattern","keep","new"
"Controllers","!KRT/Controllers/Logger.lua","232","255","styleLoggerPanel","local_function","No","local","","","","structural-pattern","keep","new"
"Controllers","!KRT/Controllers/Logger.lua","256","261","applyLoggerSkin","local_function","No","local","","","","structural-pattern","keep","new"
"Controllers","!KRT/Controllers/Logger.lua","262","284","styleLoggerRow","local_function","No","local","","","","structural-pattern","keep","new"
"Controllers","!KRT/Controllers/Logger.lua","285","329","setLoggerRowIndex","local_function","No","local","","","","structural-pattern","keep","new"
"Controllers","!KRT/Controllers/Logger.lua","330","357","triggerSelectionEvent","local_function","No","local","","","","structural-pattern","keep","new"
"Controllers","!KRT/Controllers/Logger.lua","358","363","setWidgetWidth","local_function","No","local","","","","structural-pattern","keep","new"
"Controllers","!KRT/Controllers/Logger.lua","364","368","setHeaderWidth","local_function","No","local","","","","structural-pattern","keep","new"
"Controllers","!KRT/Controllers/Logger.lua","369","379","positionLoggerHeader","local_function","No","local","","","","structural-pattern","keep","new"
"Controllers","!KRT/Controllers/Logger.lua","380","391","positionLoggerHeaderColumns","local_function","No","local","","","","structural-pattern","keep","new"
"Controllers","!KRT/Controllers/Logger.lua","392","410","getLoggerListContentWidth","local_function","No","local","","","","structural-pattern","keep","new"
"Controllers","!KRT/Controllers/Logger.lua","411","417","getLoggerListColumnBudget","local_function","No","local","","","","structural-pattern","keep","new"
"Controllers","!KRT/Controllers/Logger.lua","418","469","calculateLoggerColumnWidths","local_function","No","local","","","","structural-pattern","keep","new"
"Controllers","!KRT/Controllers/Logger.lua","470","474","getRaidColumnWidths","local_function","No","local","","","","structural-pattern","keep","new"
"Controllers","!KRT/Controllers/Logger.lua","475","479","getLootColumnWidths","local_function","No","local","","","","structural-pattern","keep","new"
"Controllers","!KRT/Controllers/Logger.lua","480","484","getAttendanceColumnWidths","local_function","No","local","","","","structural-pattern","keep","new"
"Controllers","!KRT/Controllers/Logger.lua","485","489","getBossColumnWidths","local_function","No","local","","","","structural-pattern","keep","new"
"Controllers","!KRT/Controllers/Logger.lua","490","502","applyRaidListColumnWidths","local_function","No","local","","","","structural-pattern","keep","new"
"Controllers","!KRT/Controllers/Logger.lua","503","513","applyRaidRowColumnWidths","local_function","No","local","","","","structural-pattern","keep","new"
"Controllers","!KRT/Controllers/Logger.lua","514","528","applyLootListColumnWidths","local_function","No","local","","","","structural-pattern","keep","new"
"Controllers","!KRT/Controllers/Logger.lua","529","541","applyLootRowColumnWidths","local_function","No","local","","","","structural-pattern","keep","new"
"Controllers","!KRT/Controllers/Logger.lua","542","553","applyAttendanceListColumnWidths","local_function","No","local","","","","structural-pattern","keep","new"
"Controllers","!KRT/Controllers/Logger.lua","554","563","applyAttendanceRowColumnWidths","local_function","No","local","","","","structural-pattern","keep","new"
"Controllers","!KRT/Controllers/Logger.lua","564","576","applyBossListColumnWidths","local_function","No","local","","","","structural-pattern","keep","new"
"Controllers","!KRT/Controllers/Logger.lua","577","587","applyBossRowColumnWidths","local_function","No","local","","","","structural-pattern","keep","new"
"Controllers","!KRT/Controllers/Logger.lua","588","607","bindRaidSortHeaders","local_function","No","local","","","","structural-pattern","keep","new"
"Controllers","!KRT/Controllers/Logger.lua","608","626","buildRaidListRow","local_function","No","local","","","","structural-pattern","keep","new"
"Controllers","!KRT/Controllers/Logger.lua","627","643","fillRaidListData","local_function","No","local","","","","structural-pattern","keep","new"
"Controllers","!KRT/Controllers/Logger.lua","644","647","getCountTitle","local_function","No","local","","","","structural-pattern","keep","new"
"Controllers","!KRT/Controllers/Logger.lua","648","658","getContextTitle","local_function","No","local","","","","structural-pattern","keep","new"
"Controllers","!KRT/Controllers/Logger.lua","659","662","getCountContextTitle","local_function","No","local","","","","structural-pattern","keep","new"
"Controllers","!KRT/Controllers/Logger.lua","663","686","getRaidContextLabel","local_function","No","local","","","","structural-pattern","keep","new"
"Controllers","!KRT/Controllers/Logger.lua","687","708","getBossContextLabel","local_function","No","local","","","","structural-pattern","keep","new"
"Controllers","!KRT/Controllers/Logger.lua","709","721","getPlayerContextLabel","local_function","No","local","","","","structural-pattern","keep","new"
"Controllers","!KRT/Controllers/Logger.lua","722","738","getLootPanelContextLabel","local_function","No","local","","","","structural-pattern","keep","new"
"Controllers","!KRT/Controllers/Logger.lua","739","748","getBossEmptyStateText","local_function","No","local","","","","structural-pattern","keep","new"
"Controllers","!KRT/Controllers/Logger.lua","749","761","getBossAttendeesEmptyStateText","local_function","No","local","","","","structural-pattern","keep","new"
"Controllers","!KRT/Controllers/Logger.lua","762","771","getRaidAttendeesEmptyStateText","local_function","No","local","","","","structural-pattern","keep","new"
"Controllers","!KRT/Controllers/Logger.lua","772","784","getLootEmptyStateText","local_function","No","local","","","","structural-pattern","keep","new"
"Controllers","!KRT/Controllers/Logger.lua","785","817","isValidRollValue","local_function","No","local","","","","structural-pattern","keep","new"
"Controllers","!KRT/Controllers/Logger.lua","818","832","UI.AcquireRefs","method_dot","Yes","UI","","","framework.hook","framework-hook","keep","new"
"Controllers","!KRT/Controllers/Logger.lua","833","849","ensureSubmoduleOnLoad","local_function","No","local","","","","structural-pattern","keep","new"
"Controllers","!KRT/Controllers/Logger.lua","850","856","clearSelection","local_function","No","local","","","","structural-pattern","keep","new"
"Controllers","!KRT/Controllers/Logger.lua","857","868","setFrameLabel","field_closure","Yes","local","","","","structural-pattern","keep","new"
"Controllers","!KRT/Controllers/Logger.lua","869","872","setPanelTitle","field_closure","Yes","local","","","","structural-pattern","keep","new"
"Controllers","!KRT/Controllers/Logger.lua","873","879","setFrameHint","field_closure","Yes","local","","","","structural-pattern","keep","new"
"Controllers","!KRT/Controllers/Logger.lua","880","886","getSelectedRaidRecord","field_closure","Yes","local","","","","structural-pattern","keep","new"
"Controllers","!KRT/Controllers/Logger.lua","887","897","applyFocusedMultiSelect","local_function","No","local","","","","structural-pattern","keep","new"
"Controllers","!KRT/Controllers/Logger.lua","898","944","setFocusFromSelected","local_function","No","local","","","","structural-pattern","keep","new"
"Controllers","!KRT/Controllers/Logger.lua","945","951","applyModuleFocusedMultiSelect","local_function","No","local","","","","structural-pattern","keep","new"
"Controllers","!KRT/Controllers/Logger.lua","952","954","getFocus","field_closure","Yes","local","","","","structural-pattern","keep","new"
"Controllers","!KRT/Controllers/Logger.lua","955","968","setFocus","field_closure","Yes","local","","","","structural-pattern","keep","new"
"Controllers","!KRT/Controllers/Logger.lua","969","1014","SetSelectedRaid","field_closure","Yes","local","","","","structural-pattern","keep","new"
"Controllers","!KRT/Controllers/Logger.lua","1015","1021","clearSelections","local_function","No","local","","","","structural-pattern","keep","new"
"Controllers","!KRT/Controllers/Logger.lua","1022","1028","setPanelVisible","local_function","No","local","","","","structural-pattern","keep","new"
"Controllers","!KRT/Controllers/Logger.lua","1029","1046","placePanel","local_function","No","local","","","","structural-pattern","keep","new"
"Controllers","!KRT/Controllers/Logger.lua","1047","1083","refreshLoggerTabLayout","local_function","No","local","","","","structural-pattern","keep","new"
"Controllers","!KRT/Controllers/Logger.lua","1084","1102","setActiveLoggerTab","local_function","No","local","","","","structural-pattern","keep","new"
"Controllers","!KRT/Controllers/Logger.lua","1103","1123","deleteSelectedAttendees","field_closure","Yes","local","","","","structural-pattern","keep","new"
"Controllers","!KRT/Controllers/Logger.lua","1124","1132","isLoggerViewingCurrentRaid","field_closure","Yes","local","","","","structural-pattern","keep","new"
"Controllers","!KRT/Controllers/Logger.lua","1133","1142","refreshRosterBoundLists","local_function","No","local","","","","structural-pattern","keep","new"
"Controllers","!KRT/Controllers/Logger.lua","1143","1157","requestRosterBoundListsRefresh","field_closure","Yes","local","","","","structural-pattern","keep","new"
"Controllers","!KRT/Controllers/Logger.lua","1158","1163","needRaid","field_closure","Yes","local","","","","structural-pattern","keep","new"
"Controllers","!KRT/Controllers/Logger.lua","1164","1175","needBoss","field_closure","Yes","local","","","","structural-pattern","keep","new"
"Controllers","!KRT/Controllers/Logger.lua","1176","1187","needLoot","field_closure","Yes","local","","","","structural-pattern","keep","new"
"Controllers","!KRT/Controllers/Logger.lua","1188","1198","runWithSelectedRaid","field_closure","Yes","local","","","","structural-pattern","keep","new"
"Controllers","!KRT/Controllers/Logger.lua","1199","1215","getExportFrameRefs","local_function","No","local","","","","structural-pattern","keep","new"
"Controllers","!KRT/Controllers/Logger.lua","1216","1236","setExportModeButtonState","local_function","No","local","","","","structural-pattern","keep","new"
"Controllers","!KRT/Controllers/Logger.lua","1237","1244","getExportContext","local_function","No","local","","","","structural-pattern","keep","new"
"Controllers","!KRT/Controllers/Logger.lua","1245","1276","setExportText","local_function","No","local","","","","structural-pattern","keep","new"
"Controllers","!KRT/Controllers/Logger.lua","1277","1304","adjustExportScrollBar","local_function","No","local","","","","structural-pattern","keep","new"
"Controllers","!KRT/Controllers/Logger.lua","1305","1331","refreshExportFrame","local_function","No","local","","","","structural-pattern","keep","new"
"Controllers","!KRT/Controllers/Logger.lua","1332","1382","bindExportFrame","local_function","No","local","","","","structural-pattern","keep","new"
"Controllers","!KRT/Controllers/Logger.lua","1383","1402","showLoggerExportFrame","field_closure","Yes","local","","","","structural-pattern","keep","new"
"Controllers","!KRT/Controllers/Logger.lua","1403","1406","resetSelections","field_closure","Yes","local","","","","structural-pattern","keep","new"
"Controllers","!KRT/Controllers/Logger.lua","1407","1409","loadLoggerFrame","local_function","No","local","","","","structural-pattern","keep","new"
"Controllers","!KRT/Controllers/Logger.lua","1410","1417","hookOnShow","field_closure","Yes","local","","","","structural-pattern","extract","new"
"Controllers","!KRT/Controllers/Logger.lua","1418","1429","hookOnHide","field_closure","Yes","local","","","","structural-pattern","extract","new"
"Controllers","!KRT/Controllers/Logger.lua","1430","1442","refreshLoggerFrame","local_function","No","local","","","","structural-pattern","keep","new"
"Controllers","!KRT/Controllers/Logger.lua","1443","1480","BindHandlers","local_function","No","local","","","framework.hook","framework-hook","keep","new"
"Controllers","!KRT/Controllers/Logger.lua","1481","1491","OnLoadFrame","local_function","No","local","","","framework.hook","framework-hook","keep","new"
"Controllers","!KRT/Controllers/Logger.lua","1492","1497","refresh","field_closure","Yes","local","","","framework.hook","framework-hook","keep","new"
"Controllers","!KRT/Controllers/Logger.lua","1498","1505","module._toggleLootHistoryView","field_closure","Yes","module","","","","structural-pattern","keep","new"
"Controllers","!KRT/Controllers/Logger.lua","1506","1534","selectRaid","field_closure","Yes","local","","","","structural-pattern","keep","new"
"Controllers","!KRT/Controllers/Logger.lua","1535","1537","mapSelectedToFocus","field_closure","Yes","local","","","","structural-pattern","keep","new"
"Controllers","!KRT/Controllers/Logger.lua","1538","1564","isClickedFocused","field_closure","Yes","local","","","","structural-pattern","keep","new"
"Controllers","!KRT/Controllers/Logger.lua","1565","1604","selectBoss","field_closure","Yes","local","","","","structural-pattern","keep","new"
"Controllers","!KRT/Controllers/Logger.lua","1605","1645","selectBossPlayer","field_closure","Yes","local","","","","structural-pattern","keep","new"
"Controllers","!KRT/Controllers/Logger.lua","1646","1707","selectPlayer","field_closure","Yes","local","","","","structural-pattern","keep","new"
"Controllers","!KRT/Controllers/Logger.lua","1708","1715","applySelectedLootRollType","local_function","No","local","","","","structural-pattern","keep","new"
"Controllers","!KRT/Controllers/Logger.lua","1716","1719","getItemMenuFrame","local_function","No","local","","","","structural-pattern","keep","new"
"Controllers","!KRT/Controllers/Logger.lua","1720","1750","ensureRollTypeInsertedFrame","local_function","No","local","","","","structural-pattern","keep","new"
"Controllers","!KRT/Controllers/Logger.lua","1751","1796","layoutRollTypeInsertedFrame","local_function","No","local","","","","structural-pattern","keep","new"
"Controllers","!KRT/Controllers/Logger.lua","1797","1814","ensureRollTypePopup","local_function","No","local","","","","structural-pattern","keep","new"
"Controllers","!KRT/Controllers/Logger.lua","1815","1824","OnShow","field_closure","Yes","local","","","framework.hook","framework-hook","keep","new"
"Controllers","!KRT/Controllers/Logger.lua","1825","1853","self.SetHeight","field_closure","Yes","self","","","","structural-pattern","keep","new"
"Controllers","!KRT/Controllers/Logger.lua","1854","1870","OnHide","field_closure","Yes","local","","","framework.hook","framework-hook","keep","new"
"Controllers","!KRT/Controllers/Logger.lua","1871","1887","openItemRollTypePopup","local_function","No","local","","","","structural-pattern","keep","new"
"Controllers","!KRT/Controllers/Logger.lua","1888","1894","openItemMenu","local_function","No","local","","","","structural-pattern","keep","new"
"Controllers","!KRT/Controllers/Logger.lua","1895","1906","func","field_closure","Yes","local","","","framework.hook","framework-hook","keep","new"
"Controllers","!KRT/Controllers/Logger.lua","1907","1913","func","field_closure","Yes","local","","","framework.hook","framework-hook","keep","new"
"Controllers","!KRT/Controllers/Logger.lua","1914","1955","selectItem","field_closure","Yes","local","","","","structural-pattern","extract","new"
"Controllers","!KRT/Controllers/Logger.lua","1956","1959","onLootRowEnter","field_closure","Yes","local","","","","structural-pattern","keep","new"
"Controllers","!KRT/Controllers/Logger.lua","1960","1963","onLootRowLeave","field_closure","Yes","local","","","","structural-pattern","keep","new"
"Controllers","!KRT/Controllers/Logger.lua","1964","1994","validateRollValue","local_function","No","local","","","","structural-pattern","keep","new"
"Controllers","!KRT/Controllers/Logger.lua","1995","2007","makeLoggerList","local_function","No","local","","","","structural-pattern","keep","new"
"Controllers","!KRT/Controllers/Logger.lua","2008","2017","cfg.drawRow","field_closure","Yes","cfg","","","framework.hook","framework-hook","keep","new"
"Controllers","!KRT/Controllers/Logger.lua","2018","2026","resolve","local_function","No","local","","","","name-collision","rename","new"
"Controllers","!KRT/Controllers/Logger.lua","2027","2029","cfg.highlightFn","field_closure","Yes","cfg","","","framework.hook","framework-hook","keep","new"
"Controllers","!KRT/Controllers/Logger.lua","2030","2032","cfg.highlightKey","field_closure","Yes","cfg","","","framework.hook","framework-hook","keep","new"
"Controllers","!KRT/Controllers/Logger.lua","2033","2037","cfg.highlightDebugInfo","field_closure","Yes","cfg","","","framework.hook","framework-hook","keep","new"
"Controllers","!KRT/Controllers/Logger.lua","2038","2043","cfg.highlightDebugInfo","field_closure","Yes","cfg","","","framework.hook","framework-hook","keep","new"
"Controllers","!KRT/Controllers/Logger.lua","2044","2064","cfg.focusKey","field_closure","Yes","cfg","","","","structural-pattern","keep","new"
"Controllers","!KRT/Controllers/Logger.lua","2065","2093","localize","field_closure","Yes","local","","","framework.hook","framework-hook","keep","new"
"Controllers","!KRT/Controllers/Logger.lua","2094","2097","getData","field_closure","Yes","local","","","framework.hook","framework-hook","keep","new"
"Controllers","!KRT/Controllers/Logger.lua","2098","2117","rowName","field_closure","Yes","local","","","framework.hook","framework-hook","keep","new"
"Controllers","!KRT/Controllers/Logger.lua","2118","2171","postUpdate","field_closure","Yes","local","","","framework.hook","framework-hook","keep","new"
"Controllers","!KRT/Controllers/Logger.lua","2172","2174","id","field_closure","Yes","local","","","","structural-pattern","extract","new"
"Controllers","!KRT/Controllers/Logger.lua","2175","2177","date","field_closure","Yes","local","","","","structural-pattern","extract","new"
"Controllers","!KRT/Controllers/Logger.lua","2178","2180","zone","field_closure","Yes","local","","","","structural-pattern","extract","new"
"Controllers","!KRT/Controllers/Logger.lua","2181","2188","size","field_closure","Yes","local","","","","structural-pattern","extract","new"
"Controllers","!KRT/Controllers/Logger.lua","2189","2197","transform","field_closure","Yes","local","","","","structural-pattern","extract","new"
"Controllers","!KRT/Controllers/Logger.lua","2198","2214","setCurrentRaidFromLogger","method_dot","Yes","local","","","","structural-pattern","keep","new"
"Controllers","!KRT/Controllers/Logger.lua","2215","2276","deleteRaids","local_function","No","local","","","","structural-pattern","keep","new"
"Controllers","!KRT/Controllers/Logger.lua","2277","2371","confirmDeleteSelectedRaids","method_dot","Yes","local","","","","structural-pattern","keep","new"
"Controllers","!KRT/Controllers/Logger.lua","2372","2416","localize","field_closure","Yes","local","","","framework.hook","framework-hook","keep","new"
"Controllers","!KRT/Controllers/Logger.lua","2417","2428","getData","field_closure","Yes","local","","","framework.hook","framework-hook","keep","new"
"Controllers","!KRT/Controllers/Logger.lua","2429","2452","rowName","field_closure","Yes","local","","","framework.hook","framework-hook","keep","new"
"Controllers","!KRT/Controllers/Logger.lua","2453","2486","postUpdate","field_closure","Yes","local","","","framework.hook","framework-hook","keep","new"
"Controllers","!KRT/Controllers/Logger.lua","2487","2489","id","field_closure","Yes","local","","","","structural-pattern","extract","new"
"Controllers","!KRT/Controllers/Logger.lua","2490","2492","name","field_closure","Yes","local","","","","structural-pattern","extract","new"
"Controllers","!KRT/Controllers/Logger.lua","2493","2495","time","field_closure","Yes","local","","","","structural-pattern","extract","new"
"Controllers","!KRT/Controllers/Logger.lua","2496","2504","mode","field_closure","Yes","local","","","","structural-pattern","extract","new"
"Controllers","!KRT/Controllers/Logger.lua","2505","2508","showBossBoxFromLogger","field_closure","Yes","local","","","","structural-pattern","keep","new"
"Controllers","!KRT/Controllers/Logger.lua","2509","2515","editSelectedBoss","field_closure","Yes","local","","","","structural-pattern","keep","new"
"Controllers","!KRT/Controllers/Logger.lua","2516","2543","deleteBosses","local_function","No","local","","","","structural-pattern","keep","new"
"Controllers","!KRT/Controllers/Logger.lua","2544","2582","confirmDeleteSelectedBosses","field_closure","Yes","local","","","","structural-pattern","keep","new"
"Controllers","!KRT/Controllers/Logger.lua","2583","2612","localize","field_closure","Yes","local","","","framework.hook","framework-hook","keep","new"
"Controllers","!KRT/Controllers/Logger.lua","2613","2622","getData","field_closure","Yes","local","","","framework.hook","framework-hook","keep","new"
"Controllers","!KRT/Controllers/Logger.lua","2623","2640","rowName","field_closure","Yes","local","","","framework.hook","framework-hook","keep","new"
"Controllers","!KRT/Controllers/Logger.lua","2641","2658","postUpdate","field_closure","Yes","local","","","framework.hook","framework-hook","keep","new"
"Controllers","!KRT/Controllers/Logger.lua","2659","2667","name","field_closure","Yes","local","","","","structural-pattern","extract","new"
"Controllers","!KRT/Controllers/Logger.lua","2668","2672","showBossAttendeesBoxFromLogger","method_dot","Yes","local","","","","structural-pattern","keep","new"
"Controllers","!KRT/Controllers/Logger.lua","2673","2688","deleteSelectedBossAttendees","local_function","No","local","","","","structural-pattern","keep","new"
"Controllers","!KRT/Controllers/Logger.lua","2689","2727","confirmDeleteSelectedBossAttendees","method_dot","Yes","local","","","","structural-pattern","keep","new"
"Controllers","!KRT/Controllers/Logger.lua","2728","2767","localize","field_closure","Yes","local","","","framework.hook","framework-hook","keep","new"
"Controllers","!KRT/Controllers/Logger.lua","2768","2775","getData","field_closure","Yes","local","","","framework.hook","framework-hook","keep","new"
"Controllers","!KRT/Controllers/Logger.lua","2776","2796","rowName","field_closure","Yes","local","","","framework.hook","framework-hook","keep","new"
"Controllers","!KRT/Controllers/Logger.lua","2797","2818","postUpdate","field_closure","Yes","local","","","framework.hook","framework-hook","keep","new"
"Controllers","!KRT/Controllers/Logger.lua","2819","2821","name","field_closure","Yes","local","","","","structural-pattern","extract","new"
"Controllers","!KRT/Controllers/Logger.lua","2822","2824","join","field_closure","Yes","local","","","","structural-pattern","extract","new"
"Controllers","!KRT/Controllers/Logger.lua","2825","2836","leave","field_closure","Yes","local","","","","structural-pattern","extract","new"
"Controllers","!KRT/Controllers/Logger.lua","2837","2869","updateRaidAttendeesFromRoster","method_dot","Yes","local","","","","structural-pattern","keep","new"
"Controllers","!KRT/Controllers/Logger.lua","2870","2886","deleteSelectedRaidAttendees","local_function","No","local","","","","structural-pattern","keep","new"
"Controllers","!KRT/Controllers/Logger.lua","2887","2914","confirmDeleteSelectedRaidAttendees","method_dot","Yes","local","","","","structural-pattern","keep","new"
"Controllers","!KRT/Controllers/Logger.lua","2915","2935","updateSourceHeaderState","local_function","No","local","","","","structural-pattern","keep","new"
"Controllers","!KRT/Controllers/Logger.lua","2936","2992","localize","field_closure","Yes","local","","","framework.hook","framework-hook","keep","new"
"Controllers","!KRT/Controllers/Logger.lua","2993","3001","getData","field_closure","Yes","local","","","framework.hook","framework-hook","keep","new"
"Controllers","!KRT/Controllers/Logger.lua","3002","3103","rowName","field_closure","Yes","local","","","framework.hook","framework-hook","keep","new"
"Controllers","!KRT/Controllers/Logger.lua","3104","3119","postUpdate","field_closure","Yes","local","","","framework.hook","framework-hook","keep","new"
"Controllers","!KRT/Controllers/Logger.lua","3120","3122","id","field_closure","Yes","local","","","","structural-pattern","extract","new"
"Controllers","!KRT/Controllers/Logger.lua","3123","3130","source","field_closure","Yes","local","","","","structural-pattern","keep","new"
"Controllers","!KRT/Controllers/Logger.lua","3131","3138","winner","field_closure","Yes","local","","","","structural-pattern","keep","new"
"Controllers","!KRT/Controllers/Logger.lua","3139","3146","type","field_closure","Yes","local","","","","structural-pattern","keep","new"
"Controllers","!KRT/Controllers/Logger.lua","3147","3154","roll","field_closure","Yes","local","","","","structural-pattern","extract","new"
"Controllers","!KRT/Controllers/Logger.lua","3155","3168","time","field_closure","Yes","local","","","","structural-pattern","extract","new"
"Controllers","!KRT/Controllers/Logger.lua","3169","3175","sortLoot","field_closure","Yes","local","","","","structural-pattern","keep","new"
"Controllers","!KRT/Controllers/Logger.lua","3176","3202","showLootTooltip","field_closure","Yes","local","","","","structural-pattern","keep","new"
"Controllers","!KRT/Controllers/Logger.lua","3203","3223","deleteItem","local_function","No","local","","","","structural-pattern","keep","new"
"Controllers","!KRT/Controllers/Logger.lua","3224","3232","confirmDeleteSelectedLootItems","field_closure","Yes","local","","","","structural-pattern","keep","new"
"Controllers","!KRT/Controllers/Logger.lua","3233","3247","resolveLoggerLootRaidId","local_function","No","local","","","","structural-pattern","keep","new"
"Controllers","!KRT/Controllers/Logger.lua","3248","3268","setLootEntry","field_closure","Yes","local","","","","structural-pattern","extract","new"
"Controllers","!KRT/Controllers/Logger.lua","3269","3272","reset","local_function","No","local","","","","name-collision","rename","new"
"Controllers","!KRT/Controllers/Logger.lua","3273","3305","requestLootRefresh","local_function","No","local","","","","structural-pattern","keep","new"
"Controllers","!KRT/Controllers/Logger.lua","3306","3332","initializeRaidAttendanceFrame","local_function","No","local","","","","structural-pattern","keep","new"
"Controllers","!KRT/Controllers/Logger.lua","3333","3340","getAttendanceRaid","local_function","No","local","","","","structural-pattern","keep","new"
"Controllers","!KRT/Controllers/Logger.lua","3341","3352","markAttendanceListsDirty","local_function","No","local","","","","structural-pattern","keep","new"
"Controllers","!KRT/Controllers/Logger.lua","3353","3364","touchAttendanceSelectionLists","local_function","No","local","","","","structural-pattern","keep","new"
"Controllers","!KRT/Controllers/Logger.lua","3365","3370","setAttendanceSelectedRaid","local_function","No","local","","","","structural-pattern","keep","new"
"Controllers","!KRT/Controllers/Logger.lua","3371","3379","selectAttendanceRaid","local_function","No","local","","","","structural-pattern","keep","new"
"Controllers","!KRT/Controllers/Logger.lua","3380","3393","selectAttendancePlayer","local_function","No","local","","","","structural-pattern","keep","new"
"Controllers","!KRT/Controllers/Logger.lua","3394","3399","setAttendancePanelVisible","local_function","No","local","","","","structural-pattern","keep","new"
"Controllers","!KRT/Controllers/Logger.lua","3400","3417","placeAttendancePanel","local_function","No","local","","","","structural-pattern","keep","new"
"Controllers","!KRT/Controllers/Logger.lua","3418","3433","refreshRaidAttendanceLayout","local_function","No","local","","","","structural-pattern","keep","new"
"Controllers","!KRT/Controllers/Logger.lua","3434","3445","module._isRaidAttendanceViewingCurrentRaid","field_closure","Yes","module","","","","structural-pattern","keep","new"
"Controllers","!KRT/Controllers/Logger.lua","3446","3465","module._requestAttendanceBoundListsRefresh","field_closure","Yes","module","","","","structural-pattern","keep","new"
"Controllers","!KRT/Controllers/Logger.lua","3466","3477","localize","field_closure","Yes","local","","","framework.hook","framework-hook","keep","new"
"Controllers","!KRT/Controllers/Logger.lua","3478","3481","getData","field_closure","Yes","local","","","framework.hook","framework-hook","keep","new"
"Controllers","!KRT/Controllers/Logger.lua","3482","3501","rowName","field_closure","Yes","local","","","framework.hook","framework-hook","keep","new"
"Controllers","!KRT/Controllers/Logger.lua","3502","3512","postUpdate","field_closure","Yes","local","","","framework.hook","framework-hook","keep","new"
"Controllers","!KRT/Controllers/Logger.lua","3513","3515","id","field_closure","Yes","local","","","","structural-pattern","extract","new"
"Controllers","!KRT/Controllers/Logger.lua","3516","3518","date","field_closure","Yes","local","","","","structural-pattern","extract","new"
"Controllers","!KRT/Controllers/Logger.lua","3519","3521","zone","field_closure","Yes","local","","","","structural-pattern","extract","new"
"Controllers","!KRT/Controllers/Logger.lua","3522","3529","size","field_closure","Yes","local","","","","structural-pattern","extract","new"
"Controllers","!KRT/Controllers/Logger.lua","3530","3544","transform","field_closure","Yes","local","","","","structural-pattern","extract","new"
"Controllers","!KRT/Controllers/Logger.lua","3545","3578","localize","field_closure","Yes","local","","","framework.hook","framework-hook","keep","new"
"Controllers","!KRT/Controllers/Logger.lua","3579","3586","getData","field_closure","Yes","local","","","framework.hook","framework-hook","keep","new"
"Controllers","!KRT/Controllers/Logger.lua","3587","3607","rowName","field_closure","Yes","local","","","framework.hook","framework-hook","keep","new"
"Controllers","!KRT/Controllers/Logger.lua","3608","3630","postUpdate","field_closure","Yes","local","","","framework.hook","framework-hook","keep","new"
"Controllers","!KRT/Controllers/Logger.lua","3631","3633","name","field_closure","Yes","local","","","","structural-pattern","extract","new"
"Controllers","!KRT/Controllers/Logger.lua","3634","3636","join","field_closure","Yes","local","","","","structural-pattern","extract","new"
"Controllers","!KRT/Controllers/Logger.lua","3637","3651","leave","field_closure","Yes","local","","","","structural-pattern","extract","new"
"Controllers","!KRT/Controllers/Logger.lua","3652","3680","localize","field_closure","Yes","local","","","framework.hook","framework-hook","keep","new"
"Controllers","!KRT/Controllers/Logger.lua","3681","3688","getData","field_closure","Yes","local","","","framework.hook","framework-hook","keep","new"
"Controllers","!KRT/Controllers/Logger.lua","3689","3702","rowName","field_closure","Yes","local","","","framework.hook","framework-hook","keep","new"
"Controllers","!KRT/Controllers/Logger.lua","3703","3720","postUpdate","field_closure","Yes","local","","","framework.hook","framework-hook","keep","new"
"Controllers","!KRT/Controllers/Logger.lua","3721","3723","id","field_closure","Yes","local","","","","structural-pattern","extract","new"
"Controllers","!KRT/Controllers/Logger.lua","3724","3726","name","field_closure","Yes","local","","","","structural-pattern","extract","new"
"Controllers","!KRT/Controllers/Logger.lua","3727","3729","time","field_closure","Yes","local","","","","structural-pattern","extract","new"
"Controllers","!KRT/Controllers/Logger.lua","3730","3738","mode","field_closure","Yes","local","","","","structural-pattern","extract","new"
"Controllers","!KRT/Controllers/Logger.lua","3739","3757","updateRaidAttendanceFromRoster","field_closure","Yes","local","","","","structural-pattern","keep","new"
"Controllers","!KRT/Controllers/Logger.lua","3758","3771","deleteSelectedRaidAttendancePlayer","field_closure","Yes","local","","","","structural-pattern","keep","new"
"Controllers","!KRT/Controllers/Logger.lua","3772","3783","bindRaidAttendanceFrame","local_function","No","local","","","","structural-pattern","keep","new"
"Controllers","!KRT/Controllers/Logger.lua","3784","3790","hookOnShow","field_closure","Yes","local","","","","structural-pattern","extract","new"
"Controllers","!KRT/Controllers/Logger.lua","3791","3815","hookOnHide","field_closure","Yes","local","","","","structural-pattern","extract","new"
"Controllers","!KRT/Controllers/Logger.lua","3816","3840","module._toggleRaidAttendanceView","field_closure","Yes","module","","","","structural-pattern","keep","new"
"Controllers","!KRT/Controllers/Logger.lua","3841","3853","ensurePopupRefs","local_function","No","local","","","","structural-pattern","keep","new"
"Controllers","!KRT/Controllers/Logger.lua","3854","3872","makePopupBox","local_function","No","local","","","","structural-pattern","keep","new"
"Controllers","!KRT/Controllers/Logger.lua","3873","3881","Box.AcquireRefs","method_dot","Yes","Box","","","framework.hook","framework-hook","keep","new"
"Controllers","!KRT/Controllers/Logger.lua","3882","3905","bindHandlers","local_function","No","local","","","framework.hook","framework-hook","keep","new"
"Controllers","!KRT/Controllers/Logger.lua","3906","3913","Box:LocalizeUI","method_colon","Yes","Box","","","framework.hook","framework-hook","keep","new"
"Controllers","!KRT/Controllers/Logger.lua","3914","3933","loadBoxFrame","local_function","No","local","","","","structural-pattern","keep","new"
"Controllers","!KRT/Controllers/Logger.lua","3934","3936","localize","field_closure","Yes","local","","","framework.hook","framework-hook","keep","new"
"Controllers","!KRT/Controllers/Logger.lua","3937","3945","onLoad","field_closure","Yes","local","","","","api-polymorphic","keep","new"
"Controllers","!KRT/Controllers/Logger.lua","3946","3962","Box._doSave","field_closure","Yes","Box","","","framework.hook","framework-hook","keep","new"
"Controllers","!KRT/Controllers/Logger.lua","3963","3965","onShow","field_closure","Yes","local","","","framework.hook","framework-hook","keep","new"
"Controllers","!KRT/Controllers/Logger.lua","3966","3968","onHide","field_closure","Yes","local","","","framework.hook","framework-hook","keep","new"
"Controllers","!KRT/Controllers/Logger.lua","3969","3982","refresh","field_closure","Yes","local","","","framework.hook","framework-hook","keep","new"
"Controllers","!KRT/Controllers/Logger.lua","3983","4024","fillBossBox","field_closure","Yes","local","","","","structural-pattern","keep","new"
"Controllers","!KRT/Controllers/Logger.lua","4025","4070","Box._doSave","field_closure","Yes","Box","","","framework.hook","framework-hook","keep","new"
"Controllers","!KRT/Controllers/Logger.lua","4071","4079","Box:CancelAddEdit","method_colon","Yes","Box","","","","structural-pattern","keep","new"
"Controllers","!KRT/Controllers/Logger.lua","4080","4109","Box._refresh","field_closure","Yes","Box","","","","structural-pattern","keep","new"
"Controllers","!KRT/Controllers/Logger.lua","4110","4113","onShow","field_closure","Yes","local","","","framework.hook","framework-hook","keep","new"
"Controllers","!KRT/Controllers/Logger.lua","4114","4119","onHide","field_closure","Yes","local","","","framework.hook","framework-hook","keep","new"
"Controllers","!KRT/Controllers/Logger.lua","4120","4134","Box._doSave","field_closure","Yes","Box","","","framework.hook","framework-hook","keep","new"
"Controllers","!KRT/Controllers/Logger.lua","4135","4140","module.ToggleLootHistory","field_closure","Yes","module","","","","structural-pattern","keep","new"
"Controllers","!KRT/Controllers/Logger.lua","4141","4177","module.ToggleRaidAttendance","field_closure","Yes","module","","","","structural-pattern","keep","new"
"Controllers","!KRT/Controllers/Master.lua","42","45","isDebugEnabled","local_function","No","local","","","","name-collision","rename","new"
"Controllers","!KRT/Controllers/Master.lua","46","123","isTraceEnabled","local_function","No","local","","","","name-collision","rename","new"
"Controllers","!KRT/Controllers/Master.lua","124","207","getOption","local_function","No","local","","","","structural-pattern","keep","new"
"Controllers","!KRT/Controllers/Master.lua","208","211","getFrameName","local_function","No","local","","","","structural-pattern","keep","new"
"Controllers","!KRT/Controllers/Master.lua","212","220","getNamedPart","local_function","No","local","","","","name-collision","rename","new"
"Controllers","!KRT/Controllers/Master.lua","221","229","wrapMasterOnlyClick","local_function","No","local","","","","structural-pattern","keep","new"
"Controllers","!KRT/Controllers/Master.lua","230","237","updateLootDistribution","local_function","No","local","","","","structural-pattern","keep","new"
"Controllers","!KRT/Controllers/Master.lua","238","248","ensureSpamLootAccess","local_function","No","local","","","","structural-pattern","keep","new"
"Controllers","!KRT/Controllers/Master.lua","249","255","canHandleLootWindow","local_function","No","local","","","","structural-pattern","keep","new"
"Controllers","!KRT/Controllers/Master.lua","256","262","canAutoManageLootFrame","local_function","No","local","","","","structural-pattern","keep","new"
"Controllers","!KRT/Controllers/Master.lua","263","281","configureAssignDropDown","local_function","No","local","","","","structural-pattern","keep","new"
"Controllers","!KRT/Controllers/Master.lua","282","288","resetRollWinnerSelection","local_function","No","local","","","","structural-pattern","keep","new"
"Controllers","!KRT/Controllers/Master.lua","289","292","invalidateRollUiModel","local_function","No","local","","","","structural-pattern","keep","new"
"Controllers","!KRT/Controllers/Master.lua","293","297","getRollSelectionSessionKey","local_function","No","local","","","","structural-pattern","keep","new"
"Controllers","!KRT/Controllers/Master.lua","298","307","syncRollSelectionSession","local_function","No","local","","","","structural-pattern","keep","new"
"Controllers","!KRT/Controllers/Master.lua","308","311","isSelectableRollRow","local_function","No","local","","","","structural-pattern","keep","new"
"Controllers","!KRT/Controllers/Master.lua","312","330","getSelectedRollWinnersOrdered","local_function","No","local","","","","structural-pattern","keep","new"
"Controllers","!KRT/Controllers/Master.lua","331","350","replaceRollWinnerSelection","local_function","No","local","","","","structural-pattern","keep","new"
"Controllers","!KRT/Controllers/Master.lua","351","385","pruneRollWinnerSelection","local_function","No","local","","","","structural-pattern","keep","new"
"Controllers","!KRT/Controllers/Master.lua","386","432","applyRollWinnerSelection","local_function","No","local","","","","structural-pattern","keep","new"
"Controllers","!KRT/Controllers/Master.lua","433","453","UI.AcquireRefs","method_dot","Yes","UI","","","framework.hook","framework-hook","keep","new"
"Controllers","!KRT/Controllers/Master.lua","454","466","initItemButtonScripts","local_function","No","local","","","","structural-pattern","keep","new"
"Controllers","!KRT/Controllers/Master.lua","467","481","tryAcceptFromCursor","local_function","No","local","","","","structural-pattern","keep","new"
"Controllers","!KRT/Controllers/Master.lua","482","608","bindMainControlScripts","local_function","No","local","","","","structural-pattern","keep","new"
"Controllers","!KRT/Controllers/Master.lua","609","633","setItemCountValue","local_function","No","local","","","","structural-pattern","keep","new"
"Controllers","!KRT/Controllers/Master.lua","634","637","getRaidRosterVersion","local_function","No","local","","","","structural-pattern","keep","new"
"Controllers","!KRT/Controllers/Master.lua","638","641","invalidateCandidateCache","local_function","No","local","","","","structural-pattern","keep","new"
"Controllers","!KRT/Controllers/Master.lua","642","645","isCountdownRunning","local_function","No","local","","","","name-collision","rename","new"
"Controllers","!KRT/Controllers/Master.lua","646","667","computeFlowState","local_function","No","local","","","","structural-pattern","keep","new"
"Controllers","!KRT/Controllers/Master.lua","668","676","syncFlowState","local_function","No","local","","","","structural-pattern","keep","new"
"Controllers","!KRT/Controllers/Master.lua","677","684","getCurrentMultiAwardWinner","local_function","No","local","","","","structural-pattern","keep","new"
"Controllers","!KRT/Controllers/Master.lua","685","691","getCurrentTradeWinner","local_function","No","local","","","","structural-pattern","keep","new"
"Controllers","!KRT/Controllers/Master.lua","692","695","shouldShowRollRowInFrame","local_function","No","local","","","","structural-pattern","keep","new"
"Controllers","!KRT/Controllers/Master.lua","696","721","buildRollStarWinnerMap","local_function","No","local","","","","structural-pattern","keep","new"
"Controllers","!KRT/Controllers/Master.lua","722","797","Private.syncRollWinnerSelectionState","field_closure","Yes","Private","","","","structural-pattern","keep","new"
"Controllers","!KRT/Controllers/Master.lua","798","828","Private.decorateRollUiRows","field_closure","Yes","Private","","","","structural-pattern","keep","new"
"Controllers","!KRT/Controllers/Master.lua","829","855","buildRollUiModel","field_closure","Yes","local","","","","structural-pattern","keep","new"
"Controllers","!KRT/Controllers/Master.lua","856","902","selectRollWinnerRow","field_closure","Yes","local","","","","structural-pattern","keep","new"
"Controllers","!KRT/Controllers/Master.lua","903","915","copyVisibleRollRows","local_function","No","local","","","","structural-pattern","keep","new"
"Controllers","!KRT/Controllers/Master.lua","916","933","getFocusedRollRowId","local_function","No","local","","","","structural-pattern","keep","new"
"Controllers","!KRT/Controllers/Master.lua","934","949","Private.ShowHideFrame","field_closure","Yes","Private","","","","structural-pattern","keep","new"
"Controllers","!KRT/Controllers/Master.lua","950","997","drawRollRow","local_function","No","local","","","","structural-pattern","keep","new"
"Controllers","!KRT/Controllers/Master.lua","998","1032","Private.RenderRollRowsFallback","field_closure","Yes","Private","","","","structural-pattern","keep","new"
"Controllers","!KRT/Controllers/Master.lua","1033","1039","rowName","field_closure","Yes","local","","","framework.hook","framework-hook","keep","new"
"Controllers","!KRT/Controllers/Master.lua","1040","1046","highlightFn","field_closure","Yes","local","","","framework.hook","framework-hook","keep","new"
"Controllers","!KRT/Controllers/Master.lua","1047","1055","getDisplayedWinnerName","local_function","No","local","","","","structural-pattern","keep","new"
"Controllers","!KRT/Controllers/Master.lua","1056","1060","getResolvedRollWinnerName","local_function","No","local","","","","structural-pattern","keep","new"
"Controllers","!KRT/Controllers/Master.lua","1061","1064","shouldUseTieReroll","local_function","No","local","","","","name-collision","rename","new"
"Controllers","!KRT/Controllers/Master.lua","1065","1083","getAutoLootSuggestionLabel","local_function","No","local","","","","structural-pattern","keep","new"
"Controllers","!KRT/Controllers/Master.lua","1084","1090","buildAutoLootSuggestionToken","local_function","No","local","","","","structural-pattern","keep","new"
"Controllers","!KRT/Controllers/Master.lua","1091","1124","Private.BuildLootReserveUiState","field_closure","Yes","Private","","","","structural-pattern","keep","new"
"Controllers","!KRT/Controllers/Master.lua","1125","1154","Private.EnsureLootReserveBorder","field_closure","Yes","Private","","","","structural-pattern","keep","new"
"Controllers","!KRT/Controllers/Master.lua","1155","1181","Private.SetLootReserveBorder","field_closure","Yes","Private","","","","structural-pattern","keep","new"
"Controllers","!KRT/Controllers/Master.lua","1182","1207","Private.ShowLootItemTooltip","field_closure","Yes","Private","","","","structural-pattern","keep","new"
"Controllers","!KRT/Controllers/Master.lua","1208","1225","Private.BindLootItemTooltip","field_closure","Yes","Private","","","","structural-pattern","keep","new"
"Controllers","!KRT/Controllers/Master.lua","1226","1232","Private.ApplyLootReserveUi","field_closure","Yes","Private","","","","structural-pattern","keep","new"
"Controllers","!KRT/Controllers/Master.lua","1233","1244","Private.GetLootFrameButton","field_closure","Yes","Private","","","","structural-pattern","keep","new"
"Controllers","!KRT/Controllers/Master.lua","1245","1258","Private.GetLootFrameButtonSlot","field_closure","Yes","Private","","","","structural-pattern","keep","new"
"Controllers","!KRT/Controllers/Master.lua","1259","1275","Private.GetLootFrameButtonIcon","field_closure","Yes","Private","","","","structural-pattern","keep","new"
"Controllers","!KRT/Controllers/Master.lua","1276","1295","Private.GetLootFrameButtonCount","field_closure","Yes","Private","","","","structural-pattern","keep","new"
"Controllers","!KRT/Controllers/Master.lua","1296","1317","Private.BindLootFrameButtonTooltip","field_closure","Yes","Private","","","","structural-pattern","keep","new"
"Controllers","!KRT/Controllers/Master.lua","1318","1344","Private.ApplyLootFrameReserveHints","field_closure","Yes","Private","","","","structural-pattern","keep","new"
"Controllers","!KRT/Controllers/Master.lua","1345","1356","Private.ClearLootFrameReserveHints","field_closure","Yes","Private","","","","structural-pattern","keep","new"
"Controllers","!KRT/Controllers/Master.lua","1357","1370","Private.EnsureLootFrameHooks","field_closure","Yes","Private","","","","structural-pattern","keep","new"
"Controllers","!KRT/Controllers/Master.lua","1371","1535","Private.BuildMasterWorkflowState","field_closure","Yes","Private","","","","structural-pattern","keep","new"
"Controllers","!KRT/Controllers/Master.lua","1536","1545","buildRollModeTooltip","local_function","No","local","","","","structural-pattern","keep","new"
"Controllers","!KRT/Controllers/Master.lua","1546","1576","buildAwardTooltip","local_function","No","local","","","","structural-pattern","keep","new"
"Controllers","!KRT/Controllers/Master.lua","1577","1616","buildMasterTooltipState","local_function","No","local","","","","structural-pattern","keep","new"
"Controllers","!KRT/Controllers/Master.lua","1617","1633","resolveAwardSelectionState","local_function","No","local","","","","structural-pattern","keep","new"
"Controllers","!KRT/Controllers/Master.lua","1634","1684","buildMasterButtonState","local_function","No","local","","","","structural-pattern","keep","new"
"Controllers","!KRT/Controllers/Master.lua","1685","1689","resetItemCountAndRefresh","local_function","No","local","","","","structural-pattern","keep","new"
"Controllers","!KRT/Controllers/Master.lua","1690","1702","resolveHeldInventoryLootNid","local_function","No","local","","","","structural-pattern","keep","new"
"Controllers","!KRT/Controllers/Master.lua","1703","1706","updateRollSessionExpectedWinners","field_closure","Yes","local","","","","structural-pattern","keep","new"
"Controllers","!KRT/Controllers/Master.lua","1707","1739","captureRollSessionBossContext","local_function","No","local","","","","structural-pattern","keep","new"
"Controllers","!KRT/Controllers/Master.lua","1740","1760","ensureRollSession","local_function","No","local","","","","name-collision","rename","new"
"Controllers","!KRT/Controllers/Master.lua","1761","1776","requestLoggerLootLog","local_function","No","local","","","","structural-pattern","keep","new"
"Controllers","!KRT/Controllers/Master.lua","1777","1825","ensureTradeLootContext","local_function","No","local","","","","structural-pattern","keep","new"
"Controllers","!KRT/Controllers/Master.lua","1826","1829","stopCountdown","local_function","No","local","","","","name-collision","rename","new"
"Controllers","!KRT/Controllers/Master.lua","1830","1834","refreshRollDisplay","local_function","No","local","","","","structural-pattern","keep","new"
"Controllers","!KRT/Controllers/Master.lua","1835","1839","resetRecordedRolls","local_function","No","local","","","","structural-pattern","keep","new"
"Controllers","!KRT/Controllers/Master.lua","1840","1844","clearLootAndResetRecordedRolls","local_function","No","local","","","","structural-pattern","keep","new"
"Controllers","!KRT/Controllers/Master.lua","1845","1858","startCountdown","local_function","No","local","","","","name-collision","rename","new"
"Controllers","!KRT/Controllers/Master.lua","1859","1863","finalizeRollSession","local_function","No","local","","","","name-collision","rename","new"
"Controllers","!KRT/Controllers/Master.lua","1864","1873","updateMasterButtonsIfChanged","local_function","No","local","","","","structural-pattern","keep","new"
"Controllers","!KRT/Controllers/Master.lua","1874","1881","updateEnabled","local_function","No","local","","","","structural-pattern","keep","new"
"Controllers","!KRT/Controllers/Master.lua","1882","1894","updateGlow","local_function","No","local","","","","structural-pattern","keep","new"
"Controllers","!KRT/Controllers/Master.lua","1895","1906","updateItemState","local_function","No","local","","","","structural-pattern","keep","new"
"Controllers","!KRT/Controllers/Master.lua","1907","1913","updateText","local_function","No","local","","","","structural-pattern","keep","new"
"Controllers","!KRT/Controllers/Master.lua","1914","1972","updateTooltip","local_function","No","local","","","","structural-pattern","keep","new"
"Controllers","!KRT/Controllers/Master.lua","1973","1986","refreshDropDowns","local_function","No","local","","","","structural-pattern","keep","new"
"Controllers","!KRT/Controllers/Master.lua","1987","1999","hookDropDownOpen","local_function","No","local","","","","structural-pattern","keep","new"
"Controllers","!KRT/Controllers/Master.lua","2000","2003","resolveCandidateIndex","local_function","No","local","","","","structural-pattern","keep","new"
"Controllers","!KRT/Controllers/Master.lua","2004","2007","hasMasterLootCandidates","local_function","No","local","","","","structural-pattern","keep","new"
"Controllers","!KRT/Controllers/Master.lua","2008","2011","validateAwardWinner","local_function","No","local","","","","structural-pattern","keep","new"
"Controllers","!KRT/Controllers/Master.lua","2012","2021","refreshCandidateUiState","local_function","No","local","","","","structural-pattern","keep","new"
"Controllers","!KRT/Controllers/Master.lua","2022","2028","PendingCounter:CancelAward","method_colon","Yes","PendingCounter","","","","structural-pattern","keep","new"
"Controllers","!KRT/Controllers/Master.lua","2029","2039","PendingCounter:Remove","method_colon","Yes","PendingCounter","","","","name-collision","rename","new"
"Controllers","!KRT/Controllers/Master.lua","2040","2049","PendingCounter:Clear","method_colon","Yes","PendingCounter","","","","api-polymorphic","keep","new"
"Controllers","!KRT/Controllers/Master.lua","2050","2063","PendingCounter:FindBySlot","method_colon","Yes","PendingCounter","","","","structural-pattern","keep","new"
"Controllers","!KRT/Controllers/Master.lua","2064","2067","PendingCounter:HasPending","method_colon","Yes","PendingCounter","","","","structural-pattern","keep","new"
"Controllers","!KRT/Controllers/Master.lua","2068","2071","PendingCounter:IsFailureMessage","method_colon","Yes","PendingCounter","","","","structural-pattern","keep","new"
"Controllers","!KRT/Controllers/Master.lua","2072","2084","PendingCounter:Fail","method_colon","Yes","PendingCounter","","","","name-collision","rename","new"
"Controllers","!KRT/Controllers/Master.lua","2085","2105","PendingCounter:Confirm","method_colon","Yes","PendingCounter","","","","structural-pattern","keep","new"
"Controllers","!KRT/Controllers/Master.lua","2106","2140","PendingCounter:Queue","method_colon","Yes","PendingCounter","","","","structural-pattern","keep","new"
"Controllers","!KRT/Controllers/Master.lua","2141","2167","buildAssignMessages","local_function","No","local","","","","structural-pattern","keep","new"
"Controllers","!KRT/Controllers/Master.lua","2168","2182","collectMultiAwardNames","local_function","No","local","","","","structural-pattern","keep","new"
"Controllers","!KRT/Controllers/Master.lua","2183","2198","announceMultiAwardCompletion","local_function","No","local","","","","structural-pattern","keep","new"
"Controllers","!KRT/Controllers/Master.lua","2199","2217","buildMultiAwardSlotCandidates","local_function","No","local","","","","structural-pattern","keep","new"
"Controllers","!KRT/Controllers/Master.lua","2218","2229","getCurrentMultiAwardCount","local_function","No","local","","","","structural-pattern","keep","new"
"Controllers","!KRT/Controllers/Master.lua","2230","2236","cancelMultiAwardTimeout","local_function","No","local","","","","structural-pattern","keep","new"
"Controllers","!KRT/Controllers/Master.lua","2237","2246","cancelMultiAwardDelay","local_function","No","local","","","","structural-pattern","keep","new"
"Controllers","!KRT/Controllers/Master.lua","2247","2270","armMultiAwardProgressTimeout","local_function","No","local","","","","structural-pattern","keep","new"
"Controllers","!KRT/Controllers/Master.lua","2271","2284","clearMultiAwardState","field_closure","Yes","local","","","","structural-pattern","keep","new"
"Controllers","!KRT/Controllers/Master.lua","2285","2299","finalizeMultiAwardIfDone","local_function","No","local","","","","structural-pattern","keep","new"
"Controllers","!KRT/Controllers/Master.lua","2300","2325","buildMultiAwardWinners","local_function","No","local","","","","structural-pattern","keep","new"
"Controllers","!KRT/Controllers/Master.lua","2326","2343","validateInventoryTradeUiSelection","local_function","No","local","","","","structural-pattern","keep","new"
"Controllers","!KRT/Controllers/Master.lua","2344","2367","startMultiAwardSequence","local_function","No","local","","","","structural-pattern","keep","new"
"Controllers","!KRT/Controllers/Master.lua","2368","2376","computeTargetAndAvailability","local_function","No","local","","","","structural-pattern","keep","new"
"Controllers","!KRT/Controllers/Master.lua","2377","2410","tryAwardMultipleCopies","local_function","No","local","","","","structural-pattern","keep","new"
"Controllers","!KRT/Controllers/Master.lua","2411","2420","tryAwardSingleCopy","local_function","No","local","","","","structural-pattern","keep","new"
"Controllers","!KRT/Controllers/Master.lua","2421","2502","continueMultiAwardOnLootSlotCleared","local_function","No","local","","","","structural-pattern","keep","new"
"Controllers","!KRT/Controllers/Master.lua","2503","2607","handleAwardRequest","local_function","No","local","","","","structural-pattern","keep","new"
"Controllers","!KRT/Controllers/Master.lua","2608","2620","resetTradeState","local_function","No","local","","","","structural-pattern","keep","new"
"Controllers","!KRT/Controllers/Master.lua","2621","2638","registerAwardedItem","field_closure","Yes","local","","","","structural-pattern","keep","new"
"Controllers","!KRT/Controllers/Master.lua","2639","2669","setCurrentItemView","local_function","No","local","","","","structural-pattern","keep","new"
"Controllers","!KRT/Controllers/Master.lua","2670","2675","refreshMasterFrame","local_function","No","local","","","","structural-pattern","keep","new"
"Controllers","!KRT/Controllers/Master.lua","2676","2707","Private.ClearCurrentItemView","field_closure","Yes","Private","","","","structural-pattern","keep","new"
"Controllers","!KRT/Controllers/Master.lua","2708","2716","Private.ResetItemCount","field_closure","Yes","Private","","","","structural-pattern","keep","new"
"Controllers","!KRT/Controllers/Master.lua","2717","2719","loadMasterFrame","local_function","No","local","","","","structural-pattern","keep","new"
"Controllers","!KRT/Controllers/Master.lua","2720","2739","hookOnHide","field_closure","Yes","local","","","","structural-pattern","extract","new"
"Controllers","!KRT/Controllers/Master.lua","2740","2743","BindHandlers","local_function","No","local","","","framework.hook","framework-hook","keep","new"
"Controllers","!KRT/Controllers/Master.lua","2744","2750","Localize","local_function","No","local","","","framework.hook","framework-hook","keep","new"
"Controllers","!KRT/Controllers/Master.lua","2751","2762","OnLoadFrame","local_function","No","local","","","framework.hook","framework-hook","keep","new"
"Controllers","!KRT/Controllers/Master.lua","2763","2771","refresh","field_closure","Yes","local","","","framework.hook","framework-hook","keep","new"
"Controllers","!KRT/Controllers/Master.lua","2772","2797","Private.BtnSelectItem","field_closure","Yes","Private","","","","structural-pattern","keep","new"
"Controllers","!KRT/Controllers/Master.lua","2798","2824","Private.BtnSpamLoot","field_closure","Yes","Private","","","","structural-pattern","keep","new"
"Controllers","!KRT/Controllers/Master.lua","2825","2834","Private.BtnReserveList","field_closure","Yes","Private","","","","structural-pattern","keep","new"
"Controllers","!KRT/Controllers/Master.lua","2835","2843","Private.BtnLootCounter","field_closure","Yes","Private","","","","structural-pattern","keep","new"
"Controllers","!KRT/Controllers/Master.lua","2844","2891","announceRoll","local_function","No","local","","","","structural-pattern","keep","new"
"Controllers","!KRT/Controllers/Master.lua","2892","2916","assignToTarget","local_function","No","local","","","","structural-pattern","keep","new"
"Controllers","!KRT/Controllers/Master.lua","2917","2920","Private.BtnMS","field_closure","Yes","Private","","","","structural-pattern","keep","new"
"Controllers","!KRT/Controllers/Master.lua","2921","2924","Private.BtnOS","field_closure","Yes","Private","","","","structural-pattern","keep","new"
"Controllers","!KRT/Controllers/Master.lua","2925","2928","Private.BtnSR","field_closure","Yes","Private","","","","structural-pattern","keep","new"
"Controllers","!KRT/Controllers/Master.lua","2929","2933","Private.BtnFree","field_closure","Yes","Private","","","","structural-pattern","keep","new"
"Controllers","!KRT/Controllers/Master.lua","2934","2954","Private.BtnCountdown","field_closure","Yes","Private","","","","structural-pattern","keep","new"
"Controllers","!KRT/Controllers/Master.lua","2955","2961","Private.BtnClear","field_closure","Yes","Private","","","","structural-pattern","keep","new"
"Controllers","!KRT/Controllers/Master.lua","2962","2966","Private.BtnAward","field_closure","Yes","Private","","","","structural-pattern","keep","new"
"Controllers","!KRT/Controllers/Master.lua","2967","2971","Private.BtnHold","field_closure","Yes","Private","","","","structural-pattern","keep","new"
"Controllers","!KRT/Controllers/Master.lua","2972","2976","Private.BtnBank","field_closure","Yes","Private","","","","structural-pattern","keep","new"
"Controllers","!KRT/Controllers/Master.lua","2977","2981","Private.BtnDisenchant","field_closure","Yes","Private","","","","structural-pattern","keep","new"
"Controllers","!KRT/Controllers/Master.lua","2982","2995","Private.BtnSelectedItem","field_closure","Yes","Private","","","","structural-pattern","keep","new"
"Controllers","!KRT/Controllers/Master.lua","2996","3004","UI.Localize","method_dot","Yes","UI","","","framework.hook","framework-hook","keep","new"
"Controllers","!KRT/Controllers/Master.lua","3005","3049","setPartText","local_function","No","local","","","","structural-pattern","keep","new"
"Controllers","!KRT/Controllers/Master.lua","3050","3059","requestItemCountRefresh","local_function","No","local","","","","structural-pattern","keep","new"
"Controllers","!KRT/Controllers/Master.lua","3060","3063","onEnter","field_closure","Yes","local","","","","structural-pattern","keep","new"
"Controllers","!KRT/Controllers/Master.lua","3064","3094","onFocusLost","field_closure","Yes","local","","","","structural-pattern","keep","new"
"Controllers","!KRT/Controllers/Master.lua","3095","3126","updateItemCountFromBox","local_function","No","local","","","","structural-pattern","keep","new"
"Controllers","!KRT/Controllers/Master.lua","3127","3140","updateRollStatusState","local_function","No","local","","","","structural-pattern","keep","new"
"Controllers","!KRT/Controllers/Master.lua","3141","3150","getRollRowRefs","field_closure","Yes","local","","","","structural-pattern","keep","new"
"Controllers","!KRT/Controllers/Master.lua","3151","3157","flagButtonsOnChange","local_function","No","local","","","","structural-pattern","keep","new"
"Controllers","!KRT/Controllers/Master.lua","3158","3319","UI.Refresh","method_dot","Yes","UI","","","framework.hook","framework-hook","keep","new"
"Controllers","!KRT/Controllers/Master.lua","3320","3350","initializeDropDowns","method_dot","Yes","local","","","","structural-pattern","keep","new"
"Controllers","!KRT/Controllers/Master.lua","3351","3395","prepareDropDowns","method_dot","Yes","local","","","","structural-pattern","keep","new"
"Controllers","!KRT/Controllers/Master.lua","3396","3412","findDropDownField","local_function","No","local","","","","structural-pattern","keep","new"
"Controllers","!KRT/Controllers/Master.lua","3413","3437","Private.OnClickDropDown","field_closure","Yes","Private","","","","structural-pattern","keep","new"
"Controllers","!KRT/Controllers/Master.lua","3438","3469","updateDropDowns","method_dot","Yes","local","","","","structural-pattern","keep","new"
"Controllers","!KRT/Controllers/Master.lua","3470","3476","getSelectionButtonRefs","local_function","No","local","","","","structural-pattern","keep","new"
"Controllers","!KRT/Controllers/Master.lua","3477","3499","ensureSelectionButton","local_function","No","local","","","","structural-pattern","keep","new"
"Controllers","!KRT/Controllers/Master.lua","3500","3517","createSelectionFrame","local_function","No","local","","","","structural-pattern","keep","new"
"Controllers","!KRT/Controllers/Master.lua","3518","3566","updateSelectionFrame","method_dot","Yes","local","","","","structural-pattern","keep","new"
"Controllers","!KRT/Controllers/Master.lua","3567","3601","applyInventoryItem","local_function","No","local","","","","structural-pattern","keep","new"
"Controllers","!KRT/Controllers/Master.lua","3602","3644","Private.TryAcceptInventoryItemFromCursor","field_closure","Yes","Private","","","","structural-pattern","keep","new"
"Controllers","!KRT/Controllers/Master.lua","3645","3667","refreshAndMaybeShowLootFrame","local_function","No","local","","","","structural-pattern","keep","new"
"Controllers","!KRT/Controllers/Master.lua","3668","3677","handleLootOpenedVisibility","local_function","No","local","","","","structural-pattern","keep","new"
"Controllers","!KRT/Controllers/Master.lua","3678","3692","handleLootSlotClearedVisibility","local_function","No","local","","","","structural-pattern","keep","new"
"Controllers","!KRT/Controllers/Master.lua","3693","3703","completeLootClosedCleanup","local_function","No","local","","","","structural-pattern","keep","new"
"Controllers","!KRT/Controllers/Master.lua","3704","3710","cancelLootClosedCleanup","local_function","No","local","","","","structural-pattern","keep","new"
"Controllers","!KRT/Controllers/Master.lua","3711","3723","scheduleLootClosedCleanup","local_function","No","local","","","","structural-pattern","keep","new"
"Controllers","!KRT/Controllers/Master.lua","3724","3780","module:LOOT_OPENED","method_colon","Yes","module","","","","structural-pattern","keep","new"
"Controllers","!KRT/Controllers/Master.lua","3781","3798","module:LOOT_CLOSED","method_colon","Yes","module","","","","structural-pattern","keep","new"
"Controllers","!KRT/Controllers/Master.lua","3799","3830","module:LOOT_SLOT_CLEARED","method_colon","Yes","module","","","","structural-pattern","keep","new"
"Controllers","!KRT/Controllers/Master.lua","3831","3842","module:UI_ERROR_MESSAGE","method_colon","Yes","module","","","","structural-pattern","keep","new"
"Controllers","!KRT/Controllers/Master.lua","3843","3906","module:TRADE_ACCEPT_UPDATE","method_colon","Yes","module","","","","structural-pattern","keep","new"
"Controllers","!KRT/Controllers/Master.lua","3907","3912","module:TRADE_CLOSED","method_colon","Yes","module","","","","structural-pattern","keep","new"
"Controllers","!KRT/Controllers/Master.lua","3913","3921","module:TRADE_REQUEST_CANCEL","method_colon","Yes","module","","","","structural-pattern","keep","new"
"Controllers","!KRT/Controllers/Master.lua","3922","4005","assignItem","method_dot","Yes","local","","","","structural-pattern","keep","new"
"Controllers","!KRT/Controllers/Master.lua","4006","4023","resolveTradeExecutionWinner","local_function","No","local","","","","structural-pattern","keep","new"
"Controllers","!KRT/Controllers/Master.lua","4024","4049","advanceInventoryWinnerSelection","field_closure","Yes","local","","","","structural-pattern","keep","new"
"Controllers","!KRT/Controllers/Master.lua","4050","4068","completeInventoryAwardProgress","field_closure","Yes","local","","","","structural-pattern","keep","new"
"Controllers","!KRT/Controllers/Master.lua","4069","4093","prepareTradeableItem","local_function","No","local","","","","structural-pattern","keep","new"
"Controllers","!KRT/Controllers/Master.lua","4094","4135","tryInitiateTrade","local_function","No","local","","","","structural-pattern","keep","new"
"Controllers","!KRT/Controllers/Master.lua","4136","4154","finalizeTradeNotifications","local_function","No","local","","","","structural-pattern","keep","new"
"Controllers","!KRT/Controllers/Master.lua","4155","4203","beginTradeItemState","local_function","No","local","","","","structural-pattern","keep","new"
"Controllers","!KRT/Controllers/Master.lua","4204","4222","applyTradeMarkerPlan","local_function","No","local","","","","structural-pattern","keep","new"
"Controllers","!KRT/Controllers/Master.lua","4223","4254","buildTradeUiNotificationPlan","local_function","No","local","","","","structural-pattern","keep","new"
"Controllers","!KRT/Controllers/Master.lua","4255","4278","completeTraderKeepAward","local_function","No","local","","","","structural-pattern","keep","new"
"Controllers","!KRT/Controllers/Master.lua","4279","4287","prepareExternalAwardTrade","local_function","No","local","","","","structural-pattern","keep","new"
"Controllers","!KRT/Controllers/Master.lua","4288","4318","tradeItem","method_dot","Yes","local","","","","structural-pattern","keep","new"
"Controllers","!KRT/Controllers/Master.lua","4319","4438","registerWowForwarded","local_function","No","local","","","","structural-pattern","keep","new"
"Controllers","!KRT/Controllers/Spammer.lua","134","140","getSpammerStore","local_function","No","local","","","","structural-pattern","keep","new"
"Controllers","!KRT/Controllers/Spammer.lua","141","148","getSpammerChannels","local_function","No","local","","","","structural-pattern","keep","new"
"Controllers","!KRT/Controllers/Spammer.lua","149","174","UI.AcquireRefs","method_dot","Yes","UI","","","framework.hook","framework-hook","keep","new"
"Controllers","!KRT/Controllers/Spammer.lua","175","188","resetLastState","local_function","No","local","","","","structural-pattern","keep","new"
"Controllers","!KRT/Controllers/Spammer.lua","189","196","getNamedPart","local_function","No","local","","","","name-collision","rename","new"
"Controllers","!KRT/Controllers/Spammer.lua","197","203","setCheckbox","local_function","No","local","","","","structural-pattern","keep","new"
"Controllers","!KRT/Controllers/Spammer.lua","204","211","resetAllChannelCheckboxes","local_function","No","local","","","","structural-pattern","keep","new"
"Controllers","!KRT/Controllers/Spammer.lua","212","215","getSpamRuntimeState","local_function","No","local","","","","name-collision","rename","new"
"Controllers","!KRT/Controllers/Spammer.lua","216","227","buildSpammerOutput","local_function","No","local","","","","structural-pattern","keep","new"
"Controllers","!KRT/Controllers/Spammer.lua","228","273","addNeed","local_function","No","local","","","","structural-pattern","keep","new"
"Controllers","!KRT/Controllers/Spammer.lua","274","290","buildStateFromStore","local_function","No","local","","","","structural-pattern","keep","new"
"Controllers","!KRT/Controllers/Spammer.lua","291","302","buildPanelPreview","local_function","No","local","","","","structural-pattern","keep","new"
"Controllers","!KRT/Controllers/Spammer.lua","303","330","syncDurationNow","local_function","No","local","","","","structural-pattern","keep","new"
"Controllers","!KRT/Controllers/Spammer.lua","331","342","ensureReadyForStart","local_function","No","local","","","","structural-pattern","keep","new"
"Controllers","!KRT/Controllers/Spammer.lua","343","367","resetLengthUI","local_function","No","local","","","","structural-pattern","keep","new"
"Controllers","!KRT/Controllers/Spammer.lua","368","374","requestRefresh","local_function","No","local","","","","name-collision","rename","new"
"Controllers","!KRT/Controllers/Spammer.lua","375","377","loadSpammerFrame","local_function","No","local","","","","structural-pattern","keep","new"
"Controllers","!KRT/Controllers/Spammer.lua","378","391","hookOnShow","field_closure","Yes","local","","","","structural-pattern","extract","new"
"Controllers","!KRT/Controllers/Spammer.lua","392","447","BindHandlers","local_function","No","local","","","framework.hook","framework-hook","keep","new"
"Controllers","!KRT/Controllers/Spammer.lua","448","457","OnLoadFrame","local_function","No","local","","","framework.hook","framework-hook","keep","new"
"Controllers","!KRT/Controllers/Spammer.lua","458","461","localize","field_closure","Yes","local","","","framework.hook","framework-hook","keep","new"
"Controllers","!KRT/Controllers/Spammer.lua","462","470","refresh","field_closure","Yes","local","","","framework.hook","framework-hook","keep","new"
"Controllers","!KRT/Controllers/Spammer.lua","471","518","saveSpammer","field_closure","Yes","local","","","","structural-pattern","keep","new"
"Controllers","!KRT/Controllers/Spammer.lua","519","522","refreshSpamUi","local_function","No","local","","","","structural-pattern","keep","new"
"Controllers","!KRT/Controllers/Spammer.lua","523","527","unlockSpamInputsAndRefresh","local_function","No","local","","","","structural-pattern","keep","new"
"Controllers","!KRT/Controllers/Spammer.lua","528","566","startSpam","field_closure","Yes","local","","","","structural-pattern","keep","new"
"Controllers","!KRT/Controllers/Spammer.lua","567","572","stopSpam","field_closure","Yes","local","","","","structural-pattern","keep","new"
"Controllers","!KRT/Controllers/Spammer.lua","573","576","module:RequestStart","method_colon","Yes","module","","","","structural-pattern","keep","new"
"Controllers","!KRT/Controllers/Spammer.lua","577","580","module:RequestStop","method_colon","Yes","module","","","","structural-pattern","keep","new"
"Controllers","!KRT/Controllers/Spammer.lua","581","585","module:RequestClear","method_colon","Yes","module","","","","structural-pattern","keep","new"
"Controllers","!KRT/Controllers/Spammer.lua","586","589","module:RequestPreview","method_colon","Yes","module","","","","structural-pattern","keep","new"
"Controllers","!KRT/Controllers/Spammer.lua","590","600","pauseSpam","field_closure","Yes","local","","","","structural-pattern","keep","new"
"Controllers","!KRT/Controllers/Spammer.lua","601","613","focusTab","field_closure","Yes","local","","","","structural-pattern","keep","new"
"Controllers","!KRT/Controllers/Spammer.lua","614","648","clearSpammer","field_closure","Yes","local","","","","structural-pattern","keep","new"
"Controllers","!KRT/Controllers/Spammer.lua","649","695","UI.Localize","method_dot","Yes","UI","","","framework.hook","framework-hook","keep","new"
"Controllers","!KRT/Controllers/Spammer.lua","696","738","setupEditBox","local_function","No","local","","","","structural-pattern","keep","new"
"Controllers","!KRT/Controllers/Spammer.lua","739","753","updateTickDisplay","field_closure","Yes","local","","","","structural-pattern","keep","new"
"Controllers","!KRT/Controllers/Spammer.lua","754","761","setInputsLocked","method_dot","Yes","local","","","","structural-pattern","keep","new"
"Controllers","!KRT/Controllers/Spammer.lua","762","794","setEditBoxState","local_function","No","local","","","","structural-pattern","keep","new"
"Controllers","!KRT/Controllers/Spammer.lua","795","823","updateControls","method_dot","Yes","local","","","","structural-pattern","keep","new"
"Controllers","!KRT/Controllers/Spammer.lua","824","900","renderPreview","method_dot","Yes","local","","","","structural-pattern","keep","new"
"Controllers","!KRT/Controllers/Spammer.lua","901","960","UI.Refresh","method_dot","Yes","UI","","","framework.hook","framework-hook","keep","new"
"Controllers","!KRT/Controllers/Warnings.lua","94","100","getWarningsStore","local_function","No","local","","","","structural-pattern","keep","new"
"Controllers","!KRT/Controllers/Warnings.lua","101","108","getTemplateValue","local_function","No","local","","","","structural-pattern","keep","new"
"Controllers","!KRT/Controllers/Warnings.lua","109","113","normalizeTemplateName","local_function","No","local","","","","structural-pattern","keep","new"
"Controllers","!KRT/Controllers/Warnings.lua","114","123","resetWarningState","local_function","No","local","","","","structural-pattern","keep","new"
"Controllers","!KRT/Controllers/Warnings.lua","124","159","ensureDefaultTemplates","local_function","No","local","","","","structural-pattern","keep","new"
"Controllers","!KRT/Controllers/Warnings.lua","160","176","isDefaultTemplateWarning","local_function","No","local","","","","structural-pattern","keep","new"
"Controllers","!KRT/Controllers/Warnings.lua","177","193","collectStockWarnings","local_function","No","local","","","","structural-pattern","keep","new"
"Controllers","!KRT/Controllers/Warnings.lua","194","203","UI.AcquireRefs","method_dot","Yes","UI","","","framework.hook","framework-hook","keep","new"
"Controllers","!KRT/Controllers/Warnings.lua","204","216","cancelWarning","local_function","No","local","","","","structural-pattern","keep","new"
"Controllers","!KRT/Controllers/Warnings.lua","217","235","selectWarning","local_function","No","local","","","","structural-pattern","keep","new"
"Controllers","!KRT/Controllers/Warnings.lua","236","255","bindWarningRow","local_function","No","local","","","","structural-pattern","keep","new"
"Controllers","!KRT/Controllers/Warnings.lua","256","263","getData","field_closure","Yes","local","","","framework.hook","framework-hook","keep","new"
"Controllers","!KRT/Controllers/Warnings.lua","264","275","rowName","field_closure","Yes","local","","","framework.hook","framework-hook","keep","new"
"Controllers","!KRT/Controllers/Warnings.lua","276","284","highlightId","field_closure","Yes","local","","","framework.hook","framework-hook","keep","new"
"Controllers","!KRT/Controllers/Warnings.lua","285","288","onShow","field_closure","Yes","local","","","framework.hook","framework-hook","keep","new"
"Controllers","!KRT/Controllers/Warnings.lua","289","291","localize","field_closure","Yes","local","","","framework.hook","framework-hook","keep","new"
"Controllers","!KRT/Controllers/Warnings.lua","292","296","update","field_closure","Yes","local","","","framework.hook","framework-hook","keep","new"
"Controllers","!KRT/Controllers/Warnings.lua","297","347","BindHandlers","local_function","No","local","","","framework.hook","framework-hook","keep","new"
"Controllers","!KRT/Controllers/Warnings.lua","348","358","OnLoadFrame","local_function","No","local","","","framework.hook","framework-hook","keep","new"
"Controllers","!KRT/Controllers/Warnings.lua","359","362","localize","field_closure","Yes","local","","","framework.hook","framework-hook","keep","new"
"Controllers","!KRT/Controllers/Warnings.lua","363","368","refresh","field_closure","Yes","local","","","framework.hook","framework-hook","keep","new"
"Controllers","!KRT/Controllers/Warnings.lua","369","404","editWarning","method_dot","Yes","local","","","","structural-pattern","keep","new"
"Controllers","!KRT/Controllers/Warnings.lua","405","429","deleteWarning","method_dot","Yes","local","","","","structural-pattern","keep","new"
"Controllers","!KRT/Controllers/Warnings.lua","430","445","announceWarning","method_dot","Yes","local","","","","structural-pattern","keep","new"
"Controllers","!KRT/Controllers/Warnings.lua","446","449","module:RequestAnnounce","method_colon","Yes","module","","","","structural-pattern","keep","new"
"Controllers","!KRT/Controllers/Warnings.lua","450","453","module:RequestEnsureDefaultTemplates","method_colon","Yes","module","","","","structural-pattern","keep","new"
"Controllers","!KRT/Controllers/Warnings.lua","454","471","module:RequestTemplatePreview","method_colon","Yes","module","","","","structural-pattern","keep","new"
"Controllers","!KRT/Controllers/Warnings.lua","472","501","module:RequestClearSavedWarnings","method_colon","Yes","module","","","","structural-pattern","keep","new"
"Controllers","!KRT/Controllers/Warnings.lua","502","525","UI.Localize","method_dot","Yes","UI","","","framework.hook","framework-hook","keep","new"
"Controllers","!KRT/Controllers/Warnings.lua","526","544","updateSelectionUI","local_function","No","local","","","","structural-pattern","keep","new"
"Controllers","!KRT/Controllers/Warnings.lua","545","568","UI.Refresh","method_dot","Yes","UI","","","framework.hook","framework-hook","keep","new"
"Controllers","!KRT/Controllers/Warnings.lua","569","629","saveWarning","method_dot","Yes","local","","","","structural-pattern","keep","new"
"Database","!KRT/Database/DB.lua","20","27","getDefaultManager","local_function","No","local","","","","name-collision","rename","new"
"Database","!KRT/Database/DB.lua","28","35","ensureManager","local_function","No","local","","","","structural-pattern","keep","new"
"Database","!KRT/Database/DB.lua","36","49","getManagerStore","local_function","No","local","","","","structural-pattern","keep","new"
"Database","!KRT/Database/DB.lua","50","63","warnMissingRaidStoreOnce","local_function","No","local","","","","structural-pattern","keep","new"
"Database","!KRT/Database/DB.lua","64","72","DB.SetManager","method_dot","Yes","DB","","","","structural-pattern","keep","new"
"Database","!KRT/Database/DB.lua","73","76","DB.GetManager","method_dot","Yes","DB","","","","structural-pattern","keep","new"
"Database","!KRT/Database/DB.lua","77","102","Database.GetRaidStoreOrNil","method_dot","Yes","Database","","","","name-collision","rename","new"
"Database","!KRT/Database/DB.lua","103","106","Database.GetRaidQueries","method_dot","Yes","Database","","","","name-collision","rename","new"
"Database","!KRT/Database/DB.lua","107","110","Database.GetRaidMigrations","method_dot","Yes","Database","","","","name-collision","rename","new"
"Database","!KRT/Database/DB.lua","111","114","Database.GetRaidValidator","method_dot","Yes","Database","","","","name-collision","rename","new"
"Database","!KRT/Database/DB.lua","115","131","Database.GetSyncer","method_dot","Yes","Database","","","","name-collision","rename","new"
"Database","!KRT/Database/DBManager.lua","17","25","getAddonDbStore","local_function","No","local","","","","structural-pattern","keep","new"
"Database","!KRT/Database/DBManager.lua","26","29","SavedVariablesManager:GetRaidStore","method_colon","Yes","SavedVariablesManager","","","","structural-pattern","keep","new"
"Database","!KRT/Database/DBManager.lua","30","33","SavedVariablesManager:GetRaidQueries","method_colon","Yes","SavedVariablesManager","","","","name-collision","rename","new"
"Database","!KRT/Database/DBManager.lua","34","37","SavedVariablesManager:GetRaidMigrations","method_colon","Yes","SavedVariablesManager","","","","name-collision","rename","new"
"Database","!KRT/Database/DBManager.lua","38","41","SavedVariablesManager:GetRaidValidator","method_colon","Yes","SavedVariablesManager","","","","name-collision","rename","new"
"Database","!KRT/Database/DBManager.lua","42","45","SavedVariablesManager:GetSyncer","method_colon","Yes","SavedVariablesManager","","","","name-collision","rename","new"
"Database","!KRT/Database/DBManager.lua","46","62","DBManager.GetDefaultManager","method_dot","Yes","DBManager","","","","name-collision","rename","new"
"Database","!KRT/Database/DBOptions.lua","28","37","shallowCopy","local_function","No","local","","","","structural-pattern","keep","new"
"Database","!KRT/Database/DBOptions.lua","38","44","ensureSavedTable","local_function","No","local","","","","structural-pattern","keep","new"
"Database","!KRT/Database/DBOptions.lua","45","51","emit","local_function","No","local","","","","structural-pattern","keep","new"
"Database","!KRT/Database/DBOptions.lua","52","68","applyDefaultsToStorage","local_function","No","local","","","","structural-pattern","keep","new"
"Database","!KRT/Database/DBOptions.lua","69","87","prepareStrictStorage","local_function","No","local","","","","structural-pattern","keep","new"
"Database","!KRT/Database/DBOptions.lua","88","96","namespaceMt:Get","method_colon","Yes","namespaceMt","","","","name-collision","rename","new"
"Database","!KRT/Database/DBOptions.lua","97","122","namespaceMt:Set","method_colon","Yes","namespaceMt","","","","name-collision","rename","new"
"Database","!KRT/Database/DBOptions.lua","123","126","namespaceMt:GetDefaults","method_colon","Yes","namespaceMt","","","","structural-pattern","keep","new"
"Database","!KRT/Database/DBOptions.lua","127","135","namespaceMt:ResetDefaults","method_colon","Yes","namespaceMt","","","","structural-pattern","keep","new"
"Database","!KRT/Database/DBOptions.lua","136","143","namespaceMt:All","method_colon","Yes","namespaceMt","","","","structural-pattern","keep","new"
"Database","!KRT/Database/DBOptions.lua","144","148","namespaceMt:Name","method_colon","Yes","namespaceMt","","","","name-collision","rename","new"
"Database","!KRT/Database/DBOptions.lua","149","178","Options.AddNamespace","method_dot","Yes","Options","","","","structural-pattern","keep","new"
"Database","!KRT/Database/DBOptions.lua","179","182","Options.Get","method_dot","Yes","Options","","","","name-collision","rename","new"
"Database","!KRT/Database/DBOptions.lua","183","214","Options.EnsureLoaded","method_dot","Yes","Options","","","","structural-pattern","keep","new"
"Database","!KRT/Database/DBOptions.lua","215","221","__index","field_closure","Yes","local","","","","structural-pattern","extract","new"
"Database","!KRT/Database/DBOptions.lua","222","228","__newindex","field_closure","Yes","local","","","","structural-pattern","extract","new"
"Database","!KRT/Database/DBOptions.lua","229","235","Options.GetNamespaces","method_dot","Yes","Options","","","","structural-pattern","keep","new"
"Database","!KRT/Database/DBOptions.lua","236","246","Options.Set","method_dot","Yes","Options","","","","name-collision","rename","new"
"Database","!KRT/Database/DBOptions.lua","247","250","Options.IsDebugEnabled","method_dot","Yes","Options","","","","name-collision","rename","new"
"Database","!KRT/Database/DBOptions.lua","251","274","Options.SetDebugEnabled","method_dot","Yes","Options","","","","structural-pattern","keep","new"
"Database","!KRT/Database/DBRaidMigrations.lua","23","26","normalizeNameLower","local_closure","No","local","","","","structural-pattern","keep","new"
"Database","!KRT/Database/DBRaidMigrations.lua","27","38","ensureTableField","local_function","No","local","","","","structural-pattern","keep","new"
"Database","!KRT/Database/DBRaidMigrations.lua","39","52","normalizeName","local_function","No","local","","","","name-collision","rename","new"
"Database","!KRT/Database/DBRaidMigrations.lua","53","68","normalizeTextOrNil","local_function","No","local","","","","structural-pattern","keep","new"
"Database","!KRT/Database/DBRaidMigrations.lua","69","76","normalizePositiveNumberOrNil","local_function","No","local","","","","structural-pattern","keep","new"
"Database","!KRT/Database/DBRaidMigrations.lua","77","98","isBossFightRecord","local_function","No","local","","","","clone-exact","merge","new"
"Database","!KRT/Database/DBRaidMigrations.lua","99","115","compactChangesMap","local_function","No","local","","","","structural-pattern","keep","new"
"Database","!KRT/Database/DBRaidMigrations.lua","116","146","appendAttendanceSegment","local_function","No","local","","","","structural-pattern","keep","new"
"Database","!KRT/Database/DBRaidMigrations.lua","147","179","compactAttendance","local_function","No","local","","","","structural-pattern","keep","new"
"Database","!KRT/Database/DBRaidMigrations.lua","180","326","compactRaidForPersistence","local_function","No","local","","","","name-collision","rename","new"
"Database","!KRT/Database/DBRaidMigrations.lua","327","335","module:GetCurrentVersion","method_colon","Yes","module","","","","structural-pattern","keep","new"
"Database","!KRT/Database/DBRaidMigrations.lua","336","345","module:CompactRaidForPersistence","method_colon","Yes","module","","","","name-collision","rename","new"
"Database","!KRT/Database/DBRaidQueries.lua","25","32","normalizeRaid","local_function","No","local","","","","structural-pattern","keep","new"
"Database","!KRT/Database/DBRaidQueries.lua","33","40","ensureRuntime","local_function","No","local","","","","structural-pattern","keep","new"
"Database","!KRT/Database/DBRaidQueries.lua","41","52","appendRows","local_function","No","local","","","","structural-pattern","keep","new"
"Database","!KRT/Database/DBRaidQueries.lua","53","77","getPlayerByNid","local_function","No","local","","","","structural-pattern","keep","new"
"Database","!KRT/Database/DBRaidQueries.lua","78","88","resolveLootLooterNid","local_function","No","local","","","","name-collision","rename","new"
"Database","!KRT/Database/DBRaidQueries.lua","89","100","resolveLootLooterName","local_function","No","local","","","","name-collision","rename","new"
"Database","!KRT/Database/DBRaidQueries.lua","101","116","getAttendanceEntry","local_function","No","local","","","","name-collision","rename","new"
"Database","!KRT/Database/DBRaidQueries.lua","117","138","isBossFightRecord","local_function","No","local","","","","clone-exact","merge","new"
"Database","!KRT/Database/DBRaidQueries.lua","139","180","summarizeAttendance","local_function","No","local","","","","structural-pattern","keep","new"
"Database","!KRT/Database/DBRaidQueries.lua","181","207","module:GetRaidSummary","method_colon","Yes","module","","","","structural-pattern","keep","new"
"Database","!KRT/Database/DBRaidQueries.lua","208","238","module:GetBossKills","method_colon","Yes","module","","","","structural-pattern","keep","new"
"Database","!KRT/Database/DBRaidQueries.lua","239","271","module:GetRaidAttendance","method_colon","Yes","module","","","","structural-pattern","keep","new"
"Database","!KRT/Database/DBRaidQueries.lua","272","322","module:GetBossAttendance","method_colon","Yes","module","","","","structural-pattern","keep","new"
"Database","!KRT/Database/DBRaidQueries.lua","323","392","module:GetLoot","method_colon","Yes","module","","","","name-collision","rename","new"
"Database","!KRT/Database/DBRaidStore.lua","38","47","clearMap","local_function","No","local","","","","structural-pattern","keep","new"
"Database","!KRT/Database/DBRaidStore.lua","48","69","isBossFightRecord","local_function","No","local","","","","clone-exact","merge","new"
"Database","!KRT/Database/DBRaidStore.lua","70","76","createNidAllocator","local_function","No","local","","","","structural-pattern","keep","new"
"Database","!KRT/Database/DBRaidStore.lua","77","84","markAllocated","local_function","No","local","","","","structural-pattern","keep","new"
"Database","!KRT/Database/DBRaidStore.lua","85","97","allocate","local_function","No","local","","","","structural-pattern","keep","new"
"Database","!KRT/Database/DBRaidStore.lua","98","104","getNext","local_function","No","local","","","","structural-pattern","keep","new"
"Database","!KRT/Database/DBRaidStore.lua","105","111","ensureRaidsTable","local_function","No","local","","","","structural-pattern","keep","new"
"Database","!KRT/Database/DBRaidStore.lua","112","120","getSchemaVersion","local_function","No","local","","","","structural-pattern","keep","new"
"Database","!KRT/Database/DBRaidStore.lua","121","127","getMigrations","local_function","No","local","","","","structural-pattern","keep","new"
"Database","!KRT/Database/DBRaidStore.lua","128","133","removeRootRuntimeCaches","local_function","No","local","","","","structural-pattern","keep","new"
"Database","!KRT/Database/DBRaidStore.lua","134","143","isRuntimeIndexReady","local_function","No","local","","","","structural-pattern","keep","new"
"Database","!KRT/Database/DBRaidStore.lua","144","152","ensureRuntimeTable","local_function","No","local","","","","structural-pattern","keep","new"
"Database","!KRT/Database/DBRaidStore.lua","153","158","acquireRuntimeIndexMap","local_function","No","local","","","","structural-pattern","keep","new"
"Database","!KRT/Database/DBRaidStore.lua","159","172","buildRuntimeSignature","local_function","No","local","","","","structural-pattern","keep","new"
"Database","!KRT/Database/DBRaidStore.lua","173","203","appendNormalizedAttendanceSegment","local_function","No","local","","","","structural-pattern","keep","new"
"Database","!KRT/Database/DBRaidStore.lua","204","236","normalizeAttendance","local_function","No","local","","","","structural-pattern","keep","new"
"Database","!KRT/Database/DBRaidStore.lua","237","240","markRaidNidIndexDirty","local_function","No","local","","","","structural-pattern","keep","new"
"Database","!KRT/Database/DBRaidStore.lua","241","249","buildRaidNidIndexSignature","local_function","No","local","","","","structural-pattern","keep","new"
"Database","!KRT/Database/DBRaidStore.lua","250","271","rebuildRaidNidIndex","local_function","No","local","","","","structural-pattern","keep","new"
"Database","!KRT/Database/DBRaidStore.lua","272","285","ensureRaidNidIndex","local_function","No","local","","","","structural-pattern","keep","new"
"Database","!KRT/Database/DBRaidStore.lua","286","295","hasRawRaidNid","local_function","No","local","","","","structural-pattern","keep","new"
"Database","!KRT/Database/DBRaidStore.lua","296","332","getNextRaidNid","local_function","No","local","","","","structural-pattern","keep","new"
"Database","!KRT/Database/DBRaidStore.lua","333","389","buildRuntimeIndexesForNormalizedRaid","local_function","No","local","","","","structural-pattern","keep","new"
"Database","!KRT/Database/DBRaidStore.lua","390","394","module:GetAllRaids","method_colon","Yes","module","","","","structural-pattern","keep","new"
"Database","!KRT/Database/DBRaidStore.lua","395","398","module:GetRawRaids","method_colon","Yes","module","","","","structural-pattern","keep","new"
"Database","!KRT/Database/DBRaidStore.lua","399","412","module:GetRaidByIndex","method_colon","Yes","module","","","","structural-pattern","keep","new"
"Database","!KRT/Database/DBRaidStore.lua","413","443","module:GetRaidByNid","method_colon","Yes","module","","","","name-collision","rename","new"
"Database","!KRT/Database/DBRaidStore.lua","444","448","module:GetRaidNidByIndex","method_colon","Yes","module","","","","structural-pattern","keep","new"
"Database","!KRT/Database/DBRaidStore.lua","449","453","module:GetRaidIndexByNid","method_colon","Yes","module","","","","structural-pattern","keep","new"
"Database","!KRT/Database/DBRaidStore.lua","454","605","module:NormalizeRaidRecord","method_colon","Yes","module","","","","structural-pattern","keep","new"
"Database","!KRT/Database/DBRaidStore.lua","606","622","module:EnsureRaidRuntime","method_colon","Yes","module","","","","structural-pattern","keep","new"
"Database","!KRT/Database/DBRaidStore.lua","623","647","module:UpsertLootIndex","method_colon","Yes","module","","","","structural-pattern","keep","new"
"Database","!KRT/Database/DBRaidStore.lua","648","655","module:StripRuntime","method_colon","Yes","module","","","","structural-pattern","keep","new"
"Database","!KRT/Database/DBRaidStore.lua","656","662","module:StripAllRuntime","method_colon","Yes","module","","","","structural-pattern","keep","new"
"Database","!KRT/Database/DBRaidStore.lua","663","672","module:NormalizeAllRaids","method_colon","Yes","module","","","","structural-pattern","keep","new"
"Database","!KRT/Database/DBRaidStore.lua","673","688","module:PrepareRaidForSave","method_colon","Yes","module","","","","structural-pattern","keep","new"
"Database","!KRT/Database/DBRaidStore.lua","689","695","module:PrepareAllRaidsForSave","method_colon","Yes","module","","","","structural-pattern","keep","new"
"Database","!KRT/Database/DBRaidStore.lua","696","726","module:CreateRaidRecord","method_colon","Yes","module","","","","structural-pattern","keep","new"
"Database","!KRT/Database/DBRaidStore.lua","727","744","module:InsertRaid","method_colon","Yes","module","","","","structural-pattern","keep","new"
"Database","!KRT/Database/DBRaidStore.lua","745","765","module:DeleteRaid","method_colon","Yes","module","","","","name-collision","rename","new"
"Database","!KRT/Database/DBRaidValidator.lua","25","44","deepCopy","local_function","No","local","","","","structural-pattern","keep","new"
"Database","!KRT/Database/DBRaidValidator.lua","45","67","ensureNormalizedClone","local_function","No","local","","","","structural-pattern","keep","new"
"Database","!KRT/Database/DBRaidValidator.lua","68","84","pushDetail","local_function","No","local","","","","structural-pattern","keep","new"
"Database","!KRT/Database/DBRaidValidator.lua","85","92","validateRaidSourceKeys","local_function","No","local","","","","structural-pattern","keep","new"
"Database","!KRT/Database/DBRaidValidator.lua","93","106","validateSchemaVersion","local_function","No","local","","","","structural-pattern","keep","new"
"Database","!KRT/Database/DBRaidValidator.lua","107","138","validatePlayers","local_function","No","local","","","","structural-pattern","keep","new"
"Database","!KRT/Database/DBRaidValidator.lua","139","183","validateBosses","local_function","No","local","","","","structural-pattern","keep","new"
"Database","!KRT/Database/DBRaidValidator.lua","184","230","validateAttendance","local_function","No","local","","","","structural-pattern","keep","new"
"Database","!KRT/Database/DBRaidValidator.lua","231","274","validateLootRows","local_function","No","local","","","","structural-pattern","keep","new"
"Database","!KRT/Database/DBRaidValidator.lua","275","287","validateNidCounter","local_function","No","local","","","","structural-pattern","keep","new"
"Database","!KRT/Database/DBRaidValidator.lua","288","294","validateNidCounters","local_function","No","local","","","","structural-pattern","keep","new"
"Database","!KRT/Database/DBRaidValidator.lua","295","335","module:GetRaidRecordValidation","method_colon","Yes","module","","","","structural-pattern","keep","new"
"Database","!KRT/Database/DBRaidValidator.lua","336","398","module:ValidateAllRaids","method_colon","Yes","module","","","","structural-pattern","keep","new"
"Database","!KRT/Database/DBSchema.lua","18","25","normalizeSchemaVersion","local_function","No","local","","","","structural-pattern","keep","new"
"Database","!KRT/Database/DBSchema.lua","26","34","getCanonicalRaidSchemaVersion","local_function","No","local","","","","structural-pattern","keep","new"
"Database","!KRT/Database/DBSchema.lua","35","51","Database.GetRaidSchemaVersion","method_dot","Yes","Database","","","","name-collision","rename","new"
"Database","!KRT/Database/DBSyncer.lua","95","98","nowSec","local_function","No","local","","","","structural-pattern","keep","new"
"Database","!KRT/Database/DBSyncer.lua","99","106","parseNumber","local_function","No","local","","","","name-collision","rename","new"
"Database","!KRT/Database/DBSyncer.lua","107","114","normalizeSender","local_function","No","local","","","","name-collision","rename","new"
"Database","!KRT/Database/DBSyncer.lua","115","124","isSelfSender","local_function","No","local","","","","structural-pattern","keep","new"
"Database","!KRT/Database/DBSyncer.lua","125","128","isDebugEnabled","local_function","No","local","","","","name-collision","rename","new"
"Database","!KRT/Database/DBSyncer.lua","129","140","encodeText","local_function","No","local","","","","name-collision","rename","new"
"Database","!KRT/Database/DBSyncer.lua","141","152","decodeText","local_function","No","local","","","","name-collision","rename","new"
"Database","!KRT/Database/DBSyncer.lua","153","181","buildPlayerNameMaps","local_function","No","local","","","","structural-pattern","keep","new"
"Database","!KRT/Database/DBSyncer.lua","182","204","joinBossAttendeeNameList","local_function","No","local","","","","structural-pattern","keep","new"
"Database","!KRT/Database/DBSyncer.lua","205","215","splitNameList","local_function","No","local","","","","structural-pattern","keep","new"
"Database","!KRT/Database/DBSyncer.lua","216","229","resolveLootLooterName","local_function","No","local","","","","name-collision","rename","new"
"Database","!KRT/Database/DBSyncer.lua","230","255","cleanupExpiredState","local_function","No","local","","","","structural-pattern","keep","new"
"Database","!KRT/Database/DBSyncer.lua","256","265","cleanupExpiredStatePassive","local_function","No","local","","","","structural-pattern","keep","new"
"Database","!KRT/Database/DBSyncer.lua","266","280","cleanupIncomingByRequest","local_function","No","local","","","","structural-pattern","keep","new"
"Database","!KRT/Database/DBSyncer.lua","281","316","allowIncomingRequest","local_function","No","local","","","","structural-pattern","keep","new"
"Database","!KRT/Database/DBSyncer.lua","317","338","canAnswerRequests","local_function","No","local","","","","structural-pattern","keep","new"
"Database","!KRT/Database/DBSyncer.lua","339","346","normalizeTargetName","local_function","No","local","","","","structural-pattern","keep","new"
"Database","!KRT/Database/DBSyncer.lua","347","356","ensureGroupSyncAvailable","local_function","No","local","","","","structural-pattern","keep","new"
"Database","!KRT/Database/DBSyncer.lua","357","370","resolveExternalTarget","local_function","No","local","","","","structural-pattern","keep","new"
"Database","!KRT/Database/DBSyncer.lua","371","374","isPersistentSyncEnabled","local_function","No","local","","","","structural-pattern","keep","new"
"Database","!KRT/Database/DBSyncer.lua","375","379","nextRequestId","local_function","No","local","","","","name-collision","rename","new"
"Database","!KRT/Database/DBSyncer.lua","380","383","trackPendingRequest","local_function","No","local","","","","structural-pattern","keep","new"
"Database","!KRT/Database/DBSyncer.lua","384","410","sortedByNid","local_function","No","local","","","","structural-pattern","keep","new"
"Database","!KRT/Database/DBSyncer.lua","411","526","buildSnapshotPayload","local_function","No","local","","","","structural-pattern","keep","new"
"Database","!KRT/Database/DBSyncer.lua","527","719","parseSnapshotPayload","local_function","No","local","","","","structural-pattern","keep","new"
"Database","!KRT/Database/DBSyncer.lua","720","731","buildNidIndex","local_function","No","local","","","","structural-pattern","keep","new"
"Database","!KRT/Database/DBSyncer.lua","732","743","upsertByNid","local_function","No","local","","","","structural-pattern","keep","new"
"Database","!KRT/Database/DBSyncer.lua","744","767","copyUniquePlayerNids","local_function","No","local","","","","structural-pattern","keep","new"
"Database","!KRT/Database/DBSyncer.lua","768","775","buildSignatureFromRaid","local_function","No","local","","","","structural-pattern","keep","new"
"Database","!KRT/Database/DBSyncer.lua","776","801","raidMatchesSignature","local_function","No","local","","","","structural-pattern","keep","new"
"Database","!KRT/Database/DBSyncer.lua","802","810","raidMatchesSnapshotHeader","local_function","No","local","","","","structural-pattern","keep","new"
"Database","!KRT/Database/DBSyncer.lua","811","818","getCurrentRaidRecord","local_function","No","local","","","","structural-pattern","keep","new"
"Database","!KRT/Database/DBSyncer.lua","819","854","resolveRaidByReference","local_function","No","local","","","","structural-pattern","keep","new"
"Database","!KRT/Database/DBSyncer.lua","855","1005","applySnapshotToRaid","local_function","No","local","","","","structural-pattern","keep","new"
"Database","!KRT/Database/DBSyncer.lua","1006","1033","importSnapshotAsNewRaid","local_function","No","local","","","","structural-pattern","keep","new"
"Database","!KRT/Database/DBSyncer.lua","1034","1042","sendAddonPayload","local_function","No","local","","","","structural-pattern","keep","new"
"Database","!KRT/Database/DBSyncer.lua","1043","1046","buildIncomingSnapshotKey","local_function","No","local","","","","structural-pattern","keep","new"
"Database","!KRT/Database/DBSyncer.lua","1047","1065","sendRequest","local_function","No","local","","","","structural-pattern","keep","new"
"Database","!KRT/Database/DBSyncer.lua","1066","1092","sendSnapshot","local_function","No","local","","","","structural-pattern","keep","new"
"Database","!KRT/Database/DBSyncer.lua","1093","1101","completeRequest","local_function","No","local","","","","structural-pattern","keep","new"
"Database","!KRT/Database/DBSyncer.lua","1102","1129","shouldAcceptResponseSender","local_function","No","local","","","","structural-pattern","keep","new"
"Database","!KRT/Database/DBSyncer.lua","1130","1137","getSenderKey","local_function","No","local","","","","structural-pattern","keep","new"
"Database","!KRT/Database/DBSyncer.lua","1138","1150","markSyncSenderFailed","local_function","No","local","","","","structural-pattern","keep","new"
"Database","!KRT/Database/DBSyncer.lua","1151","1160","rejectSyncSender","local_function","No","local","","","","structural-pattern","keep","new"
"Database","!KRT/Database/DBSyncer.lua","1161","1168","finalizeSnapshotFailure","local_function","No","local","","","","structural-pattern","keep","new"
"Database","!KRT/Database/DBSyncer.lua","1169","1180","isSyncSenderFailed","local_function","No","local","","","","structural-pattern","keep","new"
"Database","!KRT/Database/DBSyncer.lua","1181","1205","isAuthorizedSyncResponder","local_function","No","local","","","","structural-pattern","keep","new"
"Database","!KRT/Database/DBSyncer.lua","1206","1218","warnSyncSenderNotOfficer","local_function","No","local","","","","structural-pattern","keep","new"
"Database","!KRT/Database/DBSyncer.lua","1219","1230","isSyncSenderUnauthorized","local_function","No","local","","","","structural-pattern","keep","new"
"Database","!KRT/Database/DBSyncer.lua","1231","1260","handleIncomingRequest","local_function","No","local","","","","structural-pattern","keep","new"
"Database","!KRT/Database/DBSyncer.lua","1261","1265","refreshLoggerUi","local_function","No","local","","","","structural-pattern","keep","new"
"Database","!KRT/Database/DBSyncer.lua","1266","1330","onSnapshotReady","local_function","No","local","","","","structural-pattern","keep","new"
"Database","!KRT/Database/DBSyncer.lua","1331","1360","shouldIgnoreSnapshotSender","local_function","No","local","","","","structural-pattern","keep","new"
"Database","!KRT/Database/DBSyncer.lua","1361","1395","getOrCreateIncomingSnapshotState","local_function","No","local","","","","structural-pattern","keep","new"
"Database","!KRT/Database/DBSyncer.lua","1396","1471","handleIncomingSnapshot","local_function","No","local","","","","structural-pattern","keep","new"
"Database","!KRT/Database/DBSyncer.lua","1472","1475","module:GetPrefix","method_colon","Yes","module","","","","structural-pattern","keep","new"
"Database","!KRT/Database/DBSyncer.lua","1476","1479","module:GetProtocolVersion","method_colon","Yes","module","","","","structural-pattern","keep","new"
"Database","!KRT/Database/DBSyncer.lua","1480","1511","module:RequestLoggerReq","method_colon","Yes","module","","","","structural-pattern","keep","new"
"Database","!KRT/Database/DBSyncer.lua","1512","1540","module:BroadcastLoggerPush","method_colon","Yes","module","","","","structural-pattern","keep","new"
"Database","!KRT/Database/DBSyncer.lua","1541","1571","requestLoggerSync","local_function","No","local","","","","name-collision","rename","new"
"Database","!KRT/Database/DBSyncer.lua","1572","1575","module:RequestLoggerSync","method_colon","Yes","module","","","","name-collision","rename","new"
"Database","!KRT/Database/DBSyncer.lua","1576","1588","module:RequestLoggerPersistentSync","method_colon","Yes","module","","","","structural-pattern","keep","new"
"Database","!KRT/Database/DBSyncer.lua","1589","1595","stopPersistentSync","local_function","No","local","","","","structural-pattern","keep","new"
"Database","!KRT/Database/DBSyncer.lua","1596","1612","schedulePersistentSync","local_function","No","local","","","","structural-pattern","keep","new"
"Database","!KRT/Database/DBSyncer.lua","1613","1620","module:RefreshPersistentSync","method_colon","Yes","module","","","","structural-pattern","keep","new"
"Database","!KRT/Database/DBSyncer.lua","1621","1645","bindPersistentSyncCallbacks","local_function","No","local","","","","structural-pattern","keep","new"
"Database","!KRT/Database/DBSyncer.lua","1646","1744","module:OnAddonMessage","method_colon","Yes","module","","","","structural-pattern","keep","new"
"EntryPoints","!KRT/EntryPoints/Minimap.lua","30","33","getRaidService","local_function","No","local","","","","name-collision","rename","new"
"EntryPoints","!KRT/EntryPoints/Minimap.lua","34","37","isWidgetAvailable","local_function","No","local","","","","structural-pattern","keep","new"
"EntryPoints","!KRT/EntryPoints/Minimap.lua","38","44","callWidgetMethod","local_function","No","local","","","","structural-pattern","keep","new"
"EntryPoints","!KRT/EntryPoints/Minimap.lua","45","64","toggleLootCounterWidget","local_function","No","local","","","","structural-pattern","keep","new"
"EntryPoints","!KRT/EntryPoints/Minimap.lua","65","70","UI.AcquireRefs","method_dot","Yes","UI","","","framework.hook","framework-hook","keep","new"
"EntryPoints","!KRT/EntryPoints/Minimap.lua","71","100","buildMenu","local_function","No","local","","","","structural-pattern","keep","new"
"EntryPoints","!KRT/EntryPoints/Minimap.lua","101","108","func","field_closure","Yes","local","","","framework.hook","framework-hook","keep","new"
"EntryPoints","!KRT/EntryPoints/Minimap.lua","109","117","func","field_closure","Yes","local","","","framework.hook","framework-hook","keep","new"
"EntryPoints","!KRT/EntryPoints/Minimap.lua","118","127","func","field_closure","Yes","local","","","framework.hook","framework-hook","keep","new"
"EntryPoints","!KRT/EntryPoints/Minimap.lua","128","135","func","field_closure","Yes","local","","","framework.hook","framework-hook","keep","new"
"EntryPoints","!KRT/EntryPoints/Minimap.lua","136","143","func","field_closure","Yes","local","","","framework.hook","framework-hook","keep","new"
"EntryPoints","!KRT/EntryPoints/Minimap.lua","144","151","func","field_closure","Yes","local","","","framework.hook","framework-hook","keep","new"
"EntryPoints","!KRT/EntryPoints/Minimap.lua","152","160","func","field_closure","Yes","local","","","framework.hook","framework-hook","keep","new"
"EntryPoints","!KRT/EntryPoints/Minimap.lua","161","170","func","field_closure","Yes","local","","","framework.hook","framework-hook","keep","new"
"EntryPoints","!KRT/EntryPoints/Minimap.lua","171","177","openMenu","local_function","No","local","","","","structural-pattern","keep","new"
"EntryPoints","!KRT/EntryPoints/Minimap.lua","178","181","isMenuOpen","local_function","No","local","","","","structural-pattern","keep","new"
"EntryPoints","!KRT/EntryPoints/Minimap.lua","182","190","toggleMenu","local_function","No","local","","","","structural-pattern","keep","new"
"EntryPoints","!KRT/EntryPoints/Minimap.lua","191","228","moveButton","local_function","No","local","","","","structural-pattern","keep","new"
"EntryPoints","!KRT/EntryPoints/Minimap.lua","229","233","setMinimapShown","local_function","No","local","","","","structural-pattern","keep","new"
"EntryPoints","!KRT/EntryPoints/Minimap.lua","234","245","module:SetPos","method_colon","Yes","module","","","","structural-pattern","keep","new"
"EntryPoints","!KRT/EntryPoints/Minimap.lua","246","317","loadMinimapFrame","local_function","No","local","","","","structural-pattern","keep","new"
"EntryPoints","!KRT/EntryPoints/Minimap.lua","318","336","module:BindUI","method_colon","Yes","module","","","","name-collision","rename","new"
"EntryPoints","!KRT/EntryPoints/Minimap.lua","337","344","module:EnsureUI","method_colon","Yes","module","","","","name-collision","rename","new"
"EntryPoints","!KRT/EntryPoints/Minimap.lua","345","369","module:ToggleMinimapButton","method_colon","Yes","module","","","","structural-pattern","keep","new"
"EntryPoints","!KRT/EntryPoints/SlashEvents.lua","35","42","getDatabaseService","local_function","No","local","","","","structural-pattern","keep","new"
"EntryPoints","!KRT/EntryPoints/SlashEvents.lua","43","107","formatValidateRaidDetail","local_function","No","local","","","","structural-pattern","keep","new"
"EntryPoints","!KRT/EntryPoints/SlashEvents.lua","108","120","markLootOnlyCommands","local_function","No","local","","","","structural-pattern","keep","new"
"EntryPoints","!KRT/EntryPoints/SlashEvents.lua","121","124","printHelp","local_function","No","local","","","","structural-pattern","keep","new"
"EntryPoints","!KRT/EntryPoints/SlashEvents.lua","125","142","showHelp","local_function","No","local","","","","structural-pattern","keep","new"
"EntryPoints","!KRT/EntryPoints/SlashEvents.lua","143","147","showLootHelp","local_function","No","local","","","","structural-pattern","keep","new"
"EntryPoints","!KRT/EntryPoints/SlashEvents.lua","148","152","showCounterHelp","local_function","No","local","","","","structural-pattern","keep","new"
"EntryPoints","!KRT/EntryPoints/SlashEvents.lua","153","166","showDebugRaidHelp","local_function","No","local","","","","structural-pattern","keep","new"
"EntryPoints","!KRT/EntryPoints/SlashEvents.lua","167","194","reportDebugRaidError","local_function","No","local","","","","structural-pattern","keep","new"
"EntryPoints","!KRT/EntryPoints/SlashEvents.lua","195","297","handleDebugRaidCommand","local_function","No","local","","","","structural-pattern","keep","new"
"EntryPoints","!KRT/EntryPoints/SlashEvents.lua","298","305","getFeatureProfile","local_function","No","local","","","","structural-pattern","keep","new"
"EntryPoints","!KRT/EntryPoints/SlashEvents.lua","306","313","notifyWidgetCallUnavailable","local_function","No","local","","","","structural-pattern","keep","new"
"EntryPoints","!KRT/EntryPoints/SlashEvents.lua","314","327","callWidget","local_function","No","local","","","","structural-pattern","keep","new"
"EntryPoints","!KRT/EntryPoints/SlashEvents.lua","328","333","registerAliases","local_function","No","local","","","","structural-pattern","keep","new"
"EntryPoints","!KRT/EntryPoints/SlashEvents.lua","334","337","isBlank","local_function","No","local","","","","structural-pattern","keep","new"
"EntryPoints","!KRT/EntryPoints/SlashEvents.lua","338","341","isToggleCommand","local_function","No","local","","","","structural-pattern","keep","new"
"EntryPoints","!KRT/EntryPoints/SlashEvents.lua","342","350","callSyncerMethod","local_function","No","local","","","","structural-pattern","keep","new"
"EntryPoints","!KRT/EntryPoints/SlashEvents.lua","351","355","callSyncerMethodWithTarget","local_function","No","local","","","","structural-pattern","keep","new"
"EntryPoints","!KRT/EntryPoints/SlashEvents.lua","356","374","getVersionInfo","local_function","No","local","","","","name-collision","rename","new"
"EntryPoints","!KRT/EntryPoints/SlashEvents.lua","375","384","getLogLevelName","local_function","No","local","","","","structural-pattern","keep","new"
"EntryPoints","!KRT/EntryPoints/SlashEvents.lua","385","391","yesNo","local_function","No","local","","","","structural-pattern","keep","new"
"EntryPoints","!KRT/EntryPoints/SlashEvents.lua","392","400","countRaidHistory","local_function","No","local","","","","structural-pattern","keep","new"
"EntryPoints","!KRT/EntryPoints/SlashEvents.lua","401","424","countReserves","local_function","No","local","","","","name-collision","rename","new"
"EntryPoints","!KRT/EntryPoints/SlashEvents.lua","425","434","getCurrentRaidSummary","local_function","No","local","","","","structural-pattern","keep","new"
"EntryPoints","!KRT/EntryPoints/SlashEvents.lua","435","442","getRoleState","local_function","No","local","","","","structural-pattern","keep","new"
"EntryPoints","!KRT/EntryPoints/SlashEvents.lua","443","451","showVersion","local_function","No","local","","","","structural-pattern","keep","new"
"EntryPoints","!KRT/EntryPoints/SlashEvents.lua","452","469","showBugReport","local_function","No","local","","","","structural-pattern","keep","new"
"EntryPoints","!KRT/EntryPoints/SlashEvents.lua","470","537","handleDebugCommand","local_function","No","local","","","","structural-pattern","keep","new"
"EntryPoints","!KRT/EntryPoints/SlashEvents.lua","538","545","formatPerfThreshold","local_function","No","local","","","","structural-pattern","keep","new"
"EntryPoints","!KRT/EntryPoints/SlashEvents.lua","546","553","getPerfThreshold","local_function","No","local","","","","structural-pattern","keep","new"
"EntryPoints","!KRT/EntryPoints/SlashEvents.lua","554","557","isPerfEnabled","local_function","No","local","","","","structural-pattern","keep","new"
"EntryPoints","!KRT/EntryPoints/SlashEvents.lua","558","564","setPerfEnabled","local_function","No","local","","","","structural-pattern","keep","new"
"EntryPoints","!KRT/EntryPoints/SlashEvents.lua","565","574","setPerfThreshold","local_function","No","local","","","","structural-pattern","keep","new"
"EntryPoints","!KRT/EntryPoints/SlashEvents.lua","575","614","handlePerfCommand","local_function","No","local","","","","structural-pattern","keep","new"
"EntryPoints","!KRT/EntryPoints/SlashEvents.lua","615","638","handleMinimapCommand","local_function","No","local","","","","structural-pattern","keep","new"
"EntryPoints","!KRT/EntryPoints/SlashEvents.lua","639","654","handleAchievementCommand","local_function","No","local","","","","structural-pattern","keep","new"
"EntryPoints","!KRT/EntryPoints/SlashEvents.lua","655","663","handleConfigCommand","local_function","No","local","","","","structural-pattern","keep","new"
"EntryPoints","!KRT/EntryPoints/SlashEvents.lua","664","676","handleWarningsCommand","local_function","No","local","","","","structural-pattern","keep","new"
"EntryPoints","!KRT/EntryPoints/SlashEvents.lua","677","697","handleLoggerCommand","local_function","No","local","","","","structural-pattern","keep","new"
"EntryPoints","!KRT/EntryPoints/SlashEvents.lua","698","701","handleAttendanceCommand","local_function","No","local","","","","structural-pattern","keep","new"
"EntryPoints","!KRT/EntryPoints/SlashEvents.lua","702","708","handleLootCommand","local_function","No","local","","","","structural-pattern","keep","new"
"EntryPoints","!KRT/EntryPoints/SlashEvents.lua","709","715","handleCounterCommand","local_function","No","local","","","","structural-pattern","keep","new"
"EntryPoints","!KRT/EntryPoints/SlashEvents.lua","716","726","formatReserveNameMatches","local_function","No","local","","","","structural-pattern","keep","new"
"EntryPoints","!KRT/EntryPoints/SlashEvents.lua","727","730","printReadinessLine","local_function","No","local","","","","structural-pattern","keep","new"
"EntryPoints","!KRT/EntryPoints/SlashEvents.lua","731","740","formatSoftResHealthSeverity","local_function","No","local","","","","structural-pattern","keep","new"
"EntryPoints","!KRT/EntryPoints/SlashEvents.lua","741","754","getCurrentSoftResItem","local_function","No","local","","","","structural-pattern","keep","new"
"EntryPoints","!KRT/EntryPoints/SlashEvents.lua","755","781","printSoftResHealthReport","local_function","No","local","","","","structural-pattern","keep","new"
"EntryPoints","!KRT/EntryPoints/SlashEvents.lua","782","868","printSoftResReadinessReport","local_function","No","local","","","","structural-pattern","keep","new"
"EntryPoints","!KRT/EntryPoints/SlashEvents.lua","869","950","handleReservesCommand","local_function","No","local","","","","structural-pattern","keep","new"
"EntryPoints","!KRT/EntryPoints/SlashEvents.lua","951","1013","handleValidateCommand","local_function","No","local","","","","structural-pattern","keep","new"
"EntryPoints","!KRT/EntryPoints/SlashEvents.lua","1014","1029","handleLfmCommand","local_function","No","local","","","","structural-pattern","keep","new"
"EntryPoints","!KRT/EntryPoints/SlashEvents.lua","1030","1076","handleHelpCommand","local_function","No","local","","","","structural-pattern","keep","new"
"EntryPoints","!KRT/EntryPoints/SlashEvents.lua","1077","1080","handleBugCommand","local_function","No","local","","","","structural-pattern","keep","new"
"EntryPoints","!KRT/EntryPoints/SlashEvents.lua","1081","1088","handleVersionCommand","local_function","No","local","","","","structural-pattern","keep","new"
"EntryPoints","!KRT/EntryPoints/SlashEvents.lua","1089","1160","handleSlashCommand","local_function","No","local","","","","structural-pattern","keep","new"
"Localization","!KRT/Localization/localization.en.lua","16","800","__index","field_closure","Yes","local","","","","structural-pattern","extract","new"
"Modules","!KRT/Modules/Base64.lua","24","44","Base64.Encode","method_dot","Yes","Base64","","","","structural-pattern","keep","new"
"Modules","!KRT/Modules/Base64.lua","45","82","Base64.Decode","method_dot","Yes","Base64","","","","structural-pattern","keep","new"
"Modules","!KRT/Modules/Bus.lua","24","45","Bus.RegisterCallback","method_dot","Yes","Bus","","","","structural-pattern","keep","new"
"Modules","!KRT/Modules/Bus.lua","46","88","Bus.TriggerEvent","method_dot","Yes","Bus","","","","structural-pattern","keep","new"
"Modules","!KRT/Modules/Colors.lua","21","40","Colors.NormalizeHexColor","method_dot","Yes","Colors","","","","structural-pattern","keep","new"
"Modules","!KRT/Modules/Colors.lua","41","58","Colors.GetClassColor","method_dot","Yes","Colors","","","","structural-pattern","keep","new"
"Modules","!KRT/Modules/Comms.lua","33","36","getUnknownText","local_function","No","local","","","","structural-pattern","keep","new"
"Modules","!KRT/Modules/Comms.lua","37","40","getBase64","local_function","No","local","","","","name-collision","rename","new"
"Modules","!KRT/Modules/Comms.lua","41","54","Payload._EncodeText","field_closure","Yes","Payload","","","","structural-pattern","keep","new"
"Modules","!KRT/Modules/Comms.lua","55","73","Payload._DecodeText","field_closure","Yes","Payload","","","","structural-pattern","keep","new"
"Modules","!KRT/Modules/Comms.lua","74","107","Payload._SplitFields","field_closure","Yes","Payload","","","","structural-pattern","keep","new"
"Modules","!KRT/Modules/Comms.lua","108","117","Payload._PackFields","field_closure","Yes","Payload","","","","structural-pattern","keep","new"
"Modules","!KRT/Modules/Comms.lua","118","122","splitVersionPayload","local_function","No","local","","","","structural-pattern","keep","new"
"Modules","!KRT/Modules/Comms.lua","123","133","getAddonMetadata","local_function","No","local","","","","structural-pattern","keep","new"
"Modules","!KRT/Modules/Comms.lua","134","141","getRaidSchemaVersion","local_function","No","local","","","","name-collision","rename","new"
"Modules","!KRT/Modules/Comms.lua","142","149","getSyncProtocolVersion","local_function","No","local","","","","structural-pattern","keep","new"
"Modules","!KRT/Modules/Comms.lua","150","160","buildVersionPayload","local_function","No","local","","","","structural-pattern","keep","new"
"Modules","!KRT/Modules/Comms.lua","161","177","getGroupTransport","local_function","No","local","","","","structural-pattern","keep","new"
"Modules","!KRT/Modules/Comms.lua","178","182","getPlayerName","local_function","No","local","","","","name-collision","rename","new"
"Modules","!KRT/Modules/Comms.lua","183","193","sendGroupMessage","local_function","No","local","","","","structural-pattern","keep","new"
"Modules","!KRT/Modules/Comms.lua","194","197","Comms.Sync","method_dot","Yes","Comms","","","","structural-pattern","keep","new"
"Modules","!KRT/Modules/Comms.lua","198","204","Comms.SendChat","method_dot","Yes","Comms","","","","structural-pattern","keep","new"
"Modules","!KRT/Modules/Comms.lua","205","211","Comms.SendWhisper","method_dot","Yes","Comms","","","","name-collision","rename","new"
"Modules","!KRT/Modules/Comms.lua","212","218","Comms:EnsureVersionPrefix","method_colon","Yes","Comms","","","","structural-pattern","keep","new"
"Modules","!KRT/Modules/Comms.lua","219","227","Comms.GetVersionInfo","method_dot","Yes","Comms","","","","name-collision","rename","new"
"Modules","!KRT/Modules/Comms.lua","228","238","Comms:RequestVersionCheck","method_colon","Yes","Comms","","","","structural-pattern","keep","new"
"Modules","!KRT/Modules/Comms.lua","239","279","Comms:HandleVersionMessage","method_colon","Yes","Comms","","","","structural-pattern","keep","new"
"Modules","!KRT/Modules/Dataset/IgnoredItems.lua","81","99","copyLookup","local_function","No","local","","","","structural-pattern","keep","new"
"Modules","!KRT/Modules/Dataset/IgnoredItems.lua","100","103","IgnoredItems.Contains","method_dot","Yes","IgnoredItems","","","","name-collision","rename","new"
"Modules","!KRT/Modules/Dataset/IgnoredItems.lua","104","120","IgnoredItems.IsEnchantingMaterial","method_dot","Yes","IgnoredItems","","","","name-collision","rename","new"
"Modules","!KRT/Modules/Dataset/IgnoredMobs.lua","22","143","resolveTrashMobName","local_function","No","local","","","","structural-pattern","keep","new"
"Modules","!KRT/Modules/Dataset/IgnoredMobs.lua","144","151","IgnoredMobs.GetTrashMobName","method_dot","Yes","IgnoredMobs","","","","structural-pattern","keep","new"
"Modules","!KRT/Modules/Dataset/IgnoredMobs.lua","152","155","IgnoredMobs.IsTrashMobName","method_dot","Yes","IgnoredMobs","","","","structural-pattern","keep","new"
"Modules","!KRT/Modules/Dataset/IgnoredMobs.lua","156","172","IgnoredMobs.Contains","method_dot","Yes","IgnoredMobs","","","","name-collision","rename","new"
"Modules","!KRT/Modules/Dataset/LootSources/BurningCrusade.lua","22","1216","appendLootSources","local_function","No","local","","","","name-collision","rename","new"
"Modules","!KRT/Modules/Dataset/LootSources/Vanilla.lua","22","1267","appendLootSources","local_function","No","local","","","","name-collision","rename","new"
"Modules","!KRT/Modules/Dataset/LootSources/Wrath.lua","22","6982","appendLootSources","local_function","No","local","","","","name-collision","rename","new"
"Modules","!KRT/Modules/Dataset/LootSourcesData.lua","26","29","isBossSource","local_function","No","local","","","","structural-pattern","keep","new"
"Modules","!KRT/Modules/Dataset/LootSourcesData.lua","30","36","trimText","local_function","No","local","","","","name-collision","rename","new"
"Modules","!KRT/Modules/Dataset/LootSourcesData.lua","37","44","normalizeText","local_function","No","local","","","","name-collision","rename","new"
"Modules","!KRT/Modules/Dataset/LootSourcesData.lua","45","55","copyModes","local_function","No","local","","","","name-collision","rename","new"
"Modules","!KRT/Modules/Dataset/LootSourcesData.lua","56","67","parseMode","local_function","No","local","","","","structural-pattern","keep","new"
"Modules","!KRT/Modules/Dataset/LootSourcesData.lua","68","89","getOrCreateModeSizeBucket","local_function","No","local","","","","structural-pattern","keep","new"
"Modules","!KRT/Modules/Dataset/LootSourcesData.lua","90","117","addItemSource","local_function","No","local","","","","structural-pattern","keep","new"
"Modules","!KRT/Modules/Dataset/LootSourcesData.lua","118","157","addSourceToInstanceIndex","local_function","No","local","","","","structural-pattern","keep","new"
"Modules","!KRT/Modules/Dataset/LootSourcesData.lua","158","184","markSharedItemSources","local_function","No","local","","","","structural-pattern","keep","new"
"Modules","!KRT/Modules/Dataset/LootSourcesData.lua","185","195","buildInstanceIndex","local_function","No","local","","","","structural-pattern","keep","new"
"Modules","!KRT/Modules/Dataset/LootSourcesData.lua","196","238","loadRaidLootSources","local_function","No","local","","","","structural-pattern","keep","new"
"Modules","!KRT/Modules/Events.lua","45","51","Events.GetConfigOptionChanged","method_dot","Yes","Events","","","","structural-pattern","keep","new"
"Modules","!KRT/Modules/Events.lua","52","71","Events.GetWowForwarded","method_dot","Yes","Events","","","","structural-pattern","keep","new"
"Modules","!KRT/Modules/Features.lua","24","37","applyDefaultProfile","local_function","No","local","","","","structural-pattern","keep","new"
"Modules","!KRT/Modules/Features.lua","38","64","Features:IsEnabled","method_colon","Yes","Features","","","","name-collision","rename","new"
"Modules","!KRT/Modules/Item.lua","37","45","ensureTooltip","local_function","No","local","","","","structural-pattern","keep","new"
"Modules","!KRT/Modules/Item.lua","46","52","setTooltipOwner","local_function","No","local","","","","structural-pattern","keep","new"
"Modules","!KRT/Modules/Item.lua","53","60","getNow","local_function","No","local","","","","structural-pattern","keep","new"
"Modules","!KRT/Modules/Item.lua","61","66","safeCallback","local_function","No","local","","","","structural-pattern","keep","new"
"Modules","!KRT/Modules/Item.lua","67","74","normalizeTimeoutSeconds","local_function","No","local","","","","structural-pattern","keep","new"
"Modules","!KRT/Modules/Item.lua","75","82","buildItemFallbackLink","local_function","No","local","","","","structural-pattern","keep","new"
"Modules","!KRT/Modules/Item.lua","83","107","getItemSnapshot","local_function","No","local","","","","structural-pattern","keep","new"
"Modules","!KRT/Modules/Item.lua","108","119","warmItemRef","local_function","No","local","","","","structural-pattern","keep","new"
"Modules","!KRT/Modules/Item.lua","120","129","cancelItemRequestTicker","local_function","No","local","","","","structural-pattern","keep","new"
"Modules","!KRT/Modules/Item.lua","130","137","ensureItemRequestTicker","local_function","No","local","","","","structural-pattern","keep","new"
"Modules","!KRT/Modules/Item.lua","138","172","processItemRequests","field_closure","Yes","local","","","","structural-pattern","keep","new"
"Modules","!KRT/Modules/Item.lua","173","194","scanSoulboundFlag","local_function","No","local","","","","structural-pattern","keep","new"
"Modules","!KRT/Modules/Item.lua","195","227","scanBindType","local_function","No","local","","","","structural-pattern","keep","new"
"Modules","!KRT/Modules/Item.lua","228","242","Item.GetItemIdFromLink","method_dot","Yes","Item","","","","structural-pattern","keep","new"
"Modules","!KRT/Modules/Item.lua","243","263","Item.GetItemStringFromLink","method_dot","Yes","Item","","","","structural-pattern","keep","new"
"Modules","!KRT/Modules/Item.lua","264","283","Item.WarmItemCache","method_dot","Yes","Item","","","","name-collision","rename","new"
"Modules","!KRT/Modules/Item.lua","284","295","Item.RequestItemInfo","method_dot","Yes","Item","","","","structural-pattern","keep","new"
"Modules","!KRT/Modules/Item.lua","296","298","Cancel","field_closure","Yes","local","","","","structural-pattern","extract","new"
"Modules","!KRT/Modules/Item.lua","299","316","IsCancelled","field_closure","Yes","local","","","","structural-pattern","extract","new"
"Modules","!KRT/Modules/Item.lua","317","323","handle:Cancel","method_colon","Yes","handle","","","","name-collision","rename","new"
"Modules","!KRT/Modules/Item.lua","324","329","handle:IsCancelled","method_colon","Yes","handle","","","","name-collision","rename","new"
"Modules","!KRT/Modules/Item.lua","330","354","Item.GetItemBindFromTooltip","method_dot","Yes","Item","","","","structural-pattern","keep","new"
"Modules","!KRT/Modules/Item.lua","355","392","Item.IsBagItemSoulbound","method_dot","Yes","Item","","","","name-collision","rename","new"
"Modules","!KRT/Modules/Json.lua","22","26","fail","local_function","No","local","","","","name-collision","rename","new"
"Modules","!KRT/Modules/Json.lua","27","30","peek","local_function","No","local","","","","structural-pattern","keep","new"
"Modules","!KRT/Modules/Json.lua","31","34","advance","local_function","No","local","","","","structural-pattern","keep","new"
"Modules","!KRT/Modules/Json.lua","35","39","skipWhitespace","local_function","No","local","","","","structural-pattern","keep","new"
"Modules","!KRT/Modules/Json.lua","40","46","hexToNumber","local_function","No","local","","","","structural-pattern","keep","new"
"Modules","!KRT/Modules/Json.lua","47","67","codepointToUtf8","local_function","No","local","","","","structural-pattern","keep","new"
"Modules","!KRT/Modules/Json.lua","68","71","isDigit","local_function","No","local","","","","structural-pattern","keep","new"
"Modules","!KRT/Modules/Json.lua","72","129","parseString","local_function","No","local","","","","structural-pattern","keep","new"
"Modules","!KRT/Modules/Json.lua","130","182","parseNumber","local_function","No","local","","","","name-collision","rename","new"
"Modules","!KRT/Modules/Json.lua","183","190","parseLiteral","local_function","No","local","","","","structural-pattern","keep","new"
"Modules","!KRT/Modules/Json.lua","191","226","parseArray","local_function","No","local","","","","structural-pattern","keep","new"
"Modules","!KRT/Modules/Json.lua","227","276","parseObject","local_function","No","local","","","","structural-pattern","keep","new"
"Modules","!KRT/Modules/Json.lua","277","304","parseValue","field_closure","Yes","local","","","","structural-pattern","keep","new"
"Modules","!KRT/Modules/Json.lua","305","338","Json.GetDecoded","method_dot","Yes","Json","","","","structural-pattern","keep","new"
"Modules","!KRT/Modules/LootSources.lua","46","52","trimText","local_function","No","local","","","","name-collision","rename","new"
"Modules","!KRT/Modules/LootSources.lua","53","63","normalizeText","local_function","No","local","","","","name-collision","rename","new"
"Modules","!KRT/Modules/LootSources.lua","64","75","copyModes","local_function","No","local","","","","name-collision","rename","new"
"Modules","!KRT/Modules/LootSources.lua","76","87","copyCandidate","local_function","No","local","","","","structural-pattern","keep","new"
"Modules","!KRT/Modules/LootSources.lua","88","95","copyCandidates","local_function","No","local","","","","structural-pattern","keep","new"
"Modules","!KRT/Modules/LootSources.lua","96","117","cloneResolvedResult","local_function","No","local","","","","structural-pattern","keep","new"
"Modules","!KRT/Modules/LootSources.lua","118","130","isValidCandidate","local_function","No","local","","","","structural-pattern","keep","new"
"Modules","!KRT/Modules/LootSources.lua","131","149","getCacheKeyFromContext","local_function","No","local","","","","structural-pattern","keep","new"
"Modules","!KRT/Modules/LootSources.lua","150","162","cacheFindSourceResult","local_function","No","local","","","","structural-pattern","keep","new"
"Modules","!KRT/Modules/LootSources.lua","163","171","getCachedFindSourceResult","local_function","No","local","","","","structural-pattern","keep","new"
"Modules","!KRT/Modules/LootSources.lua","172","209","getModeKey","local_function","No","local","","","","structural-pattern","keep","new"
"Modules","!KRT/Modules/LootSources.lua","210","220","parseModeKey","local_function","No","local","","","","structural-pattern","keep","new"
"Modules","!KRT/Modules/LootSources.lua","221","255","normalizeLookupContext","local_function","No","local","","","","structural-pattern","keep","new"
"Modules","!KRT/Modules/LootSources.lua","256","276","matchesRaidContext","local_function","No","local","","","","structural-pattern","keep","new"
"Modules","!KRT/Modules/LootSources.lua","277","288","matchesModeContext","local_function","No","local","","","","structural-pattern","keep","new"
"Modules","!KRT/Modules/LootSources.lua","289","299","filterCandidates","local_function","No","local","","","","structural-pattern","keep","new"
"Modules","!KRT/Modules/LootSources.lua","300","364","getIndexedCandidates","local_function","No","local","","","","structural-pattern","keep","new"
"Modules","!KRT/Modules/LootSources.lua","365","370","withConfidence","local_function","No","local","","","","structural-pattern","keep","new"
"Modules","!KRT/Modules/LootSources.lua","371","378","withSharedContext","local_function","No","local","","","","structural-pattern","keep","new"
"Modules","!KRT/Modules/LootSources.lua","379","395","buildSharedSourceName","local_function","No","local","","","","structural-pattern","keep","new"
"Modules","!KRT/Modules/LootSources.lua","396","409","buildSharedSource","local_function","No","local","","","","structural-pattern","keep","new"
"Modules","!KRT/Modules/LootSources.lua","410","436","findRecentSourceCandidate","local_function","No","local","","","","structural-pattern","keep","new"
"Modules","!KRT/Modules/LootSources.lua","437","461","findSharedTrashCandidate","local_function","No","local","","","","structural-pattern","keep","new"
"Modules","!KRT/Modules/LootSources.lua","462","493","getCachedCandidates","local_function","No","local","","","","structural-pattern","keep","new"
"Modules","!KRT/Modules/LootSources.lua","494","504","setDataForTests","local_function","No","local","","","","structural-pattern","keep","new"
"Modules","!KRT/Modules/LootSources.lua","505","529","LootSources.GetCandidates","method_dot","Yes","LootSources","","","","structural-pattern","keep","new"
"Modules","!KRT/Modules/LootSources.lua","530","589","LootSources.FindSource","method_dot","Yes","LootSources","","","","structural-pattern","keep","new"
"Modules","!KRT/Modules/ModuleRegistry.lua","22","33","copyDeps","local_function","No","local","","","","structural-pattern","keep","new"
"Modules","!KRT/Modules/ModuleRegistry.lua","34","51","ensureRecord","local_function","No","local","","","","structural-pattern","keep","new"
"Modules","!KRT/Modules/ModuleRegistry.lua","52","65","copyRecord","local_function","No","local","","","","structural-pattern","keep","new"
"Modules","!KRT/Modules/ModuleRegistry.lua","66","72","clearArray","local_function","No","local","","","","structural-pattern","keep","new"
"Modules","!KRT/Modules/ModuleRegistry.lua","73","82","ModuleRegistry.AddModule","method_dot","Yes","ModuleRegistry","","","","structural-pattern","keep","new"
"Modules","!KRT/Modules/ModuleRegistry.lua","83","96","ModuleRegistry.SetLoaded","method_dot","Yes","ModuleRegistry","","","","structural-pattern","keep","new"
"Modules","!KRT/Modules/ModuleRegistry.lua","97","103","ModuleRegistry.GetStatus","method_dot","Yes","ModuleRegistry","","","","structural-pattern","keep","new"
"Modules","!KRT/Modules/ModuleRegistry.lua","104","112","ModuleRegistry.GetModules","method_dot","Yes","ModuleRegistry","","","","structural-pattern","keep","new"
"Modules","!KRT/Modules/ModuleRegistry.lua","113","167","ModuleRegistry.GetLoadOrderStatus","method_dot","Yes","ModuleRegistry","","","","structural-pattern","keep","new"
"Modules","!KRT/Modules/Sort.lua","21","27","Sort.CompareValues","method_dot","Yes","Sort","","","","structural-pattern","keep","new"
"Modules","!KRT/Modules/Sort.lua","28","40","Sort.CompareNumbers","method_dot","Yes","Sort","","","","structural-pattern","keep","new"
"Modules","!KRT/Modules/Sort.lua","41","68","Sort.GetLootSortName","method_dot","Yes","Sort","","","","structural-pattern","keep","new"
"Modules","!KRT/Modules/Strings.lua","26","32","trimRaw","local_function","No","local","","","","structural-pattern","keep","new"
"Modules","!KRT/Modules/Strings.lua","33","41","upperFirst","local_function","No","local","","","","structural-pattern","keep","new"
"Modules","!KRT/Modules/Strings.lua","42","48","Strings.TrimText","method_dot","Yes","Strings","","","strings.trim/split*","name-collision","rename","new"
"Modules","!KRT/Modules/Strings.lua","49","56","Strings.NormalizeName","method_dot","Yes","Strings","","","","name-collision","rename","new"
"Modules","!KRT/Modules/Strings.lua","57","64","Strings.NormalizeLower","method_dot","Yes","Strings","","","","name-collision","rename","new"
"Modules","!KRT/Modules/Strings.lua","65","75","Strings.FindAchievement","method_dot","Yes","Strings","","","","structural-pattern","keep","new"
"Modules","!KRT/Modules/Strings.lua","76","84","Strings.FormatChatMessage","method_dot","Yes","Strings","","","","structural-pattern","keep","new"
"Modules","!KRT/Modules/Strings.lua","85","106","Strings.SplitArgs","method_dot","Yes","Strings","","","strings.trim/split*","structural-pattern","keep","new"
"Modules","!KRT/Modules/Time.lua","18","26","Time.GetDifficulty","method_dot","Yes","Time","","","","structural-pattern","keep","new"
"Modules","!KRT/Modules/Time.lua","27","52","Time.GetCurrentTime","method_dot","Yes","Time","","","","structural-pattern","keep","new"
"Modules","!KRT/Modules/Timer.lua","41","44","now","local_function","No","local","","","","structural-pattern","keep","new"
"Modules","!KRT/Modules/Timer.lua","45","54","getState","local_function","No","local","","","","structural-pattern","keep","new"
"Modules","!KRT/Modules/Timer.lua","55","66","registerHandle","local_function","No","local","","","","structural-pattern","keep","new"
"Modules","!KRT/Modules/Timer.lua","67","85","unregisterHandle","local_function","No","local","","","","structural-pattern","keep","new"
"Modules","!KRT/Modules/Timer.lua","86","104","invokeCallback","local_function","No","local","","","","structural-pattern","keep","new"
"Modules","!KRT/Modules/Timer.lua","105","120","mixin:ScheduleTimer","method_colon","Yes","mixin","","","","structural-pattern","keep","new"
"Modules","!KRT/Modules/Timer.lua","121","132","oneShotCallback","local_closure","No","local","","","","structural-pattern","keep","new"
"Modules","!KRT/Modules/Timer.lua","133","148","mixin:ScheduleRepeatingTimer","method_colon","Yes","mixin","","","","structural-pattern","keep","new"
"Modules","!KRT/Modules/Timer.lua","149","163","repeatingCallback","local_closure","No","local","","","","structural-pattern","keep","new"
"Modules","!KRT/Modules/Timer.lua","164","177","mixin:CancelTimer","method_colon","Yes","mixin","","","","structural-pattern","keep","new"
"Modules","!KRT/Modules/Timer.lua","178","201","Timer.BindMixin","method_dot","Yes","Timer","","","","structural-pattern","keep","new"
"Modules","!KRT/Modules/Timer.lua","202","214","Timer.RefreshStats","method_dot","Yes","Timer","","","","structural-pattern","keep","new"
"Modules","!KRT/Modules/Timer.lua","215","235","buildDumpRows","local_function","No","local","","","","structural-pattern","keep","new"
"Modules","!KRT/Modules/Timer.lua","236","287","Timer.ShowStats","method_dot","Yes","Timer","","","","structural-pattern","keep","new"
"Modules","!KRT/Modules/UI/Effects.lua","79","87","copyColor","local_function","No","local","","","","structural-pattern","keep","new"
"Modules","!KRT/Modules/UI/Effects.lua","88","93","copyInto","local_function","No","local","","","","structural-pattern","keep","new"
"Modules","!KRT/Modules/UI/Effects.lua","94","111","createBaseSubGlowDefaults","local_function","No","local","","","","structural-pattern","keep","new"
"Modules","!KRT/Modules/UI/Effects.lua","112","128","buildMethodDefaults","local_function","No","local","","","","structural-pattern","keep","new"
"Modules","!KRT/Modules/UI/Effects.lua","129","143","resolveMethodKey","local_function","No","local","","","","structural-pattern","keep","new"
"Modules","!KRT/Modules/UI/Effects.lua","144","151","resolveMethod","local_function","No","local","","","","structural-pattern","keep","new"
"Modules","!KRT/Modules/UI/Effects.lua","152","156","setFrameLayer","local_function","No","local","","","","structural-pattern","keep","new"
"Modules","!KRT/Modules/UI/Effects.lua","157","166","clamp","local_function","No","local","","","","name-collision","rename","new"
"Modules","!KRT/Modules/UI/Effects.lua","167","195","applyDynamicSettings","local_function","No","local","","","","structural-pattern","keep","new"
"Modules","!KRT/Modules/UI/Effects.lua","196","202","configurePulsePair","local_function","No","local","","","","structural-pattern","keep","new"
"Modules","!KRT/Modules/UI/Effects.lua","203","217","applyPulseConfig","local_function","No","local","","","","structural-pattern","keep","new"
"Modules","!KRT/Modules/UI/Effects.lua","218","228","applyGlowColor","local_function","No","local","","","","structural-pattern","keep","new"
"Modules","!KRT/Modules/UI/Effects.lua","229","279","updateGlowGeometry","local_function","No","local","","","","structural-pattern","keep","new"
"Modules","!KRT/Modules/UI/Effects.lua","280","328","onProcGlowUpdate","local_function","No","local","","","","structural-pattern","keep","new"
"Modules","!KRT/Modules/UI/Effects.lua","329","336","stopProcGlow","local_function","No","local","","","","structural-pattern","keep","new"
"Modules","!KRT/Modules/UI/Effects.lua","337","382","startProcGlow","local_function","No","local","","","","structural-pattern","keep","new"
"Modules","!KRT/Modules/UI/Effects.lua","383","395","stopAllGlow","local_function","No","local","","","","structural-pattern","keep","new"
"Modules","!KRT/Modules/UI/Effects.lua","396","401","startBaseGlow","local_function","No","local","","","","structural-pattern","keep","new"
"Modules","!KRT/Modules/UI/Effects.lua","402","406","startRingGlow","local_function","No","local","","","","structural-pattern","keep","new"
"Modules","!KRT/Modules/UI/Effects.lua","407","411","startButtonGlow","local_function","No","local","","","","structural-pattern","keep","new"
"Modules","!KRT/Modules/UI/Effects.lua","412","561","ensureGlow","local_function","No","local","","","","structural-pattern","keep","new"
"Modules","!KRT/Modules/UI/Effects.lua","562","612","UIEffects.SetButtonGlow","method_dot","Yes","UIEffects","","","","name-collision","rename","new"
"Modules","!KRT/Modules/UI/Facade.lua","19","34","isWidgetEnabled","local_function","No","local","","","","structural-pattern","keep","new"
"Modules","!KRT/Modules/UI/Facade.lua","35","41","UI:IsEnabled","method_colon","Yes","UI","","","","name-collision","rename","new"
"Modules","!KRT/Modules/UI/Facade.lua","42","49","UI:IsRegistered","method_colon","Yes","UI","","","","structural-pattern","keep","new"
"Modules","!KRT/Modules/UI/Facade.lua","50","64","UI:Register","method_colon","Yes","UI","","","","structural-pattern","keep","new"
"Modules","!KRT/Modules/UI/Facade.lua","65","84","UI:Call","method_colon","Yes","UI","","","","structural-pattern","keep","new"
"Modules","!KRT/Modules/UI/Frames.lua","30","39","resolveFrameName","local_function","No","local","","","","structural-pattern","keep","new"
"Modules","!KRT/Modules/UI/Frames.lua","40","44","isModuleUiBound","local_function","No","local","","","","structural-pattern","keep","new"
"Modules","!KRT/Modules/UI/Frames.lua","45","84","Frames.EnableDrag","method_dot","Yes","Frames","","","","structural-pattern","keep","new"
"Modules","!KRT/Modules/UI/Frames.lua","85","97","Frames.MakeConfirmPopup","method_dot","Yes","Frames","","","","structural-pattern","keep","new"
"Modules","!KRT/Modules/UI/Frames.lua","98","107","Frames.MakeEditBoxPopup","method_dot","Yes","Frames","","","","structural-pattern","keep","new"
"Modules","!KRT/Modules/UI/Frames.lua","108","112","OnShow","field_closure","Yes","local","","","framework.hook","framework-hook","keep","new"
"Modules","!KRT/Modules/UI/Frames.lua","113","116","OnHide","field_closure","Yes","local","","","framework.hook","framework-hook","keep","new"
"Modules","!KRT/Modules/UI/Frames.lua","117","134","OnAccept","field_closure","Yes","local","","","framework.hook","framework-hook","keep","new"
"Modules","!KRT/Modules/UI/Frames.lua","135","147","Frames.SetFrameTitle","method_dot","Yes","Frames","","","","structural-pattern","keep","new"
"Modules","!KRT/Modules/UI/Frames.lua","148","158","Frames.ResetEditBox","method_dot","Yes","Frames","","","","structural-pattern","keep","new"
"Modules","!KRT/Modules/UI/Frames.lua","159","169","Frames.SetEditBoxValue","method_dot","Yes","Frames","","","","structural-pattern","keep","new"
"Modules","!KRT/Modules/UI/Frames.lua","170","182","Frames.SetShown","method_dot","Yes","Frames","","","","structural-pattern","keep","new"
"Modules","!KRT/Modules/UI/Frames.lua","183","189","Frames.Get","method_dot","Yes","Frames","","","","name-collision","rename","new"
"Modules","!KRT/Modules/UI/Frames.lua","190","210","Frames.GetRef","method_dot","Yes","Frames","","","","structural-pattern","keep","new"
"Modules","!KRT/Modules/UI/Frames.lua","211","232","Frames.GetNamedParts","method_dot","Yes","Frames","","","","structural-pattern","keep","new"
"Modules","!KRT/Modules/UI/Frames.lua","233","250","Frames.SetScriptSafely","method_dot","Yes","Frames","","","","structural-pattern","keep","new"
"Modules","!KRT/Modules/UI/Frames.lua","251","278","showTooltip","local_function","No","local","","","","structural-pattern","keep","new"
"Modules","!KRT/Modules/UI/Frames.lua","279","282","Frames.HideTooltip","method_dot","Yes","Frames","","","","structural-pattern","keep","new"
"Modules","!KRT/Modules/UI/Frames.lua","283","296","Frames.SetTooltip","method_dot","Yes","Frames","","","","structural-pattern","keep","new"
"Modules","!KRT/Modules/UI/Frames.lua","297","306","Frames.MakeEventDrivenRefresher","method_dot","Yes","Frames","","","","structural-pattern","keep","new"
"Modules","!KRT/Modules/UI/Frames.lua","307","313","resolveTarget","local_function","No","local","","","","structural-pattern","keep","new"
"Modules","!KRT/Modules/UI/Frames.lua","314","329","ensureHook","local_function","No","local","","","","structural-pattern","keep","new"
"Modules","!KRT/Modules/UI/Frames.lua","330","364","run","local_function","No","local","","","","structural-pattern","keep","new"
"Modules","!KRT/Modules/UI/Frames.lua","365","378","Frames.MakeFrameGetter","method_dot","Yes","Frames","","","","structural-pattern","keep","new"
"Modules","!KRT/Modules/UI/Frames.lua","379","403","Frames.BindModuleFrame","method_dot","Yes","Frames","","","","structural-pattern","keep","new"
"Modules","!KRT/Modules/UI/Frames.lua","404","404","makeUIFrameController","local_function","No","local","","","","structural-pattern","keep","new"
"Modules","!KRT/Modules/UI/Frames.lua","405","412","showFrame","local_function","No","local","","","","structural-pattern","keep","new"
"Modules","!KRT/Modules/UI/Frames.lua","413","423","Toggle","field_closure","Yes","local","","","","api-polymorphic","keep","new"
"Modules","!KRT/Modules/UI/Frames.lua","424","429","Hide","field_closure","Yes","local","","","","api-polymorphic","keep","new"
"Modules","!KRT/Modules/UI/Frames.lua","430","438","Show","field_closure","Yes","local","","","","api-polymorphic","keep","new"
"Modules","!KRT/Modules/UI/Frames.lua","439","451","bootstrapModuleUi","local_function","No","local","","","","structural-pattern","keep","new"
"Modules","!KRT/Modules/UI/Frames.lua","452","463","UIScaffold.EnsureModuleUi","method_dot","Yes","UIScaffold","","","","structural-pattern","keep","new"
"Modules","!KRT/Modules/UI/Frames.lua","464","499","UIScaffold.DefineModuleUi","method_dot","Yes","UIScaffold","","","","structural-pattern","keep","new"
"Modules","!KRT/Modules/UI/Frames.lua","500","524","doRefresh","local_function","No","local","","","","structural-pattern","keep","new"
"Modules","!KRT/Modules/UI/Frames.lua","525","531","module:MarkDirty","method_colon","Yes","module","","","","name-collision","rename","new"
"Modules","!KRT/Modules/UI/Frames.lua","532","540","module:RequestRefresh","method_colon","Yes","module","","","","name-collision","rename","new"
"Modules","!KRT/Modules/UI/Frames.lua","541","583","module:BindUI","method_colon","Yes","module","","","","name-collision","rename","new"
"Modules","!KRT/Modules/UI/Frames.lua","584","591","module:EnsureUI","method_colon","Yes","module","","","","name-collision","rename","new"
"Modules","!KRT/Modules/UI/Frames.lua","592","598","module:Toggle","method_colon","Yes","module","","","","api-polymorphic","keep","new"
"Modules","!KRT/Modules/UI/Frames.lua","599","608","module:Hide","method_colon","Yes","module","","","","api-polymorphic","keep","new"
"Modules","!KRT/Modules/UI/Frames.lua","609","614","UIScaffold.MakeStandardWidgetApi","method_dot","Yes","UIScaffold","","","","structural-pattern","keep","new"
"Modules","!KRT/Modules/UI/Frames.lua","615","617","Toggle","field_closure","Yes","local","","","","api-polymorphic","keep","new"
"Modules","!KRT/Modules/UI/Frames.lua","618","620","Hide","field_closure","Yes","local","","","","api-polymorphic","keep","new"
"Modules","!KRT/Modules/UI/Frames.lua","621","634","RequestRefresh","field_closure","Yes","local","","","","structural-pattern","extract","new"
"Modules","!KRT/Modules/UI/Frames.lua","635","656","UIScaffold.CreateListPanelScaffold","method_dot","Yes","UIScaffold","","","","structural-pattern","keep","new"
"Modules","!KRT/Modules/UI/Frames.lua","657","660","markDirty","local_function","No","local","","","","name-collision","rename","new"
"Modules","!KRT/Modules/UI/Frames.lua","661","670","requestRefresh","local_function","No","local","","","","name-collision","rename","new"
"Modules","!KRT/Modules/UI/Frames.lua","671","676","hookOnShow","field_closure","Yes","local","","","","structural-pattern","extract","new"
"Modules","!KRT/Modules/UI/Frames.lua","677","688","hookOnHide","field_closure","Yes","local","","","","structural-pattern","extract","new"
"Modules","!KRT/Modules/UI/Frames.lua","689","699","scaffold:OnLoad","method_colon","Yes","scaffold","","","","api-polymorphic","keep","new"
"Modules","!KRT/Modules/UI/Frames.lua","700","716","scaffold:Refresh","method_colon","Yes","scaffold","","","framework.hook","framework-hook","keep","new"
"Modules","!KRT/Modules/UI/Frames.lua","717","751","Frames.BindEditBoxHandlers","method_dot","Yes","Frames","","","","structural-pattern","keep","new"
"Modules","!KRT/Modules/UI/ListController.lua","24","27","getRowVisuals","local_function","No","local","","","","structural-pattern","keep","new"
"Modules","!KRT/Modules/UI/ListController.lua","28","31","getUIPrimitives","local_function","No","local","","","","structural-pattern","keep","new"
"Modules","!KRT/Modules/UI/ListController.lua","32","39","getListDiag","local_function","No","local","","","","structural-pattern","keep","new"
"Modules","!KRT/Modules/UI/ListController.lua","40","44","isDebugEnabled","local_function","No","local","","","","name-collision","rename","new"
"Modules","!KRT/Modules/UI/ListController.lua","45","55","ListController.CreateRowDrawer","method_dot","Yes","ListController","","","","structural-pattern","keep","new"
"Modules","!KRT/Modules/UI/ListController.lua","56","74","ListController.MakeListController","method_dot","Yes","ListController","","","","structural-pattern","keep","new"
"Modules","!KRT/Modules/UI/ListController.lua","75","85","buildRowParts","local_function","No","local","","","","structural-pattern","keep","new"
"Modules","!KRT/Modules/UI/ListController.lua","86","106","acquireRow","local_function","No","local","","","","structural-pattern","keep","new"
"Modules","!KRT/Modules/UI/ListController.lua","107","113","releaseData","local_function","No","local","","","","structural-pattern","keep","new"
"Modules","!KRT/Modules/UI/ListController.lua","114","120","refreshData","local_function","No","local","","","","structural-pattern","keep","new"
"Modules","!KRT/Modules/UI/ListController.lua","121","127","ensureLocalized","local_function","No","local","","","","structural-pattern","keep","new"
"Modules","!KRT/Modules/UI/ListController.lua","128","148","setActive","local_function","No","local","","","","name-collision","rename","new"
"Modules","!KRT/Modules/UI/ListController.lua","149","190","safeRightInset","local_function","No","local","","","","structural-pattern","keep","new"
"Modules","!KRT/Modules/UI/ListController.lua","191","201","safeRowHeight","local_function","No","local","","","","structural-pattern","keep","new"
"Modules","!KRT/Modules/UI/ListController.lua","202","212","syncScrollChildWidth","local_function","No","local","","","","structural-pattern","keep","new"
"Modules","!KRT/Modules/UI/ListController.lua","213","266","applyHighlight","local_function","No","local","","","","structural-pattern","keep","new"
"Modules","!KRT/Modules/UI/ListController.lua","267","272","postUpdate","local_function","No","local","","","framework.hook","framework-hook","keep","new"
"Modules","!KRT/Modules/UI/ListController.lua","273","276","self:Touch","method_colon","Yes","self","","","","structural-pattern","keep","new"
"Modules","!KRT/Modules/UI/ListController.lua","277","283","self:Dirty","method_colon","Yes","self","","","","structural-pattern","keep","new"
"Modules","!KRT/Modules/UI/ListController.lua","284","300","runUpdate","local_function","No","local","","","","structural-pattern","keep","new"
"Modules","!KRT/Modules/UI/ListController.lua","301","326","self:UpdateNow","method_colon","Yes","self","","","","structural-pattern","keep","new"
"Modules","!KRT/Modules/UI/ListController.lua","327","370","self:OnLoad","method_colon","Yes","self","","","","api-polymorphic","keep","new"
"Modules","!KRT/Modules/UI/ListController.lua","371","472","fetchRows","field_closure","Yes","local","","","","structural-pattern","keep","new"
"Modules","!KRT/Modules/UI/ListController.lua","473","498","self:Sort","method_colon","Yes","self","","","","name-collision","rename","new"
"Modules","!KRT/Modules/UI/ListController.lua","499","499","ListController.BindListController","method_dot","Yes","ListController","","","","structural-pattern","keep","new"
"Modules","!KRT/Modules/UI/ListController.lua","500","502","module.OnLoad","field_closure","Yes","module","","","","api-polymorphic","keep","new"
"Modules","!KRT/Modules/UI/ListController.lua","503","514","module.Sort","field_closure","Yes","module","","","","structural-pattern","extract","new"
"Modules","!KRT/Modules/UI/MultiSelect.lua","25","31","normalizeScopeKey","local_function","No","local","","","","structural-pattern","keep","new"
"Modules","!KRT/Modules/UI/MultiSelect.lua","32","61","normalizeModifierPolicy","local_function","No","local","","","","structural-pattern","keep","new"
"Modules","!KRT/Modules/UI/MultiSelect.lua","62","65","isDebugEnabled","local_function","No","local","","","","name-collision","rename","new"
"Modules","!KRT/Modules/UI/MultiSelect.lua","66","71","debugLog","local_function","No","local","","","","structural-pattern","keep","new"
"Modules","!KRT/Modules/UI/MultiSelect.lua","72","79","msKey","local_function","No","local","","","","structural-pattern","keep","new"
"Modules","!KRT/Modules/UI/MultiSelect.lua","80","89","ensureContext","local_function","No","local","","","","name-collision","rename","new"
"Modules","!KRT/Modules/UI/MultiSelect.lua","90","96","idOf","local_function","No","local","","","","structural-pattern","keep","new"
"Modules","!KRT/Modules/UI/MultiSelect.lua","97","110","findIndex","local_function","No","local","","","","structural-pattern","keep","new"
"Modules","!KRT/Modules/UI/MultiSelect.lua","111","116","getModifierPolicy","local_function","No","local","","","","structural-pattern","keep","new"
"Modules","!KRT/Modules/UI/MultiSelect.lua","117","125","MultiSelect.EnsureState","method_dot","Yes","MultiSelect","","","","name-collision","rename","new"
"Modules","!KRT/Modules/UI/MultiSelect.lua","126","140","MultiSelect.SetModifierPolicy","method_dot","Yes","MultiSelect","","","","structural-pattern","keep","new"
"Modules","!KRT/Modules/UI/MultiSelect.lua","141","172","MultiSelect.ResolveModifiers","method_dot","Yes","MultiSelect","","","","structural-pattern","keep","new"
"Modules","!KRT/Modules/UI/MultiSelect.lua","173","220","MultiSelect.Toggle","method_dot","Yes","MultiSelect","","","","api-polymorphic","keep","new"
"Modules","!KRT/Modules/UI/MultiSelect.lua","221","230","MultiSelect.SetAnchor","method_dot","Yes","MultiSelect","","","","structural-pattern","keep","new"
"Modules","!KRT/Modules/UI/MultiSelect.lua","231","235","MultiSelect.GetAnchor","method_dot","Yes","MultiSelect","","","","structural-pattern","keep","new"
"Modules","!KRT/Modules/UI/MultiSelect.lua","236","284","MultiSelect.SelectRange","method_dot","Yes","MultiSelect","","","","structural-pattern","keep","new"
"Modules","!KRT/Modules/UI/MultiSelect.lua","285","293","MultiSelect.IsSelected","method_dot","Yes","MultiSelect","","","","structural-pattern","keep","new"
"Modules","!KRT/Modules/UI/MultiSelect.lua","294","298","MultiSelect.GetCount","method_dot","Yes","MultiSelect","","","","structural-pattern","keep","new"
"Modules","!KRT/Modules/UI/MultiSelect.lua","299","303","MultiSelect.GetVersion","method_dot","Yes","MultiSelect","","","","structural-pattern","keep","new"
"Modules","!KRT/Modules/UI/MultiSelect.lua","304","331","MultiSelect.GetSelected","method_dot","Yes","MultiSelect","","","","structural-pattern","keep","new"
"Modules","!KRT/Modules/UI/OptionsLayout.lua","42","49","getCfg","local_function","No","local","","","","structural-pattern","keep","new"
"Modules","!KRT/Modules/UI/OptionsLayout.lua","50","56","resolveFrame","local_function","No","local","","","","structural-pattern","keep","new"
"Modules","!KRT/Modules/UI/OptionsLayout.lua","57","72","resolveWidget","local_function","No","local","","","","structural-pattern","keep","new"
"Modules","!KRT/Modules/UI/OptionsLayout.lua","73","84","setSize","local_function","No","local","","","","structural-pattern","keep","new"
"Modules","!KRT/Modules/UI/OptionsLayout.lua","85","101","place","local_function","No","local","","","","structural-pattern","keep","new"
"Modules","!KRT/Modules/UI/OptionsLayout.lua","102","112","placeText","local_function","No","local","","","","structural-pattern","keep","new"
"Modules","!KRT/Modules/UI/OptionsLayout.lua","113","119","rowGap","local_function","No","local","","","","structural-pattern","keep","new"
"Modules","!KRT/Modules/UI/OptionsLayout.lua","120","123","numberOrDefault","local_function","No","local","","","","structural-pattern","keep","new"
"Modules","!KRT/Modules/UI/OptionsLayout.lua","124","127","placeButton","local_function","No","local","","","","structural-pattern","keep","new"
"Modules","!KRT/Modules/UI/OptionsLayout.lua","128","136","applyTextRow","local_function","No","local","","","","structural-pattern","keep","new"
"Modules","!KRT/Modules/UI/OptionsLayout.lua","137","152","applyCommandRow","local_function","No","local","","","","structural-pattern","keep","new"
"Modules","!KRT/Modules/UI/OptionsLayout.lua","153","170","applyEditCommandRow","local_function","No","local","","","","structural-pattern","keep","new"
"Modules","!KRT/Modules/UI/OptionsLayout.lua","171","193","applyDropDownRow","local_function","No","local","","","","structural-pattern","keep","new"
"Modules","!KRT/Modules/UI/OptionsLayout.lua","194","207","applyCheckRow","local_function","No","local","","","","structural-pattern","keep","new"
"Modules","!KRT/Modules/UI/OptionsLayout.lua","208","222","applySliderRow","local_function","No","local","","","","structural-pattern","keep","new"
"Modules","!KRT/Modules/UI/OptionsLayout.lua","223","235","applyButtonRow","local_function","No","local","","","","structural-pattern","keep","new"
"Modules","!KRT/Modules/UI/OptionsLayout.lua","236","283","applyRow","local_function","No","local","","","","structural-pattern","keep","new"
"Modules","!KRT/Modules/UI/OptionsLayout.lua","284","310","OptionsLayout.Apply","method_dot","Yes","OptionsLayout","","","","structural-pattern","keep","new"
"Modules","!KRT/Modules/UI/Visuals.lua","23","49","ensureRowTextures","local_function","No","local","","","","structural-pattern","keep","new"
"Modules","!KRT/Modules/UI/Visuals.lua","50","53","isLoggerRow","local_function","No","local","","","","structural-pattern","keep","new"
"Modules","!KRT/Modules/UI/Visuals.lua","54","63","getNamedFramePart","local_function","No","local","","","","structural-pattern","keep","new"
"Modules","!KRT/Modules/UI/Visuals.lua","64","71","setTextNamedPart","local_function","No","local","","","","structural-pattern","keep","new"
"Modules","!KRT/Modules/UI/Visuals.lua","72","83","getScreenPixelScale","local_function","No","local","","","","structural-pattern","keep","new"
"Modules","!KRT/Modules/UI/Visuals.lua","84","92","alignToPixel","local_function","No","local","","","","structural-pattern","keep","new"
"Modules","!KRT/Modules/UI/Visuals.lua","93","113","UIPrimitives.SetPixelSize","method_dot","Yes","UIPrimitives","","","","structural-pattern","keep","new"
"Modules","!KRT/Modules/UI/Visuals.lua","114","123","UIPrimitives.SetPixelPoint","method_dot","Yes","UIPrimitives","","","","structural-pattern","keep","new"
"Modules","!KRT/Modules/UI/Visuals.lua","124","134","UIPrimitives.EnableDisable","method_dot","Yes","UIPrimitives","","","","structural-pattern","keep","new"
"Modules","!KRT/Modules/UI/Visuals.lua","135","145","UIPrimitives.Toggle","method_dot","Yes","UIPrimitives","","","","api-polymorphic","keep","new"
"Modules","!KRT/Modules/UI/Visuals.lua","146","156","UIPrimitives.ShowHide","method_dot","Yes","UIPrimitives","","","","structural-pattern","keep","new"
"Modules","!KRT/Modules/UI/Visuals.lua","157","167","UIPrimitives.ToggleHighlight","method_dot","Yes","UIPrimitives","","","","structural-pattern","keep","new"
"Modules","!KRT/Modules/UI/Visuals.lua","168","182","UIPrimitives.SetButtonCount","method_dot","Yes","UIPrimitives","","","","structural-pattern","keep","new"
"Modules","!KRT/Modules/UI/Visuals.lua","183","189","UIPrimitives.SetButtonGlow","method_dot","Yes","UIPrimitives","","","","name-collision","rename","new"
"Modules","!KRT/Modules/UI/Visuals.lua","190","200","UIPrimitives.SetText","method_dot","Yes","UIPrimitives","","","","name-collision","rename","new"
"Modules","!KRT/Modules/UI/Visuals.lua","201","208","UIPrimitives.EnableDisableNamedPart","method_dot","Yes","UIPrimitives","","","","structural-pattern","keep","new"
"Modules","!KRT/Modules/UI/Visuals.lua","209","216","UIPrimitives.ShowHideNamedPart","method_dot","Yes","UIPrimitives","","","","structural-pattern","keep","new"
"Modules","!KRT/Modules/UI/Visuals.lua","217","224","UIPrimitives.UpdateModeTextNamedPart","method_dot","Yes","UIPrimitives","","","","structural-pattern","keep","new"
"Modules","!KRT/Modules/UI/Visuals.lua","225","228","UIRowVisuals.EnsureRowVisuals","method_dot","Yes","UIRowVisuals","","","","structural-pattern","keep","new"
"Modules","!KRT/Modules/UI/Visuals.lua","229","245","UIRowVisuals.SetRowSelected","method_dot","Yes","UIRowVisuals","","","","structural-pattern","keep","new"
"Modules","!KRT/Modules/UI/Visuals.lua","246","268","UIRowVisuals.SetRowFocused","method_dot","Yes","UIRowVisuals","","","","structural-pattern","keep","new"
"Root","!KRT/Init.lua","46","61","markBootstrapModuleLoaded","local_function","No","local","","","","structural-pattern","keep","new"
"Root","!KRT/Init.lua","62","67","__newindex","field_closure","Yes","local","","","","structural-pattern","extract","new"
"Root","!KRT/Init.lua","68","91","seedBootstrapEvents","local_function","No","local","","","","structural-pattern","keep","new"
"Root","!KRT/Init.lua","92","96","isDebugEnabled","local_function","No","local","","","","name-collision","rename","new"
"Root","!KRT/Init.lua","97","100","isTraceEnabled","local_function","No","local","","","","name-collision","rename","new"
"Root","!KRT/Init.lua","101","109","getPerfThresholdMs","local_function","No","local","","","","structural-pattern","keep","new"
"Root","!KRT/Init.lua","110","115","Database.EnsureBootstrapEvents","method_dot","Yes","Database","","","","structural-pattern","keep","new"
"Root","!KRT/Init.lua","116","126","addon._PerfStart","field_closure","Yes","addon","","","","structural-pattern","keep","new"
"Root","!KRT/Init.lua","127","151","addon._PerfFinish","field_closure","Yes","addon","","","","structural-pattern","keep","new"
"Root","!KRT/Init.lua","152","159","getController","local_function","No","local","","","entrypoints.controllerGetters.core","structural-pattern","keep","new"
"Root","!KRT/Init.lua","160","171","Database.RequestControllerMethod","method_dot","Yes","Database","","","","structural-pattern","keep","new"
"Root","!KRT/Init.lua","172","190","ensureNamespace","local_function","No","local","","","","structural-pattern","keep","new"
"Root","!KRT/Init.lua","191","194","Database.EnsureServiceNamespace","method_dot","Yes","Database","","","","structural-pattern","keep","new"
"Root","!KRT/Init.lua","195","202","Database.GetPlayerName","method_dot","Yes","Database","","","","name-collision","rename","new"
"Root","!KRT/Init.lua","203","210","Database.GetRealmName","method_dot","Yes","Database","","","","structural-pattern","keep","new"
"Root","!KRT/Init.lua","211","227","Database.GetUnitRank","method_dot","Yes","Database","","","","structural-pattern","keep","new"
"Root","!KRT/Init.lua","228","332","Database.EnsureLootRuntimeState","method_dot","Yes","Database","","","core.bootstrap.ensureLootRuntimeState","structural-pattern","keep","new"
"Root","!KRT/Init.lua","333","337","Database.GetItemIndex","method_dot","Yes","Database","","","","structural-pattern","keep","new"
"Root","!KRT/Init.lua","338","468","Database.GetFeatureShared","method_dot","Yes","Database","","","core.bootstrap.getFeatureShared","structural-pattern","keep","new"
"Root","!KRT/Init.lua","469","497","addon:Print","method_colon","Yes","addon","","","","name-collision","rename","new"
"Root","!KRT/Init.lua","498","501","Database.GetCurrentRaid","method_dot","Yes","Database","","","","name-collision","rename","new"
"Root","!KRT/Init.lua","502","506","Database.SetCurrentRaid","method_dot","Yes","Database","","","","name-collision","rename","new"
"Root","!KRT/Init.lua","507","510","Database.GetLastBoss","method_dot","Yes","Database","","","","structural-pattern","keep","new"
"Root","!KRT/Init.lua","511","515","Database.SetLastBoss","method_dot","Yes","Database","","","","structural-pattern","keep","new"
"Root","!KRT/Init.lua","516","519","Database.GetNextReset","method_dot","Yes","Database","","","","structural-pattern","keep","new"
"Root","!KRT/Init.lua","520","530","Database.SetNextReset","method_dot","Yes","Database","","","","structural-pattern","keep","new"
"Root","!KRT/Init.lua","531","548","handleEvent","local_function","No","local","","","","structural-pattern","keep","new"
"Root","!KRT/Init.lua","549","569","addListener","local_function","No","local","","","","structural-pattern","keep","new"
"Root","!KRT/Init.lua","570","587","removeListener","local_function","No","local","","","","structural-pattern","keep","new"
"Root","!KRT/Init.lua","588","591","addon:RegisterEvent","method_colon","Yes","addon","","","","structural-pattern","keep","new"
"Root","!KRT/Init.lua","592","601","addon:UnregisterEvent","method_colon","Yes","addon","","","","structural-pattern","keep","new"
"Root","!KRT/Init.lua","602","606","bindModuleRequestRefresh","local_function","No","local","","","","structural-pattern","keep","new"
"Root","!KRT/Init.lua","607","611","module:RequestRefresh","method_colon","Yes","module","","","","name-collision","rename","new"
"Root","!KRT/Init.lua","612","612","bindModuleToggleHide","local_function","No","local","","","","structural-pattern","keep","new"
"Root","!KRT/Init.lua","613","616","module:Toggle","method_colon","Yes","module","","","","api-polymorphic","keep","new"
"Root","!KRT/Init.lua","617","621","module:Hide","method_colon","Yes","module","","","","api-polymorphic","keep","new"
"Root","!KRT/Init.lua","622","636","makeModuleFrameGetter","local_function","No","local","","","","structural-pattern","keep","new"
"Root","!KRT/Init.lua","637","643","Database.RequireServiceMethod","method_dot","Yes","Database","","","","structural-pattern","keep","new"
"Root","!KRT/Init.lua","644","651","getService","local_function","No","local","","","","structural-pattern","keep","new"
"Root","!KRT/Init.lua","652","655","getRaidService","local_function","No","local","","","","name-collision","rename","new"
"Root","!KRT/Init.lua","656","662","getRaidStoreOrNil","local_function","No","local","","","","name-collision","rename","new"
"Root","!KRT/Init.lua","663","685","ensureDBManager","local_function","No","local","","","","structural-pattern","keep","new"
"Root","!KRT/Init.lua","686","693","Database.EnsureRaidSchema","method_dot","Yes","Database","","","","structural-pattern","keep","new"
"Root","!KRT/Init.lua","694","706","Database.EnsureRaidById","method_dot","Yes","Database","","","","structural-pattern","keep","new"
"Root","!KRT/Init.lua","707","719","Database.EnsureRaidByNid","method_dot","Yes","Database","","","","structural-pattern","keep","new"
"Root","!KRT/Init.lua","720","728","Database.GetRaidNidById","method_dot","Yes","Database","","","","structural-pattern","keep","new"
"Root","!KRT/Init.lua","729","737","Database.GetRaidIdByNid","method_dot","Yes","Database","","","","structural-pattern","keep","new"
"Root","!KRT/Init.lua","738","753","Database.StripRuntimeRaidCaches","method_dot","Yes","Database","","","","structural-pattern","keep","new"
"Root","!KRT/Init.lua","754","767","Database.NormalizeSavedVariablesAfterLoad","method_dot","Yes","Database","","","","structural-pattern","keep","new"
"Root","!KRT/Init.lua","768","825","Database.PrepareSavedVariablesForSave","method_dot","Yes","Database","","","","structural-pattern","keep","new"
"Root","!KRT/Init.lua","826","832","addon[eventName]","field_closure","Yes","local","","","","structural-pattern","keep","new"
"Root","!KRT/Init.lua","833","871","addon:ADDON_LOADED","method_colon","Yes","addon","","","","structural-pattern","keep","new"
"Root","!KRT/Init.lua","872","888","scheduleRaidInstanceChecksIfRecognized","local_function","No","local","","","","structural-pattern","keep","new"
"Root","!KRT/Init.lua","889","904","processRaidRosterUpdate","local_function","No","local","","","","structural-pattern","keep","new"
"Root","!KRT/Init.lua","905","922","addon:RAID_ROSTER_UPDATE","method_colon","Yes","addon","","","","structural-pattern","keep","new"
"Root","!KRT/Init.lua","923","939","addon:RAID_INSTANCE_WELCOME","method_colon","Yes","addon","","","","structural-pattern","keep","new"
"Root","!KRT/Init.lua","940","945","addon:PLAYER_DIFFICULTY_CHANGED","method_colon","Yes","addon","","","","structural-pattern","keep","new"
"Root","!KRT/Init.lua","946","951","addon:UPDATE_INSTANCE_INFO","method_colon","Yes","addon","","","","structural-pattern","keep","new"
"Root","!KRT/Init.lua","952","971","addon:PLAYER_ENTERING_WORLD","method_colon","Yes","addon","","","","structural-pattern","keep","new"
"Root","!KRT/Init.lua","972","992","observePassiveLootMessage","local_function","No","local","","","","name-collision","rename","new"
"Root","!KRT/Init.lua","993","1019","addon:CHAT_MSG_LOOT","method_colon","Yes","addon","","","","structural-pattern","keep","new"
"Root","!KRT/Init.lua","1020","1048","addon:CHAT_MSG_SYSTEM","method_colon","Yes","addon","","","","name-collision","rename","new"
"Root","!KRT/Init.lua","1049","1061","addon:START_LOOT_ROLL","method_colon","Yes","addon","","","","structural-pattern","keep","new"
"Root","!KRT/Init.lua","1062","1081","addon:CHAT_MSG_ADDON","method_colon","Yes","addon","","","","structural-pattern","keep","new"
"Root","!KRT/Init.lua","1082","1093","addon:CHAT_MSG_MONSTER_YELL","method_colon","Yes","addon","","","","structural-pattern","keep","new"
"Root","!KRT/Init.lua","1094","1101","addon:COMBAT_LOG_EVENT_UNFILTERED","method_colon","Yes","addon","","","","name-collision","rename","new"
"Root","!KRT/Init.lua","1102","1105","addon:PLAYER_LOGOUT","method_colon","Yes","addon","","","","structural-pattern","keep","new"
"Services","!KRT/Services/Chat.lua","57","61","isCountdownMessage","local_function","No","local","","","","structural-pattern","keep","new"
"Services","!KRT/Services/Chat.lua","62","72","canUseRaidWarning","local_function","No","local","","","","structural-pattern","keep","new"
"Services","!KRT/Services/Chat.lua","73","103","resolveGroupType","local_function","No","local","","","","structural-pattern","keep","new"
"Services","!KRT/Services/Chat.lua","104","125","resolveAnnounceChannel","local_function","No","local","","","","structural-pattern","keep","new"
"Services","!KRT/Services/Chat.lua","126","137","cloneChannels","local_function","No","local","","","","structural-pattern","keep","new"
"Services","!KRT/Services/Chat.lua","138","144","cancelSpamTicker","local_function","No","local","","","","structural-pattern","keep","new"
"Services","!KRT/Services/Chat.lua","145","157","getSpamRuntimeSnapshot","local_function","No","local","","","","structural-pattern","keep","new"
"Services","!KRT/Services/Chat.lua","158","168","normalizeSpamDuration","local_function","No","local","","","","structural-pattern","keep","new"
"Services","!KRT/Services/Chat.lua","169","180","normalizeWarningMessage","local_function","No","local","","","","structural-pattern","keep","new"
"Services","!KRT/Services/Chat.lua","181","210","sendSpamOutput","local_function","No","local","","","","structural-pattern","keep","new"
"Services","!KRT/Services/Chat.lua","211","217","fireSpamTick","local_function","No","local","","","","structural-pattern","keep","new"
"Services","!KRT/Services/Chat.lua","218","225","finalizeAutoStop","local_function","No","local","","","","structural-pattern","keep","new"
"Services","!KRT/Services/Chat.lua","226","266","runSpamTick","local_function","No","local","","","","structural-pattern","keep","new"
"Services","!KRT/Services/Chat.lua","267","271","module:Print","method_colon","Yes","module","","","","name-collision","rename","new"
"Services","!KRT/Services/Chat.lua","272","280","module:Announce","method_colon","Yes","module","","","","api-polymorphic","keep","new"
"Services","!KRT/Services/Chat.lua","281","297","module:AnnounceWarningMessage","method_colon","Yes","module","","","","structural-pattern","keep","new"
"Services","!KRT/Services/Chat.lua","298","301","module:GetSpamRuntimeState","method_colon","Yes","module","","","","name-collision","rename","new"
"Services","!KRT/Services/Chat.lua","302","336","module:StartSpamCycle","method_colon","Yes","module","","","","structural-pattern","keep","new"
"Services","!KRT/Services/Chat.lua","337","357","module:StopSpamCycle","method_colon","Yes","module","","","","structural-pattern","keep","new"
"Services","!KRT/Services/Chat.lua","358","383","module:PauseSpamCycle","method_colon","Yes","module","","","","structural-pattern","keep","new"
"Services","!KRT/Services/Debug.lua","37","40","isDebugEnabled","local_function","No","local","","","","name-collision","rename","new"
"Services","!KRT/Services/Debug.lua","41","44","getRaidService","local_function","No","local","","","","name-collision","rename","new"
"Services","!KRT/Services/Debug.lua","45","48","getRollsService","local_function","No","local","","","","structural-pattern","keep","new"
"Services","!KRT/Services/Debug.lua","49","52","normalizeSyntheticName","local_function","No","local","","","","structural-pattern","keep","new"
"Services","!KRT/Services/Debug.lua","53","57","isSyntheticProfileName","local_function","No","local","","","","structural-pattern","keep","new"
"Services","!KRT/Services/Debug.lua","58","66","clearTable","local_function","No","local","","","","structural-pattern","keep","new"
"Services","!KRT/Services/Debug.lua","67","73","getDebugState","local_function","No","local","","","","structural-pattern","keep","new"
"Services","!KRT/Services/Debug.lua","74","77","getCurrentRaidId","local_function","No","local","","","","structural-pattern","keep","new"
"Services","!KRT/Services/Debug.lua","78","85","getCurrentRaid","local_function","No","local","","","","name-collision","rename","new"
"Services","!KRT/Services/Debug.lua","86","97","getSyntheticStateForRaid","local_function","No","local","","","","structural-pattern","keep","new"
"Services","!KRT/Services/Debug.lua","98","115","rebuildSyntheticState","local_function","No","local","","","","structural-pattern","keep","new"
"Services","!KRT/Services/Debug.lua","116","125","buildRosterDeltaEntry","local_function","No","local","","","","structural-pattern","keep","new"
"Services","!KRT/Services/Debug.lua","126","137","findSyntheticPlayer","local_function","No","local","","","","structural-pattern","keep","new"
"Services","!KRT/Services/Debug.lua","138","164","collectProtectedPlayerNids","local_function","No","local","","","","structural-pattern","keep","new"
"Services","!KRT/Services/Debug.lua","165","181","hasSyntheticRollEntries","local_function","No","local","","","","structural-pattern","keep","new"
"Services","!KRT/Services/Debug.lua","182","191","clearSyntheticRollStateIfNeeded","local_function","No","local","","","","structural-pattern","keep","new"
"Services","!KRT/Services/Debug.lua","192","198","publishSyntheticDelta","local_function","No","local","","","","structural-pattern","keep","new"
"Services","!KRT/Services/Debug.lua","199","207","ensureCurrentRaidForDebug","local_function","No","local","","","","structural-pattern","keep","new"
"Services","!KRT/Services/Debug.lua","208","216","resolveSyntheticProfile","local_function","No","local","","","","structural-pattern","keep","new"
"Services","!KRT/Services/Debug.lua","217","229","buildSyntheticPlayer","local_function","No","local","","","","structural-pattern","keep","new"
"Services","!KRT/Services/Debug.lua","230","252","submitSyntheticRoll","local_function","No","local","","","","structural-pattern","keep","new"
"Services","!KRT/Services/Debug.lua","253","313","buildRaidRollBatch","local_function","No","local","","","","structural-pattern","keep","new"
"Services","!KRT/Services/Debug.lua","314","371","module:SeedRaidPlayers","method_colon","Yes","module","","","","structural-pattern","keep","new"
"Services","!KRT/Services/Debug.lua","372","430","module:ClearRaidPlayers","method_colon","Yes","module","","","","structural-pattern","keep","new"
"Services","!KRT/Services/Debug.lua","431","454","module:RollRaidPlayer","method_colon","Yes","module","","","","structural-pattern","keep","new"
"Services","!KRT/Services/Debug.lua","455","506","module:RequestRaidRolls","method_colon","Yes","module","","","","structural-pattern","keep","new"
"Services","!KRT/Services/Logger/Actions.lua","67","73","trimText","field_closure","Yes","local","","","","structural-pattern","extract","new"
"Services","!KRT/Services/Logger/Actions.lua","74","84","removeFromList","local_function","No","local","","","","structural-pattern","keep","new"
"Services","!KRT/Services/Logger/Actions.lua","85","91","hasTableEntries","local_function","No","local","","","","structural-pattern","keep","new"
"Services","!KRT/Services/Logger/Actions.lua","92","102","countTableEntries","local_function","No","local","","","","structural-pattern","keep","new"
"Services","!KRT/Services/Logger/Actions.lua","103","121","getRaidFirstTime","local_function","No","local","","","","structural-pattern","keep","new"
"Services","!KRT/Services/Logger/Actions.lua","122","128","hasRaidData","field_closure","Yes","local","","","","structural-pattern","keep","new"
"Services","!KRT/Services/Logger/Actions.lua","129","143","getLootRarity","local_function","No","local","","","","structural-pattern","keep","new"
"Services","!KRT/Services/Logger/Actions.lua","144","148","isNonEpicLoot","local_function","No","local","","","","structural-pattern","keep","new"
"Services","!KRT/Services/Logger/Actions.lua","149","163","removeNonEpicLoot","local_function","No","local","","","","structural-pattern","keep","new"
"Services","!KRT/Services/Logger/Actions.lua","164","167","isRaidWithoutBossEncounter","local_function","No","local","","","","structural-pattern","keep","new"
"Services","!KRT/Services/Logger/Actions.lua","168","181","playerExists","field_closure","Yes","local","","","","structural-pattern","keep","new"
"Services","!KRT/Services/Logger/Actions.lua","182","195","getCurrentRaidNid","field_closure","Yes","local","","","","structural-pattern","keep","new"
"Services","!KRT/Services/Logger/Actions.lua","196","219","restoreCurrentRaidIndex","field_closure","Yes","local","","","","structural-pattern","keep","new"
"Services","!KRT/Services/Logger/Actions.lua","220","234","findBossByNid","field_closure","Yes","local","","","","structural-pattern","extract","new"
"Services","!KRT/Services/Logger/Actions.lua","235","250","findBossByName","field_closure","Yes","local","","","","structural-pattern","extract","new"
"Services","!KRT/Services/Logger/Actions.lua","251","265","findBossBySourceNpcId","field_closure","Yes","local","","","","structural-pattern","extract","new"
"Services","!KRT/Services/Logger/Actions.lua","266","275","shouldRebuildLootSource","field_closure","Yes","local","","","","structural-pattern","keep","new"
"Services","!KRT/Services/Logger/Actions.lua","276","300","resolveLootSource","field_closure","Yes","local","","","","structural-pattern","keep","new"
"Services","!KRT/Services/Logger/Actions.lua","301","346","findOrCreateStaticSourceBoss","field_closure","Yes","local","","","","structural-pattern","keep","new"
"Services","!KRT/Services/Logger/Actions.lua","347","356","applyStaticLootSource","field_closure","Yes","local","","","","structural-pattern","keep","new"
"Services","!KRT/Services/Logger/Actions.lua","357","388","scanRaidPlayers","local_function","No","local","","","","structural-pattern","keep","new"
"Services","!KRT/Services/Logger/Actions.lua","389","407","scanRaidBosses","local_function","No","local","","","","structural-pattern","keep","new"
"Services","!KRT/Services/Logger/Actions.lua","408","431","scanRaidLoot","local_function","No","local","","","","structural-pattern","keep","new"
"Services","!KRT/Services/Logger/Actions.lua","432","441","scanRaidAttendance","local_function","No","local","","","","structural-pattern","keep","new"
"Services","!KRT/Services/Logger/Actions.lua","442","466","countDuplicateRaidCandidates","local_function","No","local","","","","structural-pattern","keep","new"
"Services","!KRT/Services/Logger/Actions.lua","467","513","scanRaidHistory","field_closure","Yes","local","","","","structural-pattern","extract","new"
"Services","!KRT/Services/Logger/Actions.lua","514","518","Actions:BindController","method_colon","Yes","Actions","","","","structural-pattern","keep","new"
"Services","!KRT/Services/Logger/Actions.lua","519","538","commitRaidSelections","field_closure","Yes","local","","","","structural-pattern","keep","new"
"Services","!KRT/Services/Logger/Actions.lua","539","617","clearBossSelection","local_function","No","local","","","","structural-pattern","keep","new"
"Services","!KRT/Services/Logger/Actions.lua","618","638","resolveLoggerLootEntry","field_closure","Yes","local","","","","structural-pattern","keep","new"
"Services","!KRT/Services/Logger/Actions.lua","639","679","applyLoggerLootMutation","field_closure","Yes","local","","","","structural-pattern","keep","new"
"Services","!KRT/Services/Logger/Actions.lua","680","704","verifyLoggerLootMutation","field_closure","Yes","local","","","","structural-pattern","keep","new"
"Services","!KRT/Services/Logger/Actions.lua","705","747","Actions:SetLootEntry","method_colon","Yes","Actions","","","","name-collision","rename","new"
"Services","!KRT/Services/Logger/Actions.lua","748","773","Actions:ResolveLootEditWinner","method_colon","Yes","Actions","","","","structural-pattern","keep","new"
"Services","!KRT/Services/Logger/Actions.lua","774","805","Actions:DeleteBoss","method_colon","Yes","Actions","","","","structural-pattern","keep","new"
"Services","!KRT/Services/Logger/Actions.lua","806","836","Actions:DeleteLootMany","method_colon","Yes","Actions","","","","structural-pattern","keep","new"
"Services","!KRT/Services/Logger/Actions.lua","837","855","Actions:DeleteBossAttendee","method_colon","Yes","Actions","","","","structural-pattern","keep","new"
"Services","!KRT/Services/Logger/Actions.lua","856","925","Actions:DeleteRaidAttendeeMany","method_colon","Yes","Actions","","","","structural-pattern","keep","new"
"Services","!KRT/Services/Logger/Actions.lua","926","956","Actions:DeleteRaid","method_colon","Yes","Actions","","","","name-collision","rename","new"
"Services","!KRT/Services/Logger/Actions.lua","957","991","Actions:DeleteRaidByNid","method_colon","Yes","Actions","","","","structural-pattern","keep","new"
"Services","!KRT/Services/Logger/Actions.lua","992","1015","Actions:PurgeRaidHistory","method_colon","Yes","Actions","","","","structural-pattern","keep","new"
"Services","!KRT/Services/Logger/Actions.lua","1016","1024","Actions:DeleteEmptyRaids","method_colon","Yes","Actions","","","","structural-pattern","keep","new"
"Services","!KRT/Services/Logger/Actions.lua","1025","1067","Actions:CleanUpRaidHistory","method_colon","Yes","Actions","","","","structural-pattern","keep","new"
"Services","!KRT/Services/Logger/Actions.lua","1068","1120","Actions:RebuildLootSources","method_colon","Yes","Actions","","","","structural-pattern","keep","new"
"Services","!KRT/Services/Logger/Actions.lua","1121","1124","Actions:ScanRaidHistory","method_colon","Yes","Actions","","","","name-collision","rename","new"
"Services","!KRT/Services/Logger/Actions.lua","1125","1181","Actions:SetCurrentRaid","method_colon","Yes","Actions","","","","name-collision","rename","new"
"Services","!KRT/Services/Logger/Actions.lua","1182","1223","Actions:UpsertBossKill","method_colon","Yes","Actions","","","","structural-pattern","keep","new"
"Services","!KRT/Services/Logger/Actions.lua","1224","1278","Actions:AddBossAttendee","method_colon","Yes","Actions","","","","structural-pattern","keep","new"
"Services","!KRT/Services/Logger/Export.lua","56","62","getRaidQueries","local_function","No","local","","","","name-collision","rename","new"
"Services","!KRT/Services/Logger/Export.lua","63","66","normalizeContext","local_function","No","local","","","","structural-pattern","keep","new"
"Services","!KRT/Services/Logger/Export.lua","67","74","formatTimestamp","local_function","No","local","","","","structural-pattern","keep","new"
"Services","!KRT/Services/Logger/Export.lua","75","87","encodeCSVField","local_function","No","local","","","","structural-pattern","keep","new"
"Services","!KRT/Services/Logger/Export.lua","88","95","appendCSVLine","local_function","No","local","","","","structural-pattern","keep","new"
"Services","!KRT/Services/Logger/Export.lua","96","104","buildCSV","local_function","No","local","","","","structural-pattern","keep","new"
"Services","!KRT/Services/Logger/Export.lua","105","108","getRaidNid","local_function","No","local","","","","structural-pattern","keep","new"
"Services","!KRT/Services/Logger/Export.lua","109","112","getRaidDate","local_function","No","local","","","","structural-pattern","keep","new"
"Services","!KRT/Services/Logger/Export.lua","113","116","getRaidZone","local_function","No","local","","","","structural-pattern","keep","new"
"Services","!KRT/Services/Logger/Export.lua","117","120","getRaidSize","local_function","No","local","","","","name-collision","rename","new"
"Services","!KRT/Services/Logger/Export.lua","121","124","getRaidDifficulty","local_function","No","local","","","","structural-pattern","keep","new"
"Services","!KRT/Services/Logger/Export.lua","125","134","getSelectedPlayerName","local_function","No","local","","","","structural-pattern","keep","new"
"Services","!KRT/Services/Logger/Export.lua","135","139","getBossNameByNid","local_function","No","local","","","","structural-pattern","keep","new"
"Services","!KRT/Services/Logger/Export.lua","140","145","getBossTimeByNid","local_function","No","local","","","","structural-pattern","keep","new"
"Services","!KRT/Services/Logger/Export.lua","146","159","Export:GetCSV","method_colon","Yes","Export","","","","structural-pattern","keep","new"
"Services","!KRT/Services/Logger/Export.lua","160","194","Export:GetLootCSV","method_colon","Yes","Export","","","","structural-pattern","keep","new"
"Services","!KRT/Services/Logger/Export.lua","195","235","Export:GetRaidAttendanceCSV","method_colon","Yes","Export","","","","structural-pattern","keep","new"
"Services","!KRT/Services/Logger/Helpers.lua","24","48","Helpers.FindLootByItemId","method_dot","Yes","Helpers","","","","structural-pattern","keep","new"
"Services","!KRT/Services/Logger/Helpers.lua","49","80","Helpers.FindLoggerPlayer","method_dot","Yes","Helpers","","","","structural-pattern","keep","new"
"Services","!KRT/Services/Logger/Store.lua","31","35","resolvePlayerNameByNid","field_closure","Yes","local","","","","structural-pattern","keep","new"
"Services","!KRT/Services/Logger/Store.lua","36","40","resolvePlayerClassByNid","field_closure","Yes","local","","","","structural-pattern","keep","new"
"Services","!KRT/Services/Logger/Store.lua","41","64","resolveLootLooterNid","field_closure","Yes","local","","","","structural-pattern","extract","new"
"Services","!KRT/Services/Logger/Store.lua","65","78","resolveLootLooterName","field_closure","Yes","local","","","","structural-pattern","extract","new"
"Services","!KRT/Services/Logger/Store.lua","79","86","ensureRaid","local_function","No","local","","","","structural-pattern","keep","new"
"Services","!KRT/Services/Logger/Store.lua","87","97","resolveLootLooterClass","field_closure","Yes","local","","","","structural-pattern","keep","new"
"Services","!KRT/Services/Logger/Store.lua","98","113","Store:GetRaid","method_colon","Yes","Store","","","","structural-pattern","keep","new"
"Services","!KRT/Services/Logger/Store.lua","114","129","Store:GetRaidByNid","method_colon","Yes","Store","","","","name-collision","rename","new"
"Services","!KRT/Services/Logger/Store.lua","130","147","invalidateIndexes","field_closure","Yes","local","","","","structural-pattern","keep","new"
"Services","!KRT/Services/Logger/Store.lua","148","158","bossIdx","field_closure","Yes","local","","","","structural-pattern","keep","new"
"Services","!KRT/Services/Logger/Store.lua","159","169","lootIdx","field_closure","Yes","local","","","","structural-pattern","keep","new"
"Services","!KRT/Services/Logger/Store.lua","170","174","Store:GetBoss","method_colon","Yes","Store","","","","structural-pattern","keep","new"
"Services","!KRT/Services/Logger/Store.lua","175","179","Store:GetLoot","method_colon","Yes","Store","","","","name-collision","rename","new"
"Services","!KRT/Services/Logger/Store.lua","180","190","playerIdx","field_closure","Yes","local","","","","structural-pattern","keep","new"
"Services","!KRT/Services/Logger/Store.lua","191","195","Store:GetPlayer","method_colon","Yes","Store","","","","structural-pattern","keep","new"
"Services","!KRT/Services/Logger/Store.lua","196","220","Store:FindRaidPlayerByNormName","method_colon","Yes","Store","","","","structural-pattern","keep","new"
"Services","!KRT/Services/Logger/View.lua","25","32","getRaidQueries","local_function","No","local","","","","name-collision","rename","new"
"Services","!KRT/Services/Logger/View.lua","33","56","isBossFightRecord","local_function","No","local","","","","clone-exact","merge","new"
"Services","!KRT/Services/Logger/View.lua","57","67","View:GetBossModeLabel","method_colon","Yes","View","","","","structural-pattern","keep","new"
"Services","!KRT/Services/Logger/View.lua","68","85","View:GetRaidDifficultyLabel","method_colon","Yes","View","","","","structural-pattern","keep","new"
"Services","!KRT/Services/Logger/View.lua","86","103","buildRows","field_closure","Yes","local","","","","structural-pattern","keep","new"
"Services","!KRT/Services/Logger/View.lua","104","120","View:FillBossList","method_colon","Yes","View","","","","structural-pattern","keep","new"
"Services","!KRT/Services/Logger/View.lua","121","138","View:FillRaidAttendeesList","method_colon","Yes","View","","","","structural-pattern","keep","new"
"Services","!KRT/Services/Logger/View.lua","139","178","View:FillBossAttendeesList","method_colon","Yes","View","","","","structural-pattern","keep","new"
"Services","!KRT/Services/Logger/View.lua","179","213","View:GetPlayerBossParticipationList","method_colon","Yes","View","","","","structural-pattern","keep","new"
"Services","!KRT/Services/Logger/View.lua","214","264","View:FillLootList","method_colon","Yes","View","","","","structural-pattern","keep","new"
"Services","!KRT/Services/Loot/Context.lua","17","20","isValidLootSourceKind","local_function","No","local","","","","structural-pattern","keep","new"
"Services","!KRT/Services/Loot/Context.lua","21","30","hasActiveLootSource","local_function","No","local","","","","structural-pattern","keep","new"
"Services","!KRT/Services/Loot/Context.lua","31","45","hasActiveLootWindow","local_function","No","local","","","","structural-pattern","keep","new"
"Services","!KRT/Services/Loot/Context.lua","46","60","LootContext.NormalizeBossEventContext","method_dot","Yes","LootContext","","","","structural-pattern","keep","new"
"Services","!KRT/Services/Loot/Context.lua","61","81","LootContext.NormalizeLootWindowBossContext","method_dot","Yes","LootContext","","","","structural-pattern","keep","new"
"Services","!KRT/Services/Loot/Context.lua","82","89","LootContext.NormalizeLootSessionState","method_dot","Yes","LootContext","","","","structural-pattern","keep","new"
"Services","!KRT/Services/Loot/Context.lua","90","105","LootContext.NormalizeLootSnapshotState","method_dot","Yes","LootContext","","","","structural-pattern","keep","new"
"Services","!KRT/Services/Loot/Context.lua","106","123","LootContext.NormalizeLootSourceState","method_dot","Yes","LootContext","","","","structural-pattern","keep","new"
"Services","!KRT/Services/Loot/Context.lua","124","165","LootContext.NormalizeActiveLootContext","method_dot","Yes","LootContext","","","","structural-pattern","keep","new"
"Services","!KRT/Services/Loot/Context.lua","166","193","LootContext.BuildActiveLootContext","method_dot","Yes","LootContext","","","","structural-pattern","keep","new"
"Services","!KRT/Services/Loot/Context.lua","194","211","LootContext.ProjectLootWindowBossContext","method_dot","Yes","LootContext","","","","structural-pattern","keep","new"
"Services","!KRT/Services/Loot/Context.lua","212","234","LootContext.ProjectLootSourceState","method_dot","Yes","LootContext","","","","structural-pattern","keep","new"
"Services","!KRT/Services/Loot/Context.lua","235","251","LootContext.ResolveRaidRecord","method_dot","Yes","LootContext","","","","structural-pattern","keep","new"
"Services","!KRT/Services/Loot/Context.lua","252","283","LootContext.CopyLootSource","method_dot","Yes","LootContext","","","","structural-pattern","keep","new"
"Services","!KRT/Services/Loot/DistributionSession.lua","67","71","getChangedEventName","local_function","No","local","","","","structural-pattern","keep","new"
"Services","!KRT/Services/Loot/DistributionSession.lua","72","78","ensurePrefix","local_function","No","local","","","","name-collision","rename","new"
"Services","!KRT/Services/Loot/DistributionSession.lua","79","83","getPayload","local_function","No","local","","","","name-collision","rename","new"
"Services","!KRT/Services/Loot/DistributionSession.lua","84","91","encodeText","local_function","No","local","","","","name-collision","rename","new"
"Services","!KRT/Services/Loot/DistributionSession.lua","92","102","decodeText","local_function","No","local","","","","name-collision","rename","new"
"Services","!KRT/Services/Loot/DistributionSession.lua","103","116","packFields","local_function","No","local","","","","structural-pattern","keep","new"
"Services","!KRT/Services/Loot/DistributionSession.lua","117","149","splitText","local_function","No","local","","","","structural-pattern","keep","new"
"Services","!KRT/Services/Loot/DistributionSession.lua","150","178","splitFields","local_function","No","local","","","","structural-pattern","keep","new"
"Services","!KRT/Services/Loot/DistributionSession.lua","179","186","normalizeNumber","local_function","No","local","","","","structural-pattern","keep","new"
"Services","!KRT/Services/Loot/DistributionSession.lua","187","197","normalizeText","local_function","No","local","","","","name-collision","rename","new"
"Services","!KRT/Services/Loot/DistributionSession.lua","198","210","resolveItemKey","local_function","No","local","","","","name-collision","rename","new"
"Services","!KRT/Services/Loot/DistributionSession.lua","211","220","buildSessionId","local_function","No","local","","","","structural-pattern","keep","new"
"Services","!KRT/Services/Loot/DistributionSession.lua","221","227","ensureSessionId","local_function","No","local","","","","structural-pattern","keep","new"
"Services","!KRT/Services/Loot/DistributionSession.lua","228","237","setSessionId","local_function","No","local","","","","structural-pattern","keep","new"
"Services","!KRT/Services/Loot/DistributionSession.lua","238","251","canPublish","local_function","No","local","","","","structural-pattern","keep","new"
"Services","!KRT/Services/Loot/DistributionSession.lua","252","257","triggerChanged","local_function","No","local","","","","structural-pattern","keep","new"
"Services","!KRT/Services/Loot/DistributionSession.lua","258","278","getOrCreateRow","local_function","No","local","","","","structural-pattern","keep","new"
"Services","!KRT/Services/Loot/DistributionSession.lua","279","306","copyRow","local_function","No","local","","","","structural-pattern","keep","new"
"Services","!KRT/Services/Loot/DistributionSession.lua","307","362","upsertRow","local_function","No","local","","","","structural-pattern","keep","new"
"Services","!KRT/Services/Loot/DistributionSession.lua","363","369","clearState","local_function","No","local","","","","structural-pattern","keep","new"
"Services","!KRT/Services/Loot/DistributionSession.lua","370","379","sendMessage","local_function","No","local","","","","structural-pattern","keep","new"
"Services","!KRT/Services/Loot/DistributionSession.lua","380","386","publishMessage","local_function","No","local","","","","structural-pattern","keep","new"
"Services","!KRT/Services/Loot/DistributionSession.lua","387","395","sendDirect","local_function","No","local","","","","structural-pattern","keep","new"
"Services","!KRT/Services/Loot/DistributionSession.lua","396","406","isSupportedVersion","local_function","No","local","","","","structural-pattern","keep","new"
"Services","!KRT/Services/Loot/DistributionSession.lua","407","433","encodeSnapshot","local_function","No","local","","","","structural-pattern","keep","new"
"Services","!KRT/Services/Loot/DistributionSession.lua","434","443","countSnapshotRows","local_function","No","local","","","","structural-pattern","keep","new"
"Services","!KRT/Services/Loot/DistributionSession.lua","444","458","publishItemRow","local_function","No","local","","","","structural-pattern","keep","new"
"Services","!KRT/Services/Loot/DistributionSession.lua","459","462","publishRollStartRow","local_function","No","local","","","","structural-pattern","keep","new"
"Services","!KRT/Services/Loot/DistributionSession.lua","463","466","publishRollEndRow","local_function","No","local","","","","structural-pattern","keep","new"
"Services","!KRT/Services/Loot/DistributionSession.lua","467","470","publishItemDoneRow","local_function","No","local","","","","structural-pattern","keep","new"
"Services","!KRT/Services/Loot/DistributionSession.lua","471","490","handleItemMessage","local_function","No","local","","","","structural-pattern","keep","new"
"Services","!KRT/Services/Loot/DistributionSession.lua","491","506","handleRollStartMessage","local_function","No","local","","","","structural-pattern","keep","new"
"Services","!KRT/Services/Loot/DistributionSession.lua","507","524","handleRollEndMessage","local_function","No","local","","","","structural-pattern","keep","new"
"Services","!KRT/Services/Loot/DistributionSession.lua","525","539","handleItemDoneMessage","local_function","No","local","","","","structural-pattern","keep","new"
"Services","!KRT/Services/Loot/DistributionSession.lua","540","555","handleRollTickMessage","local_function","No","local","","","","structural-pattern","keep","new"
"Services","!KRT/Services/Loot/DistributionSession.lua","556","571","handleTieStartMessage","local_function","No","local","","","","structural-pattern","keep","new"
"Services","!KRT/Services/Loot/DistributionSession.lua","572","588","handleAwardedMessage","local_function","No","local","","","","structural-pattern","keep","new"
"Services","!KRT/Services/Loot/DistributionSession.lua","589","637","handleSnapshotMessage","local_function","No","local","","","","structural-pattern","keep","new"
"Services","!KRT/Services/Loot/DistributionSession.lua","638","646","DistributionSession.Clear","method_dot","Yes","DistributionSession","","","","api-polymorphic","keep","new"
"Services","!KRT/Services/Loot/DistributionSession.lua","647","660","DistributionSession.PublishItem","method_dot","Yes","DistributionSession","","","","structural-pattern","keep","new"
"Services","!KRT/Services/Loot/DistributionSession.lua","661","674","DistributionSession.PublishWindowItems","method_dot","Yes","DistributionSession","","","","structural-pattern","keep","new"
"Services","!KRT/Services/Loot/DistributionSession.lua","675","695","DistributionSession.PublishRollStart","method_dot","Yes","DistributionSession","","","","structural-pattern","keep","new"
"Services","!KRT/Services/Loot/DistributionSession.lua","696","717","DistributionSession.PublishRollEnd","method_dot","Yes","DistributionSession","","","","structural-pattern","keep","new"
"Services","!KRT/Services/Loot/DistributionSession.lua","718","737","DistributionSession.PublishItemDone","method_dot","Yes","DistributionSession","","","","structural-pattern","keep","new"
"Services","!KRT/Services/Loot/DistributionSession.lua","738","741","DistributionSession.RequestSnapshot","method_dot","Yes","DistributionSession","","","","structural-pattern","keep","new"
"Services","!KRT/Services/Loot/DistributionSession.lua","742","760","DistributionSession.PublishSnapshot","method_dot","Yes","DistributionSession","","","","structural-pattern","keep","new"
"Services","!KRT/Services/Loot/DistributionSession.lua","761","776","DistributionSession.PublishRollTick","method_dot","Yes","DistributionSession","","","","structural-pattern","keep","new"
"Services","!KRT/Services/Loot/DistributionSession.lua","777","793","DistributionSession.PublishTieStart","method_dot","Yes","DistributionSession","","","","structural-pattern","keep","new"
"Services","!KRT/Services/Loot/DistributionSession.lua","794","810","DistributionSession.PublishAwarded","method_dot","Yes","DistributionSession","","","","structural-pattern","keep","new"
"Services","!KRT/Services/Loot/DistributionSession.lua","811","860","DistributionSession.HandleMessage","method_dot","Yes","DistributionSession","","","","name-collision","rename","new"
"Services","!KRT/Services/Loot/DistributionSession.lua","861","901","DistributionSession.GetDisplayModel","method_dot","Yes","DistributionSession","","","","name-collision","rename","new"
"Services","!KRT/Services/Loot/PassiveGroupLoot.lua","39","42","isDebugEnabled","local_function","No","local","","","","name-collision","rename","new"
"Services","!KRT/Services/Loot/PassiveGroupLoot.lua","43","53","getLootMethodName","local_function","No","local","","","","name-collision","rename","new"
"Services","!KRT/Services/Loot/PassiveGroupLoot.lua","54","66","getPassiveLootRollState","local_function","No","local","","","","structural-pattern","keep","new"
"Services","!KRT/Services/Loot/PassiveGroupLoot.lua","67","96","removePassiveLootRollEntry","local_function","No","local","","","","structural-pattern","keep","new"
"Services","!KRT/Services/Loot/PassiveGroupLoot.lua","97","115","purgeExpiredPassiveLootRolls","local_function","No","local","","","","structural-pattern","keep","new"
"Services","!KRT/Services/Loot/PassiveGroupLoot.lua","116","131","purgePassiveLootRollEntry","local_function","No","local","","","","structural-pattern","keep","new"
"Services","!KRT/Services/Loot/PassiveGroupLoot.lua","132","155","getActivePassiveLootRollByItemKey","local_function","No","local","","","","structural-pattern","keep","new"
"Services","!KRT/Services/Loot/PassiveGroupLoot.lua","156","174","getActivePassiveLootRollByRollId","local_function","No","local","","","","structural-pattern","keep","new"
"Services","!KRT/Services/Loot/PassiveGroupLoot.lua","175","183","hasPassiveLootRollEntries","local_function","No","local","","","","structural-pattern","keep","new"
"Services","!KRT/Services/Loot/PassiveGroupLoot.lua","184","188","getLoggedPassiveLootState","local_function","No","local","","","","structural-pattern","keep","new"
"Services","!KRT/Services/Loot/PassiveGroupLoot.lua","189","194","buildLoggedPassiveLootKey","local_function","No","local","","","","structural-pattern","keep","new"
"Services","!KRT/Services/Loot/PassiveGroupLoot.lua","195","217","purgeExpiredLoggedPassiveLoot","local_function","No","local","","","","structural-pattern","keep","new"
"Services","!KRT/Services/Loot/PassiveGroupLoot.lua","218","234","packValues","local_function","No","local","","","","structural-pattern","keep","new"
"Services","!KRT/Services/Loot/PassiveGroupLoot.lua","235","238","escapeLuaPatternText","local_function","No","local","","","","structural-pattern","keep","new"
"Services","!KRT/Services/Loot/PassiveGroupLoot.lua","239","311","compileLocalizedDeformatPattern","local_function","No","local","","","","structural-pattern","keep","new"
"Services","!KRT/Services/Loot/PassiveGroupLoot.lua","312","334","tryLocalizedDeformatValues","local_function","No","local","","","","structural-pattern","keep","new"
"Services","!KRT/Services/Loot/PassiveGroupLoot.lua","335","349","tryDeformatValues","local_function","No","local","","","","structural-pattern","keep","new"
"Services","!KRT/Services/Loot/PassiveGroupLoot.lua","350","390","normalizeLootPlayerName","local_function","No","local","","","","structural-pattern","keep","new"
"Services","!KRT/Services/Loot/PassiveGroupLoot.lua","391","401","getGroupLootRule","local_function","No","local","","","","structural-pattern","keep","new"
"Services","!KRT/Services/Loot/PassiveGroupLoot.lua","402","423","isGroupLootItemLink","local_function","No","local","","","","structural-pattern","keep","new"
"Services","!KRT/Services/Loot/PassiveGroupLoot.lua","424","453","extractGroupLootPatternValues","local_function","No","local","","","","structural-pattern","keep","new"
"Services","!KRT/Services/Loot/PassiveGroupLoot.lua","454","467","resolveGroupLootNumericFields","local_function","No","local","","","","structural-pattern","keep","new"
"Services","!KRT/Services/Loot/PassiveGroupLoot.lua","468","487","parseGroupLootSelection","local_function","No","local","","","","structural-pattern","keep","new"
"Services","!KRT/Services/Loot/PassiveGroupLoot.lua","488","508","parseGroupLootRollPattern","local_function","No","local","","","","structural-pattern","keep","new"
"Services","!KRT/Services/Loot/PassiveGroupLoot.lua","509","525","parseGroupLootRoll","local_function","No","local","","","","structural-pattern","keep","new"
"Services","!KRT/Services/Loot/PassiveGroupLoot.lua","526","547","parseGroupLootWinnerPattern","local_function","No","local","","","","structural-pattern","keep","new"
"Services","!KRT/Services/Loot/PassiveGroupLoot.lua","548","588","parseGroupLootWinner","local_function","No","local","","","","name-collision","rename","new"
"Services","!KRT/Services/Loot/PassiveGroupLoot.lua","589","607","parseGroupLootWinnerCached","local_function","No","local","","","","structural-pattern","keep","new"
"Services","!KRT/Services/Loot/PassiveGroupLoot.lua","608","618","queuePendingPassiveAward","local_function","No","local","","","","structural-pattern","keep","new"
"Services","!KRT/Services/Loot/PassiveGroupLoot.lua","619","643","observeGroupLootWinnerMessage","local_function","No","local","","","","name-collision","rename","new"
"Services","!KRT/Services/Loot/PassiveGroupLoot.lua","644","653","getLootRollItemInfo","local_function","No","local","","","","structural-pattern","keep","new"
"Services","!KRT/Services/Loot/PassiveGroupLoot.lua","654","657","resolvePassiveLootRollEntry","local_function","No","local","","","","structural-pattern","keep","new"
"Services","!KRT/Services/Loot/PassiveGroupLoot.lua","658","680","buildParsedGroupLootResult","field_closure","Yes","local","","","","structural-pattern","keep","new"
"Services","!KRT/Services/Loot/PassiveGroupLoot.lua","681","723","rememberParsedGroupLootResult","field_closure","Yes","local","","","","structural-pattern","keep","new"
"Services","!KRT/Services/Loot/PassiveGroupLoot.lua","724","728","PassiveGroupLoot.IsPassiveGroupLootMethod","method_dot","Yes","PassiveGroupLoot","","","","name-collision","rename","new"
"Services","!KRT/Services/Loot/PassiveGroupLoot.lua","729","736","PassiveGroupLoot.GetPassiveLootRollItemKey","method_dot","Yes","PassiveGroupLoot","","","","structural-pattern","keep","new"
"Services","!KRT/Services/Loot/PassiveGroupLoot.lua","737","741","PassiveGroupLoot.GetPassiveLootRollEntry","method_dot","Yes","PassiveGroupLoot","","","","structural-pattern","keep","new"
"Services","!KRT/Services/Loot/PassiveGroupLoot.lua","742","745","PassiveGroupLoot.GetPassiveLootRollEntryByRollId","method_dot","Yes","PassiveGroupLoot","","","","structural-pattern","keep","new"
"Services","!KRT/Services/Loot/PassiveGroupLoot.lua","746","763","PassiveGroupLoot.ConsumePassiveLootRollEntry","method_dot","Yes","PassiveGroupLoot","","","","structural-pattern","keep","new"
"Services","!KRT/Services/Loot/PassiveGroupLoot.lua","764","796","PassiveGroupLoot.RememberLoggedPassiveLoot","method_dot","Yes","PassiveGroupLoot","","","","structural-pattern","keep","new"
"Services","!KRT/Services/Loot/PassiveGroupLoot.lua","797","823","PassiveGroupLoot.HasLoggedPassiveLoot","method_dot","Yes","PassiveGroupLoot","","","","structural-pattern","keep","new"
"Services","!KRT/Services/Loot/PassiveGroupLoot.lua","824","828","PassiveGroupLoot.IsPassiveLootWinnerMessage","method_dot","Yes","PassiveGroupLoot","","","","structural-pattern","keep","new"
"Services","!KRT/Services/Loot/PassiveGroupLoot.lua","829","832","PassiveGroupLoot.ParseGroupLootWinner","method_dot","Yes","PassiveGroupLoot","","","","name-collision","rename","new"
"Services","!KRT/Services/Loot/PassiveGroupLoot.lua","833","840","PassiveGroupLoot.ResolvePassivePendingAwardContext","method_dot","Yes","PassiveGroupLoot","","","","structural-pattern","keep","new"
"Services","!KRT/Services/Loot/PassiveGroupLoot.lua","841","914","PassiveGroupLoot.AddPassiveLootRoll","method_dot","Yes","PassiveGroupLoot","","","","name-collision","rename","new"
"Services","!KRT/Services/Loot/PassiveGroupLoot.lua","915","952","PassiveGroupLoot.ObserveGroupLootMessage","method_dot","Yes","PassiveGroupLoot","","","","structural-pattern","keep","new"
"Services","!KRT/Services/Loot/PassiveGroupLoot.lua","953","956","PassiveGroupLoot.ObserveGroupLootWinnerMessage","method_dot","Yes","PassiveGroupLoot","","","","name-collision","rename","new"
"Services","!KRT/Services/Loot/PassiveGroupLoot.lua","957","974","PassiveGroupLoot.AddGroupLootMessage","method_dot","Yes","PassiveGroupLoot","","","","name-collision","rename","new"
"Services","!KRT/Services/Loot/PendingAwards.lua","31","34","isDebugEnabled","local_function","No","local","","","","name-collision","rename","new"
"Services","!KRT/Services/Loot/PendingAwards.lua","35","42","normalizePendingAwardItemKey","local_function","No","local","","","","structural-pattern","keep","new"
"Services","!KRT/Services/Loot/PendingAwards.lua","43","47","buildPendingAwardKey","local_function","No","local","","","","structural-pattern","keep","new"
"Services","!KRT/Services/Loot/PendingAwards.lua","48","68","getPendingAwardList","local_function","No","local","","","","structural-pattern","keep","new"
"Services","!KRT/Services/Loot/PendingAwards.lua","69","77","ensurePendingAwardList","local_function","No","local","","","","structural-pattern","keep","new"
"Services","!KRT/Services/Loot/PendingAwards.lua","78","85","normalizePendingAwardTtl","local_function","No","local","","","","structural-pattern","keep","new"
"Services","!KRT/Services/Loot/PendingAwards.lua","86","90","isPendingAwardValid","local_function","No","local","","","","structural-pattern","keep","new"
"Services","!KRT/Services/Loot/PendingAwards.lua","91","95","isPendingAwardExpired","local_function","No","local","","","","structural-pattern","keep","new"
"Services","!KRT/Services/Loot/PendingAwards.lua","96","99","hasResolvedPendingAwardValue","local_function","No","local","","","","structural-pattern","keep","new"
"Services","!KRT/Services/Loot/PendingAwards.lua","100","103","isGroupLootSessionId","local_function","No","local","","","","structural-pattern","keep","new"
"Services","!KRT/Services/Loot/PendingAwards.lua","104","111","shouldConsiderPendingForMode","local_function","No","local","","","","structural-pattern","keep","new"
"Services","!KRT/Services/Loot/PendingAwards.lua","112","124","consumePendingAwardAt","local_function","No","local","","","","structural-pattern","keep","new"
"Services","!KRT/Services/Loot/PendingAwards.lua","125","136","pruneExpiredPendingAwards","local_function","No","local","","","","structural-pattern","keep","new"
"Services","!KRT/Services/Loot/PendingAwards.lua","137","146","findPendingAwardIndex","local_function","No","local","","","","structural-pattern","keep","new"
"Services","!KRT/Services/Loot/PendingAwards.lua","147","160","findUniqueValidPendingAwardIndex","local_function","No","local","","","","structural-pattern","keep","new"
"Services","!KRT/Services/Loot/PendingAwards.lua","161","195","tryUpgradePendingAward","local_function","No","local","","","","structural-pattern","keep","new"
"Services","!KRT/Services/Loot/PendingAwards.lua","196","213","touchPendingAward","local_function","No","local","","","","structural-pattern","keep","new"
"Services","!KRT/Services/Loot/PendingAwards.lua","214","243","PendingAwards.IsMasterLootAwardFailureMessage","method_dot","Yes","PendingAwards","","","","name-collision","rename","new"
"Services","!KRT/Services/Loot/PendingAwards.lua","244","272","PendingAwards.Add","method_dot","Yes","PendingAwards","","","","structural-pattern","keep","new"
"Services","!KRT/Services/Loot/PendingAwards.lua","273","313","PendingAwards.Remove","method_dot","Yes","PendingAwards","","","","name-collision","rename","new"
"Services","!KRT/Services/Loot/PendingAwards.lua","314","353","PendingAwards.Refresh","method_dot","Yes","PendingAwards","","","","api-polymorphic","keep","new"
"Services","!KRT/Services/Loot/PendingAwards.lua","354","380","PendingAwards.Purge","method_dot","Yes","PendingAwards","","","","structural-pattern","keep","new"
"Services","!KRT/Services/Loot/Receipts.lua","24","36","resolveItemKey","local_function","No","local","","","","name-collision","rename","new"
"Services","!KRT/Services/Loot/Receipts.lua","37","59","resolveKind","local_function","No","local","","","","structural-pattern","keep","new"
"Services","!KRT/Services/Loot/Receipts.lua","60","92","Receipts.FromParsedLoot","method_dot","Yes","Receipts","","","","structural-pattern","keep","new"
"Services","!KRT/Services/Loot/Receipts.lua","93","110","Receipts.ShouldCreateRecord","method_dot","Yes","Receipts","","","","structural-pattern","keep","new"
"Services","!KRT/Services/Loot/Reconcile.lua","25","37","itemKey","local_function","No","local","","","","structural-pattern","keep","new"
"Services","!KRT/Services/Loot/Reconcile.lua","38","44","normalizeName","local_function","No","local","","","","name-collision","rename","new"
"Services","!KRT/Services/Loot/Reconcile.lua","45","54","strongerRollValue","local_function","No","local","","","","structural-pattern","keep","new"
"Services","!KRT/Services/Loot/Reconcile.lua","55","86","Reconcile.FindTradeOnlyFallback","method_dot","Yes","Reconcile","","","","structural-pattern","keep","new"
"Services","!KRT/Services/Loot/Reconcile.lua","87","103","Reconcile.MergeTradeOnlyFallback","method_dot","Yes","Reconcile","","","","structural-pattern","keep","new"
"Services","!KRT/Services/Loot/Reconcile.lua","104","118","Reconcile.ShouldSkipPassiveDuplicate","method_dot","Yes","Reconcile","","","","structural-pattern","keep","new"
"Services","!KRT/Services/Loot/Reconcile.lua","119","140","Reconcile.MarkPassiveLogged","method_dot","Yes","Reconcile","","","","structural-pattern","keep","new"
"Services","!KRT/Services/Loot/Records.lua","24","37","allocateLootNid","local_function","No","local","","","","structural-pattern","keep","new"
"Services","!KRT/Services/Loot/Records.lua","38","65","Records.Build","method_dot","Yes","Records","","","","structural-pattern","keep","new"
"Services","!KRT/Services/Loot/Records.lua","66","89","Records.Append","method_dot","Yes","Records","","","","structural-pattern","keep","new"
"Services","!KRT/Services/Loot/Rules.lua","35","38","getRollTypes","local_function","No","local","","","","structural-pattern","keep","new"
"Services","!KRT/Services/Loot/Rules.lua","39","49","resolveItemId","local_function","No","local","","","","structural-pattern","keep","new"
"Services","!KRT/Services/Loot/Rules.lua","50","79","resolveItemInfo","local_function","No","local","","","","structural-pattern","keep","new"
"Services","!KRT/Services/Loot/Rules.lua","80","95","buildDecision","local_function","No","local","","","","structural-pattern","keep","new"
"Services","!KRT/Services/Loot/Rules.lua","96","99","isIgnoredItem","local_function","No","local","","","","name-collision","rename","new"
"Services","!KRT/Services/Loot/Rules.lua","100","104","isEnchantingMaterial","local_function","No","local","","","","name-collision","rename","new"
"Services","!KRT/Services/Loot/Rules.lua","105","136","Rules:GetItemSuggestion","method_colon","Yes","Rules","","","","structural-pattern","keep","new"
"Services","!KRT/Services/Loot/Service.lua","108","111","noopFalse","local_function","No","local","","","","structural-pattern","keep","new"
"Services","!KRT/Services/Loot/Service.lua","112","120","buildEmptyDistributionModel","local_function","No","local","","","","structural-pattern","keep","new"
"Services","!KRT/Services/Loot/Service.lua","121","145","getDistributionSession","local_function","No","local","","","","structural-pattern","keep","new"
"Services","!KRT/Services/Loot/Service.lua","146","152","warmItemCacheNow","local_function","No","local","","","","structural-pattern","keep","new"
"Services","!KRT/Services/Loot/Service.lua","153","158","resetCacheWarmQueue","local_function","No","local","","","","structural-pattern","keep","new"
"Services","!KRT/Services/Loot/Service.lua","159","182","processCacheWarmQueue","local_function","No","local","","","","structural-pattern","keep","new"
"Services","!KRT/Services/Loot/Service.lua","183","189","scheduleCacheWarm","field_closure","Yes","local","","","","structural-pattern","keep","new"
"Services","!KRT/Services/Loot/Service.lua","190","202","warmItemCache","local_function","No","local","","","","name-collision","rename","new"
"Services","!KRT/Services/Loot/Service.lua","203","217","resolveItemColor","local_function","No","local","","","","structural-pattern","keep","new"
"Services","!KRT/Services/Loot/Service.lua","218","237","buildDistributionWindowItems","local_function","No","local","","","","structural-pattern","keep","new"
"Services","!KRT/Services/Loot/Service.lua","238","287","requestLootItemInfo","field_closure","Yes","local","","","","structural-pattern","keep","new"
"Services","!KRT/Services/Loot/Service.lua","288","295","isBagItemSoulbound","local_function","No","local","","","","name-collision","rename","new"
"Services","!KRT/Services/Loot/Service.lua","296","321","resolveRollSessionIdForLoot","local_function","No","local","","","","structural-pattern","keep","new"
"Services","!KRT/Services/Loot/Service.lua","322","341","bindLootNidToRollSession","local_function","No","local","","","","structural-pattern","keep","new"
"Services","!KRT/Services/Loot/Service.lua","342","351","invalidateRaidRuntime","local_function","No","local","","","","name-collision","rename","new"
"Services","!KRT/Services/Loot/Service.lua","352","366","indexAppendedLootRuntime","local_function","No","local","","","","structural-pattern","keep","new"
"Services","!KRT/Services/Loot/Service.lua","367","376","getLootItemKey","local_function","No","local","","","","structural-pattern","keep","new"
"Services","!KRT/Services/Loot/Service.lua","377","393","resolveLootLooterName","local_function","No","local","","","","name-collision","rename","new"
"Services","!KRT/Services/Loot/Service.lua","394","445","findUpgradeablePassiveLootEntry","local_function","No","local","","","","structural-pattern","keep","new"
"Services","!KRT/Services/Loot/Service.lua","446","474","addLootWindowSlot","local_function","No","local","","","","structural-pattern","keep","new"
"Services","!KRT/Services/Loot/Service.lua","475","488","findTrackedLootItemIndex","local_function","No","local","","","","structural-pattern","keep","new"
"Services","!KRT/Services/Loot/Service.lua","489","512","findLootSlotIndex","local_function","No","local","","","","name-collision","rename","new"
"Services","!KRT/Services/Loot/Service.lua","513","551","scanTradeableInventory","local_function","No","local","","","","structural-pattern","keep","new"
"Services","!KRT/Services/Loot/Service.lua","552","598","resolveTradeableInventoryItem","local_function","No","local","","","","structural-pattern","keep","new"
"Services","!KRT/Services/Loot/Service.lua","599","644","resolveTradeAwardedCount","local_function","No","local","","","","name-collision","rename","new"
"Services","!KRT/Services/Loot/Service.lua","645","655","resolveInventoryAwardedCount","local_function","No","local","","","","name-collision","rename","new"
"Services","!KRT/Services/Loot/Service.lua","656","666","resolveInventoryAwardedCountFromArgs","local_function","No","local","","","","structural-pattern","keep","new"
"Services","!KRT/Services/Loot/Service.lua","667","688","buildTradeInitialOutputPlan","local_function","No","local","","","","structural-pattern","keep","new"
"Services","!KRT/Services/Loot/Service.lua","689","703","buildTradeKeepWhisperPlan","local_function","No","local","","","","structural-pattern","keep","new"
"Services","!KRT/Services/Loot/Service.lua","704","714","getPlannerRolls","local_function","No","local","","","","structural-pattern","keep","new"
"Services","!KRT/Services/Loot/Service.lua","715","760","buildInventoryMultiWinnerTradePlan","local_function","No","local","","","","structural-pattern","keep","new"
"Services","!KRT/Services/Loot/Service.lua","761","789","buildTradeNotificationPlan","local_function","No","local","","","","name-collision","rename","new"
"Services","!KRT/Services/Loot/Service.lua","790","820","buildAwardTargetPlan","local_function","No","local","","","","name-collision","rename","new"
"Services","!KRT/Services/Loot/Service.lua","821","846","validateInventoryTradeSelection","local_function","No","local","","","","name-collision","rename","new"
"Services","!KRT/Services/Loot/Service.lua","847","898","buildMultiAwardWinnersPlan","local_function","No","local","","","","name-collision","rename","new"
"Services","!KRT/Services/Loot/Service.lua","899","909","copyArray","local_function","No","local","","","","structural-pattern","keep","new"
"Services","!KRT/Services/Loot/Service.lua","910","920","copyMap","local_function","No","local","","","","structural-pattern","keep","new"
"Services","!KRT/Services/Loot/Service.lua","921","945","buildMultiAwardState","local_function","No","local","","","","name-collision","rename","new"
"Services","!KRT/Services/Loot/Service.lua","946","958","isParsedGroupLootResult","local_function","No","local","","","","structural-pattern","keep","new"
"Services","!KRT/Services/Loot/Service.lua","959","1018","parseLootChatMessage","local_function","No","local","","","","structural-pattern","keep","new"
"Services","!KRT/Services/Loot/Service.lua","1019","1025","getLootItemDetails","local_function","No","local","","","","structural-pattern","keep","new"
"Services","!KRT/Services/Loot/Service.lua","1026","1032","isIgnoredItem","local_function","No","local","","","","name-collision","rename","new"
"Services","!KRT/Services/Loot/Service.lua","1033","1040","normalizeLoggerLootQualityThreshold","local_function","No","local","","","","name-collision","rename","new"
"Services","!KRT/Services/Loot/Service.lua","1041","1047","getRaidLootThreshold","local_function","No","local","","","","structural-pattern","keep","new"
"Services","!KRT/Services/Loot/Service.lua","1048","1054","getEffectiveLoggerLootThreshold","local_function","No","local","","","","structural-pattern","keep","new"
"Services","!KRT/Services/Loot/Service.lua","1055","1073","shouldSkipLootEntry","local_function","No","local","","","","structural-pattern","keep","new"
"Services","!KRT/Services/Loot/Service.lua","1074","1077","normalizeItemClass","local_function","No","local","","","","structural-pattern","keep","new"
"Services","!KRT/Services/Loot/Service.lua","1078","1087","itemClassMatches","local_function","No","local","","","","structural-pattern","keep","new"
"Services","!KRT/Services/Loot/Service.lua","1088","1096","isUncommonItem","local_function","No","local","","","","structural-pattern","keep","new"
"Services","!KRT/Services/Loot/Service.lua","1097","1100","shouldSkipPassiveGroupLootEntry","local_function","No","local","","","","structural-pattern","keep","new"
"Services","!KRT/Services/Loot/Service.lua","1101","1105","shouldSkipPassiveGroupLootCounter","local_function","No","local","","","","structural-pattern","keep","new"
"Services","!KRT/Services/Loot/Service.lua","1106","1121","evaluateAutoLootSuggestion","field_closure","Yes","local","","","","structural-pattern","keep","new"
"Services","!KRT/Services/Loot/Service.lua","1122","1131","suggestionsMatch","local_function","No","local","","","","structural-pattern","keep","new"
"Services","!KRT/Services/Loot/Service.lua","1132","1156","refreshDeferredAutoLootSuggestion","field_closure","Yes","local","","","","structural-pattern","keep","new"
"Services","!KRT/Services/Loot/Service.lua","1157","1297","resolveLootRollOutcome","local_function","No","local","","","","structural-pattern","keep","new"
"Services","!KRT/Services/Loot/Service.lua","1298","1315","resolveBossNidForLoot","local_function","No","local","","","","structural-pattern","keep","new"
"Services","!KRT/Services/Loot/Service.lua","1316","1322","copyLootSourceForRecord","local_function","No","local","","","","structural-pattern","keep","new"
"Services","!KRT/Services/Loot/Service.lua","1323","1355","buildLootRecord","local_function","No","local","","","","structural-pattern","keep","new"
"Services","!KRT/Services/Loot/Service.lua","1356","1378","appendLootRecord","local_function","No","local","","","","structural-pattern","keep","new"
"Services","!KRT/Services/Loot/Service.lua","1379","1392","setSelectedItem","field_closure","Yes","local","","","","structural-pattern","keep","new"
"Services","!KRT/Services/Loot/Service.lua","1393","1426","module:UpgradeLoggedPassiveLootRoll","method_colon","Yes","module","","","","structural-pattern","keep","new"
"Services","!KRT/Services/Loot/Service.lua","1427","1563","module:AddLoot","method_colon","Yes","module","","","","structural-pattern","keep","new"
"Services","!KRT/Services/Loot/Service.lua","1564","1649","module:LogTradeOnlyLoot","method_colon","Yes","module","","","","structural-pattern","keep","new"
"Services","!KRT/Services/Loot/Service.lua","1650","1653","shouldIgnoreGroupLoot","local_function","No","local","","","","structural-pattern","keep","new"
"Services","!KRT/Services/Loot/Service.lua","1654","1663","module:ObservePassiveLootMessage","method_colon","Yes","module","","","","name-collision","rename","new"
"Services","!KRT/Services/Loot/Service.lua","1664","1670","module:AddPassiveLootRoll","method_colon","Yes","module","","","","name-collision","rename","new"
"Services","!KRT/Services/Loot/Service.lua","1671","1677","module:AddGroupLootMessage","method_colon","Yes","module","","","","name-collision","rename","new"
"Services","!KRT/Services/Loot/Service.lua","1678","1686","module:GetGroupLootMessageResult","method_colon","Yes","module","","","","structural-pattern","keep","new"
"Services","!KRT/Services/Loot/Service.lua","1687","1697","module:AddPendingAward","method_colon","Yes","module","","","","structural-pattern","keep","new"
"Services","!KRT/Services/Loot/Service.lua","1698","1701","module:RemovePendingAward","method_colon","Yes","module","","","","structural-pattern","keep","new"
"Services","!KRT/Services/Loot/Service.lua","1702","1705","module:PurgePendingAwards","method_colon","Yes","module","","","","structural-pattern","keep","new"
"Services","!KRT/Services/Loot/Service.lua","1706","1711","module:IsMasterLootAwardFailureMessage","method_colon","Yes","module","","","","name-collision","rename","new"
"Services","!KRT/Services/Loot/Service.lua","1712","1715","module:HandleDistributionMessage","method_colon","Yes","module","","","","structural-pattern","keep","new"
"Services","!KRT/Services/Loot/Service.lua","1716","1751","module:SetDistributionState","method_colon","Yes","module","","","","structural-pattern","keep","new"
"Services","!KRT/Services/Loot/Service.lua","1752","1791","module:FetchLoot","method_colon","Yes","module","","","","structural-pattern","keep","new"
"Services","!KRT/Services/Loot/Service.lua","1792","1869","module:AddItem","method_colon","Yes","module","","","","structural-pattern","keep","new"
"Services","!KRT/Services/Loot/Service.lua","1870","1876","module:PrepareItem","method_colon","Yes","module","","","","structural-pattern","keep","new"
"Services","!KRT/Services/Loot/Service.lua","1877","1884","module:SelectItem","method_colon","Yes","module","","","","name-collision","rename","new"
"Services","!KRT/Services/Loot/Service.lua","1885","1891","module:ClearLoot","method_colon","Yes","module","","","","structural-pattern","keep","new"
"Services","!KRT/Services/Loot/Service.lua","1892","1896","getItem","method_dot","Yes","local","","","","name-collision","rename","new"
"Services","!KRT/Services/Loot/Service.lua","1897","1902","module:GetAutoLootSuggestion","method_colon","Yes","module","","","","structural-pattern","keep","new"
"Services","!KRT/Services/Loot/Service.lua","1903","1908","getItemName","method_dot","Yes","local","","","","structural-pattern","keep","new"
"Services","!KRT/Services/Loot/Service.lua","1909","1914","getItemLink","method_dot","Yes","local","","","","structural-pattern","keep","new"
"Services","!KRT/Services/Loot/Service.lua","1915","1919","getItemTexture","method_dot","Yes","local","","","","structural-pattern","keep","new"
"Services","!KRT/Services/Loot/Service.lua","1920","1931","module:GetCurrentItemCount","method_colon","Yes","module","","","","structural-pattern","keep","new"
"Services","!KRT/Services/Loot/Service.lua","1932","1945","module:GetLootWindowItems","method_colon","Yes","module","","","","structural-pattern","keep","new"
"Services","!KRT/Services/Loot/Service.lua","1946","1949","module:GetTrackingSnapshot","method_colon","Yes","module","","","","structural-pattern","keep","new"
"Services","!KRT/Services/Loot/Service.lua","1950","1953","module:GetDistributionSessionModel","method_colon","Yes","module","","","","structural-pattern","keep","new"
"Services","!KRT/Services/Loot/Service.lua","1954","1958","module:GetWorkflowSnapshot","method_colon","Yes","module","","","","structural-pattern","keep","new"
"Services","!KRT/Services/Loot/Service.lua","1959","1964","itemExists","method_dot","Yes","local","","","","structural-pattern","keep","new"
"Services","!KRT/Services/Loot/Service.lua","1965","1977","itemIsSoulbound","method_dot","Yes","local","","","","structural-pattern","keep","new"
"Services","!KRT/Services/Loot/Service.lua","1978","1982","module.FindLootSlotIndex","method_dot","Yes","module","","","","name-collision","rename","new"
"Services","!KRT/Services/Loot/Service.lua","1983","1994","module.FindTradeableInventoryMatch","method_dot","Yes","module","","","","structural-pattern","keep","new"
"Services","!KRT/Services/Loot/Service.lua","1995","2010","module.FindTradeableInventoryItem","method_dot","Yes","module","","","","structural-pattern","keep","new"
"Services","!KRT/Services/Loot/Service.lua","2011","2017","module:ResolveInventoryAwardedCount","method_colon","Yes","module","","","","name-collision","rename","new"
"Services","!KRT/Services/Loot/Service.lua","2018","2021","module:ResolveTradeAwardedCount","method_colon","Yes","module","","","","name-collision","rename","new"
"Services","!KRT/Services/Loot/Service.lua","2022","2025","module:BuildTradeNotificationPlan","method_colon","Yes","module","","","","name-collision","rename","new"
"Services","!KRT/Services/Loot/Service.lua","2026","2029","module:BuildAwardTargetPlan","method_colon","Yes","module","","","","name-collision","rename","new"
"Services","!KRT/Services/Loot/Service.lua","2030","2033","module:ValidateInventoryTradeSelection","method_colon","Yes","module","","","","name-collision","rename","new"
"Services","!KRT/Services/Loot/Service.lua","2034","2037","module:BuildMultiAwardWinnersPlan","method_colon","Yes","module","","","","name-collision","rename","new"
"Services","!KRT/Services/Loot/Service.lua","2038","2068","module:BuildMultiAwardState","method_colon","Yes","module","","","","name-collision","rename","new"
"Services","!KRT/Services/Loot/Snapshots.lua","29","46","getSnapshotState","local_function","No","local","","","","structural-pattern","keep","new"
"Services","!KRT/Services/Loot/Snapshots.lua","47","72","buildSignature","local_function","No","local","","","","structural-pattern","keep","new"
"Services","!KRT/Services/Loot/Snapshots.lua","73","96","removeFromSignatureIndex","local_function","No","local","","","","structural-pattern","keep","new"
"Services","!KRT/Services/Loot/Snapshots.lua","97","118","indexSnapshot","local_function","No","local","","","","structural-pattern","keep","new"
"Services","!KRT/Services/Loot/Snapshots.lua","119","128","refreshSnapshotSignature","local_function","No","local","","","","structural-pattern","keep","new"
"Services","!KRT/Services/Loot/Snapshots.lua","129","140","markSnapshotExpiry","local_function","No","local","","","","structural-pattern","keep","new"
"Services","!KRT/Services/Loot/Snapshots.lua","141","153","removeSnapshot","local_function","No","local","","","","structural-pattern","keep","new"
"Services","!KRT/Services/Loot/Snapshots.lua","154","173","buildItemCounts","local_function","No","local","","","","structural-pattern","keep","new"
"Services","!KRT/Services/Loot/Snapshots.lua","174","181","buildItemsSignature","local_function","No","local","","","","structural-pattern","keep","new"
"Services","!KRT/Services/Loot/Snapshots.lua","182","214","rebuildSnapshotIndex","field_closure","Yes","local","","","","structural-pattern","keep","new"
"Services","!KRT/Services/Loot/Snapshots.lua","215","219","Snapshots.ClearActive","method_dot","Yes","Snapshots","","","","structural-pattern","keep","new"
"Services","!KRT/Services/Loot/Snapshots.lua","220","247","Snapshots.PurgeExpired","method_dot","Yes","Snapshots","","","","name-collision","rename","new"
"Services","!KRT/Services/Loot/Snapshots.lua","248","274","Snapshots.Create","method_dot","Yes","Snapshots","","","","name-collision","rename","new"
"Services","!KRT/Services/Loot/Snapshots.lua","275","293","Snapshots.MarkActive","method_dot","Yes","Snapshots","","","","structural-pattern","keep","new"
"Services","!KRT/Services/Loot/Snapshots.lua","294","323","Snapshots.FindMatching","method_dot","Yes","Snapshots","","","","structural-pattern","keep","new"
"Services","!KRT/Services/Loot/Snapshots.lua","324","372","Snapshots.ConsumeActive","method_dot","Yes","Snapshots","","","","structural-pattern","keep","new"
"Services","!KRT/Services/Loot/State.lua","26","29","ensureRaidState","local_function","No","local","","","","structural-pattern","keep","new"
"Services","!KRT/Services/Loot/State.lua","30","34","syncActiveContext","local_function","No","local","","","","structural-pattern","keep","new"
"Services","!KRT/Services/Loot/State.lua","35","46","mutateActiveContext","local_function","No","local","","","","structural-pattern","keep","new"
"Services","!KRT/Services/Loot/State.lua","47","56","ContextState.EnsureState","method_dot","Yes","ContextState","","","","name-collision","rename","new"
"Services","!KRT/Services/Loot/State.lua","57","63","ContextState.SetField","method_dot","Yes","ContextState","","","","structural-pattern","keep","new"
"Services","!KRT/Services/Loot/State.lua","64","73","ContextState.SyncField","method_dot","Yes","ContextState","","","","structural-pattern","keep","new"
"Services","!KRT/Services/Loot/State.lua","74","83","ContextState.SetActive","method_dot","Yes","ContextState","","","","name-collision","rename","new"
"Services","!KRT/Services/Loot/State.lua","84","89","ContextState.SyncActive","method_dot","Yes","ContextState","","","","structural-pattern","keep","new"
"Services","!KRT/Services/Loot/State.lua","90","93","ContextState.GetBossEvent","method_dot","Yes","ContextState","","","","structural-pattern","keep","new"
"Services","!KRT/Services/Loot/State.lua","94","98","ContextState.GetWindow","method_dot","Yes","ContextState","","","","structural-pattern","keep","new"
"Services","!KRT/Services/Loot/State.lua","99","107","ContextState.ClearWindow","method_dot","Yes","ContextState","","","","structural-pattern","keep","new"
"Services","!KRT/Services/Loot/State.lua","108","112","ContextState.GetSource","method_dot","Yes","ContextState","","","","structural-pattern","keep","new"
"Services","!KRT/Services/Loot/State.lua","113","121","ContextState.ClearSource","method_dot","Yes","ContextState","","","","structural-pattern","keep","new"
"Services","!KRT/Services/Loot/State.lua","122","131","ContextState.ResolveExpiry","method_dot","Yes","ContextState","","","","structural-pattern","keep","new"
"Services","!KRT/Services/Loot/State.lua","132","136","ContextState.Reset","method_dot","Yes","ContextState","","","","name-collision","rename","new"
"Services","!KRT/Services/Loot/State.lua","137","156","ContextState.SyncRuntimeState","method_dot","Yes","ContextState","","","","structural-pattern","keep","new"
"Services","!KRT/Services/Loot/State.lua","157","167","getSessionState","local_function","No","local","","","","structural-pattern","keep","new"
"Services","!KRT/Services/Loot/State.lua","168","183","Sessions.PurgeExpired","method_dot","Yes","Sessions","","","","name-collision","rename","new"
"Services","!KRT/Services/Loot/State.lua","184","200","Sessions.Remember","method_dot","Yes","Sessions","","","","structural-pattern","keep","new"
"Services","!KRT/Services/Loot/State.lua","201","239","Sessions.Resolve","method_dot","Yes","Sessions","","","","name-collision","rename","new"
"Services","!KRT/Services/Loot/Tracking.lua","32","52","copyRollSessionSnapshot","local_function","No","local","","","","structural-pattern","keep","new"
"Services","!KRT/Services/Loot/Tracking.lua","53","75","buildLootWindowSnapshotItems","local_function","No","local","","","","structural-pattern","keep","new"
"Services","!KRT/Services/Loot/Tracking.lua","76","115","buildPendingAwardSnapshot","local_function","No","local","","","","structural-pattern","keep","new"
"Services","!KRT/Services/Loot/Tracking.lua","116","143","buildPassiveLootRollSnapshot","local_function","No","local","","","","structural-pattern","keep","new"
"Services","!KRT/Services/Loot/Tracking.lua","144","148","splitLoggedPassiveLootKey","local_function","No","local","","","","structural-pattern","keep","new"
"Services","!KRT/Services/Loot/Tracking.lua","149","182","buildLoggedPassiveLootSnapshot","local_function","No","local","","","","structural-pattern","keep","new"
"Services","!KRT/Services/Loot/Tracking.lua","183","197","buildBossNameByNid","local_function","No","local","","","","structural-pattern","keep","new"
"Services","!KRT/Services/Loot/Tracking.lua","198","236","buildHistoryLootSnapshot","local_function","No","local","","","","structural-pattern","keep","new"
"Services","!KRT/Services/Loot/Tracking.lua","237","261","buildMasterLootCandidates","local_function","No","local","","","","structural-pattern","keep","new"
"Services","!KRT/Services/Loot/Tracking.lua","262","296","buildMasterLootSnapshot","local_function","No","local","","","","structural-pattern","keep","new"
"Services","!KRT/Services/Loot/Tracking.lua","297","348","Tracking.GetSnapshot","method_dot","Yes","Tracking","","","","structural-pattern","keep","new"
"Services","!KRT/Services/Loot/Workflow.lua","23","30","ensureContext","local_function","No","local","","","","name-collision","rename","new"
"Services","!KRT/Services/Loot/Workflow.lua","31","46","copyReceipt","local_function","No","local","","","","structural-pattern","keep","new"
"Services","!KRT/Services/Loot/Workflow.lua","47","59","copyAward","local_function","No","local","","","","structural-pattern","keep","new"
"Services","!KRT/Services/Loot/Workflow.lua","60","65","recordPhase","local_function","No","local","","","","structural-pattern","keep","new"
"Services","!KRT/Services/Loot/Workflow.lua","66","78","Workflow.BeginLootWindow","method_dot","Yes","Workflow","","","","structural-pattern","keep","new"
"Services","!KRT/Services/Loot/Workflow.lua","79","87","Workflow.SelectItem","method_dot","Yes","Workflow","","","","name-collision","rename","new"
"Services","!KRT/Services/Loot/Workflow.lua","88","98","Workflow.BeginRoll","method_dot","Yes","Workflow","","","","structural-pattern","keep","new"
"Services","!KRT/Services/Loot/Workflow.lua","99","108","Workflow.QueueAward","method_dot","Yes","Workflow","","","","structural-pattern","keep","new"
"Services","!KRT/Services/Loot/Workflow.lua","109","116","Workflow.ConfirmAward","method_dot","Yes","Workflow","","","","structural-pattern","keep","new"
"Services","!KRT/Services/Loot/Workflow.lua","117","131","Workflow.BeginTrade","method_dot","Yes","Workflow","","","","structural-pattern","keep","new"
"Services","!KRT/Services/Loot/Workflow.lua","132","139","Workflow.ConfirmTrade","method_dot","Yes","Workflow","","","","structural-pattern","keep","new"
"Services","!KRT/Services/Loot/Workflow.lua","140","148","Workflow.Cancel","method_dot","Yes","Workflow","","","","name-collision","rename","new"
"Services","!KRT/Services/Loot/Workflow.lua","149","163","Workflow.RecordReceipt","method_dot","Yes","Workflow","","","","structural-pattern","keep","new"
"Services","!KRT/Services/Loot/Workflow.lua","164","196","Workflow.BuildSnapshot","method_dot","Yes","Workflow","","","","structural-pattern","keep","new"
"Services","!KRT/Services/Raid/Attendance.lua","26","32","ensureAttendanceTable","local_function","No","local","","","","structural-pattern","keep","new"
"Services","!KRT/Services/Raid/Attendance.lua","33","58","ensureAttendanceEntry","local_function","No","local","","","","structural-pattern","keep","new"
"Services","!KRT/Services/Raid/Attendance.lua","59","73","getOpenSegment","local_function","No","local","","","","structural-pattern","keep","new"
"Services","!KRT/Services/Raid/Attendance.lua","74","89","closeOpenSegment","local_function","No","local","","","","structural-pattern","keep","new"
"Services","!KRT/Services/Raid/Attendance.lua","90","118","openSegment","local_function","No","local","","","","structural-pattern","keep","new"
"Services","!KRT/Services/Raid/Attendance.lua","119","137","applyRosterPresence","local_function","No","local","","","","structural-pattern","keep","new"
"Services","!KRT/Services/Raid/Attendance.lua","138","149","applyRosterList","local_function","No","local","","","","structural-pattern","keep","new"
"Services","!KRT/Services/Raid/Attendance.lua","150","169","handleRosterDelta","local_function","No","local","","","","structural-pattern","keep","new"
"Services","!KRT/Services/Raid/Attendance.lua","170","211","module:GetAttendanceEntry","method_colon","Yes","module","","","","name-collision","rename","new"
"Services","!KRT/Services/Raid/Capabilities.lua","20","30","getLootMethodName","local_function","No","local","","","","name-collision","rename","new"
"Services","!KRT/Services/Raid/Capabilities.lua","31","42","isPassiveGroupLootMethod","local_function","No","local","","","","name-collision","rename","new"
"Services","!KRT/Services/Raid/Capabilities.lua","43","48","showMasterOnlyWarning","local_function","No","local","","","","structural-pattern","keep","new"
"Services","!KRT/Services/Raid/Capabilities.lua","49","66","module:IsMasterLooter","method_colon","Yes","module","","","","structural-pattern","keep","new"
"Services","!KRT/Services/Raid/Capabilities.lua","67","82","module:GetPlayerRoleState","method_colon","Yes","module","","","","structural-pattern","keep","new"
"Services","!KRT/Services/Raid/Capabilities.lua","83","126","module:GetCapabilityState","method_colon","Yes","module","","","","structural-pattern","keep","new"
"Services","!KRT/Services/Raid/Capabilities.lua","127","131","module:CanUseCapability","method_colon","Yes","module","","","","structural-pattern","keep","new"
"Services","!KRT/Services/Raid/Capabilities.lua","132","139","module:EnsureMasterOnlyAccess","method_colon","Yes","module","","","","structural-pattern","keep","new"
"Services","!KRT/Services/Raid/Capabilities.lua","140","158","module:CanObservePassiveLoot","method_colon","Yes","module","","","","structural-pattern","keep","new"
"Services","!KRT/Services/Raid/Counts.lua","35","50","findRaidPlayerByNid","local_function","No","local","","","","structural-pattern","keep","new"
"Services","!KRT/Services/Raid/Counts.lua","51","60","resolveRaidWithSchema","local_function","No","local","","","","structural-pattern","keep","new"
"Services","!KRT/Services/Raid/Counts.lua","61","80","resolveRaidPlayerByNid","local_function","No","local","","","","structural-pattern","keep","new"
"Services","!KRT/Services/Raid/Counts.lua","81","118","module:GetLootCounterRows","method_colon","Yes","module","","","","structural-pattern","keep","new"
"Services","!KRT/Services/Raid/Counts.lua","119","127","module:GetPlayerLootCountByNid","method_colon","Yes","module","","","","structural-pattern","keep","new"
"Services","!KRT/Services/Raid/Counts.lua","128","148","module:SetPlayerLootCountByNid","method_colon","Yes","module","","","","structural-pattern","keep","new"
"Services","!KRT/Services/Raid/Counts.lua","149","168","module:AddPlayerLootCountByNid","method_colon","Yes","module","","","","structural-pattern","keep","new"
"Services","!KRT/Services/Raid/Counts.lua","169","208","addPlayerLootCount","local_function","No","local","","","","structural-pattern","keep","new"
"Services","!KRT/Services/Raid/Counts.lua","209","216","module:AddPlayerCountForRollType","method_colon","Yes","module","","","","structural-pattern","keep","new"
"Services","!KRT/Services/Raid/Counts.lua","217","242","module:GetPlayerCount","method_colon","Yes","module","","","","structural-pattern","keep","new"
"Services","!KRT/Services/Raid/LootRecords.lua","27","38","buildHeldLootItemQuery","local_function","No","local","","","","structural-pattern","keep","new"
"Services","!KRT/Services/Raid/LootRecords.lua","39","57","matchesHeldLootItem","local_function","No","local","","","","structural-pattern","keep","new"
"Services","!KRT/Services/Raid/LootRecords.lua","58","72","resolveLootLooterName","local_function","No","local","","","","name-collision","rename","new"
"Services","!KRT/Services/Raid/LootRecords.lua","73","95","module:GetLootByNid","method_colon","Yes","module","","","","structural-pattern","keep","new"
"Services","!KRT/Services/Raid/LootRecords.lua","96","119","module:MatchHeldInventoryLoot","method_colon","Yes","module","","","","structural-pattern","keep","new"
"Services","!KRT/Services/Raid/LootRecords.lua","120","140","module:ResolveHeldLootNid","method_colon","Yes","module","","","","structural-pattern","keep","new"
"Services","!KRT/Services/Raid/LootRecords.lua","141","168","module:GetHeldLootNid","method_colon","Yes","module","","","","structural-pattern","keep","new"
"Services","!KRT/Services/Raid/LootRecords.lua","169","212","module:GetLootNidByRollSessionId","method_colon","Yes","module","","","","structural-pattern","keep","new"
"Services","!KRT/Services/Raid/Roster.lua","52","55","isDebugEnabled","local_function","No","local","","","","name-collision","rename","new"
"Services","!KRT/Services/Raid/Roster.lua","56","61","resetLiveUnitCaches","local_function","No","local","","","","structural-pattern","keep","new"
"Services","!KRT/Services/Raid/Roster.lua","62","68","cancelPendingUnitRetryTimer","local_function","No","local","","","","structural-pattern","keep","new"
"Services","!KRT/Services/Raid/Roster.lua","69","75","cancelScheduledRosterRefresh","local_function","No","local","","","","structural-pattern","keep","new"
"Services","!KRT/Services/Raid/Roster.lua","76","83","scheduleRosterRefresh","local_function","No","local","","","","structural-pattern","keep","new"
"Services","!KRT/Services/Raid/Roster.lua","84","88","resetPendingUnitRetry","local_function","No","local","","","","structural-pattern","keep","new"
"Services","!KRT/Services/Raid/Roster.lua","89","95","markPendingUnit","local_function","No","local","","","","structural-pattern","keep","new"
"Services","!KRT/Services/Raid/Roster.lua","96","104","trimPendingUnits","local_function","No","local","","","","structural-pattern","keep","new"
"Services","!KRT/Services/Raid/Roster.lua","105","113","hasRetryablePendingUnits","local_function","No","local","","","","structural-pattern","keep","new"
"Services","!KRT/Services/Raid/Roster.lua","114","128","schedulePendingUnitRetry","local_function","No","local","","","","structural-pattern","keep","new"
"Services","!KRT/Services/Raid/Roster.lua","129","147","finalizeRosterDelta","local_function","No","local","","","","structural-pattern","keep","new"
"Services","!KRT/Services/Raid/Roster.lua","148","156","buildRosterDelta","local_function","No","local","","","","structural-pattern","keep","new"
"Services","!KRT/Services/Raid/Roster.lua","157","161","ensureRealmPlayerMeta","local_function","No","local","","","","structural-pattern","keep","new"
"Services","!KRT/Services/Raid/Roster.lua","162","170","getSyntheticRosterState","local_function","No","local","","","","structural-pattern","keep","new"
"Services","!KRT/Services/Raid/Roster.lua","171","178","isSyntheticRosterPlayer","local_function","No","local","","","","structural-pattern","keep","new"
"Services","!KRT/Services/Raid/Roster.lua","179","198","upsertPlayerMeta","local_function","No","local","","","","structural-pattern","keep","new"
"Services","!KRT/Services/Raid/Roster.lua","199","204","isUnknownName","local_function","No","local","","","","name-collision","rename","new"
"Services","!KRT/Services/Raid/Roster.lua","205","208","setNumRaidInternal","local_function","No","local","","","","structural-pattern","keep","new"
"Services","!KRT/Services/Raid/Roster.lua","209","213","bumpRosterVersionInternal","local_function","No","local","","","","structural-pattern","keep","new"
"Services","!KRT/Services/Raid/Roster.lua","214","218","resetRosterTrackingInternal","local_function","No","local","","","","structural-pattern","keep","new"
"Services","!KRT/Services/Raid/Roster.lua","219","254","publishRosterDeltaInternal","local_function","No","local","","","","structural-pattern","keep","new"
"Services","!KRT/Services/Raid/Roster.lua","255","275","module:IsSyntheticPlayerActive","method_colon","Yes","module","","","","structural-pattern","keep","new"
"Services","!KRT/Services/Raid/Roster.lua","276","286","checkCurrentRaidInstance","local_function","No","local","","","","structural-pattern","keep","new"
"Services","!KRT/Services/Raid/Roster.lua","287","300","endRosterSession","local_function","No","local","","","","structural-pattern","keep","new"
"Services","!KRT/Services/Raid/Roster.lua","301","313","applyUnknownRosterUnit","local_function","No","local","","","","structural-pattern","keep","new"
"Services","!KRT/Services/Raid/Roster.lua","314","343","buildJoinedRosterPlayer","local_function","No","local","","","","structural-pattern","keep","new"
"Services","!KRT/Services/Raid/Roster.lua","344","383","refreshActiveRosterPlayer","local_function","No","local","","","","structural-pattern","keep","new"
"Services","!KRT/Services/Raid/Roster.lua","384","415","applyKnownRosterUnit","local_function","No","local","","","","structural-pattern","keep","new"
"Services","!KRT/Services/Raid/Roster.lua","416","440","markRosterLeavers","local_function","No","local","","","","structural-pattern","keep","new"
"Services","!KRT/Services/Raid/Roster.lua","441","446","module:GetRosterVersion","method_colon","Yes","module","","","","name-collision","rename","new"
"Services","!KRT/Services/Raid/Roster.lua","447","551","module:UpdateRaidRoster","method_colon","Yes","module","","","","structural-pattern","keep","new"
"Services","!KRT/Services/Raid/Roster.lua","552","570","module:CheckPlayer","method_colon","Yes","module","","","","structural-pattern","keep","new"
"Services","!KRT/Services/Raid/Roster.lua","571","588","module:GetPlayerID","method_colon","Yes","module","","","","structural-pattern","keep","new"
"Services","!KRT/Services/Raid/Roster.lua","589","607","module:GetPlayerName","method_colon","Yes","module","","","","name-collision","rename","new"
"Services","!KRT/Services/Raid/Roster.lua","608","618","module:GetPlayerClass","method_colon","Yes","module","","","","structural-pattern","keep","new"
"Services","!KRT/Services/Raid/Roster.lua","619","659","module:GetPlayers","method_colon","Yes","module","","","","structural-pattern","keep","new"
"Services","!KRT/Services/Raid/Roster.lua","660","706","module:GetUnitID","method_colon","Yes","module","","","","structural-pattern","keep","new"
"Services","!KRT/Services/Raid/Session.lua","27","30","isDebugEnabled","local_function","No","local","","","","name-collision","rename","new"
"Services","!KRT/Services/Raid/Session.lua","31","37","cancelRaidInstanceChecks","local_function","No","local","","","","structural-pattern","keep","new"
"Services","!KRT/Services/Raid/Session.lua","38","48","runLiveRaidInstanceCheck","local_function","No","local","","","","structural-pattern","keep","new"
"Services","!KRT/Services/Raid/Session.lua","49","63","createRaidSessionWithReason","local_function","No","local","","","","structural-pattern","keep","new"
"Services","!KRT/Services/Raid/Session.lua","64","72","module:InvalidateRaidRuntime","method_colon","Yes","module","","","","name-collision","rename","new"
"Services","!KRT/Services/Raid/Session.lua","73","76","module:CancelInstanceChecks","method_colon","Yes","module","","","","structural-pattern","keep","new"
"Services","!KRT/Services/Raid/Session.lua","77","93","module:ScheduleInstanceChecks","method_colon","Yes","module","","","","structural-pattern","keep","new"
"Services","!KRT/Services/Raid/Session.lua","94","123","module:Check","method_colon","Yes","module","","","","structural-pattern","keep","new"
"Services","!KRT/Services/Raid/Session.lua","124","147","module:GetBossByNid","method_colon","Yes","module","","","","structural-pattern","keep","new"
"Services","!KRT/Services/Raid/Session.lua","148","165","module:ClearRaidIcons","method_colon","Yes","module","","","","structural-pattern","keep","new"
"Services","!KRT/Services/Raid/State.lua","51","77","trimText","local_function","No","local","","","","name-collision","rename","new"
"Services","!KRT/Services/Raid/State.lua","78","81","isDebugEnabled","local_function","No","local","","","","name-collision","rename","new"
"Services","!KRT/Services/Raid/State.lua","82","85","isTraceEnabled","local_function","No","local","","","","name-collision","rename","new"
"Services","!KRT/Services/Raid/State.lua","86","91","invalidateMasterLootCandidateCache","local_function","No","local","","","","structural-pattern","keep","new"
"Services","!KRT/Services/Raid/State.lua","92","98","getRosterVersion","local_function","No","local","","","","name-collision","rename","new"
"Services","!KRT/Services/Raid/State.lua","99","117","buildMasterLootCandidateCache","local_function","No","local","","","","structural-pattern","keep","new"
"Services","!KRT/Services/Raid/State.lua","118","125","ensureMasterLootCandidateCache","local_function","No","local","","","","structural-pattern","keep","new"
"Services","!KRT/Services/Raid/State.lua","126","129","setLootContextField","local_function","No","local","","","","structural-pattern","keep","new"
"Services","!KRT/Services/Raid/State.lua","130","133","setActiveLootContextState","local_function","No","local","","","","structural-pattern","keep","new"
"Services","!KRT/Services/Raid/State.lua","134","137","syncActiveLootContextState","local_function","No","local","","","","structural-pattern","keep","new"
"Services","!KRT/Services/Raid/State.lua","138","154","findBossByNid","local_function","No","local","","","","name-collision","rename","new"
"Services","!KRT/Services/Raid/State.lua","155","174","findBossByName","local_function","No","local","","","","name-collision","rename","new"
"Services","!KRT/Services/Raid/State.lua","175","191","findBossBySourceNpcId","local_function","No","local","","","","name-collision","rename","new"
"Services","!KRT/Services/Raid/State.lua","192","214","classifyNpcLootSource","local_function","No","local","","","","structural-pattern","keep","new"
"Services","!KRT/Services/Raid/State.lua","215","218","getLootWindowBossContextState","local_function","No","local","","","","structural-pattern","keep","new"
"Services","!KRT/Services/Raid/State.lua","219","225","clearLootWindowBossContext","local_function","No","local","","","","name-collision","rename","new"
"Services","!KRT/Services/Raid/State.lua","226","229","resolveContextExpiry","local_function","No","local","","","","structural-pattern","keep","new"
"Services","!KRT/Services/Raid/State.lua","230","268","setBlockedLootWindowBossContext","local_function","No","local","","","","structural-pattern","keep","new"
"Services","!KRT/Services/Raid/State.lua","269","272","getLootSourceState","local_function","No","local","","","","structural-pattern","keep","new"
"Services","!KRT/Services/Raid/State.lua","273","276","clearLootSourceState","local_function","No","local","","","","structural-pattern","keep","new"
"Services","!KRT/Services/Raid/State.lua","277","280","getBossEventContextState","local_function","No","local","","","","structural-pattern","keep","new"
"Services","!KRT/Services/Raid/State.lua","281","303","normalizeRecentLootDeathContext","local_function","No","local","","","","structural-pattern","keep","new"
"Services","!KRT/Services/Raid/State.lua","304","307","getRecentLootDeathContextState","local_function","No","local","","","","structural-pattern","keep","new"
"Services","!KRT/Services/Raid/State.lua","308","372","getRaidSourceContext","local_function","No","local","","","","structural-pattern","keep","new"
"Services","!KRT/Services/Raid/State.lua","373","399","setRecentLootDeathContext","local_function","No","local","","","","structural-pattern","keep","new"
"Services","!KRT/Services/Raid/State.lua","400","414","rememberRecentTrashDeathContext","local_function","No","local","","","","structural-pattern","keep","new"
"Services","!KRT/Services/Raid/State.lua","415","421","resetLootContextState","local_function","No","local","","","","structural-pattern","keep","new"
"Services","!KRT/Services/Raid/State.lua","422","425","clearActiveLootWindowItemSnapshot","local_function","No","local","","","","structural-pattern","keep","new"
"Services","!KRT/Services/Raid/State.lua","426","429","createLootWindowItemSnapshot","local_function","No","local","","","","structural-pattern","keep","new"
"Services","!KRT/Services/Raid/State.lua","430","438","setActiveLootWindowItemSnapshot","local_function","No","local","","","","structural-pattern","keep","new"
"Services","!KRT/Services/Raid/State.lua","439","442","findMatchingLootWindowItemSnapshot","local_function","No","local","","","","structural-pattern","keep","new"
"Services","!KRT/Services/Raid/State.lua","443","446","consumeActiveLootWindowItemSnapshot","local_function","No","local","","","","structural-pattern","keep","new"
"Services","!KRT/Services/Raid/State.lua","447","451","resolveLootWindowSourceUnitContext","local_function","No","local","","","","structural-pattern","keep","new"
"Services","!KRT/Services/Raid/State.lua","452","513","buildUnitContext","local_function","No","local","","","","structural-pattern","keep","new"
"Services","!KRT/Services/Raid/State.lua","514","535","buildCorpseUnitContext","local_function","No","local","","","","structural-pattern","keep","new"
"Services","!KRT/Services/Raid/State.lua","536","563","setActiveLootSource","field_closure","Yes","local","","","","structural-pattern","keep","new"
"Services","!KRT/Services/Raid/State.lua","564","597","setLootWindowBossContext","field_closure","Yes","local","","","","structural-pattern","keep","new"
"Services","!KRT/Services/Raid/State.lua","598","637","resolveLootWindowContextState","local_function","No","local","","","","structural-pattern","keep","new"
"Services","!KRT/Services/Raid/State.lua","638","657","resolveLootWindowBossContext","local_function","No","local","","","","structural-pattern","keep","new"
"Services","!KRT/Services/Raid/State.lua","658","661","rememberLootBossSession","local_function","No","local","","","","structural-pattern","keep","new"
"Services","!KRT/Services/Raid/State.lua","662","665","resolveLootBossSession","local_function","No","local","","","","structural-pattern","keep","new"
"Services","!KRT/Services/Raid/State.lua","666","673","isUnknownName","local_function","No","local","","","","name-collision","rename","new"
"Services","!KRT/Services/Raid/State.lua","674","684","invalidateRaidRuntime","local_function","No","local","","","","name-collision","rename","new"
"Services","!KRT/Services/Raid/State.lua","685","696","buildDefaultRaidPlayer","local_function","No","local","","","","structural-pattern","keep","new"
"Services","!KRT/Services/Raid/State.lua","697","712","ensureRaidPlayerNid","local_function","No","local","","","","name-collision","rename","new"
"Services","!KRT/Services/Raid/State.lua","713","736","resolveRaidDifficulty","local_function","No","local","","","","structural-pattern","keep","new"
"Services","!KRT/Services/Raid/State.lua","737","746","getRaidSizeFromDifficulty","local_function","No","local","","","","structural-pattern","keep","new"
"Services","!KRT/Services/Raid/State.lua","747","766","findRecentBossKillByName","local_function","No","local","","","","structural-pattern","keep","new"
"Services","!KRT/Services/Raid/State.lua","767","770","clearBossEventContext","local_function","No","local","","","","structural-pattern","keep","new"
"Services","!KRT/Services/Raid/State.lua","771","793","setBossEventContext","local_function","No","local","","","","structural-pattern","keep","new"
"Services","!KRT/Services/Raid/State.lua","794","826","resolveBossEventContext","local_function","No","local","","","","structural-pattern","keep","new"
"Services","!KRT/Services/Raid/State.lua","827","830","recoverBossEventContext","local_function","No","local","","","","structural-pattern","keep","new"
"Services","!KRT/Services/Raid/State.lua","831","834","peekBossEventContext","local_function","No","local","","","","structural-pattern","keep","new"
"Services","!KRT/Services/Raid/State.lua","835","838","hasRecoverableBossEventContext","local_function","No","local","","","","structural-pattern","keep","new"
"Services","!KRT/Services/Raid/State.lua","839","886","resolveRecentLootDeathContext","local_function","No","local","","","","structural-pattern","keep","new"
"Services","!KRT/Services/Raid/State.lua","887","932","ensureLootWindowBossContext","local_function","No","local","","","","structural-pattern","keep","new"
"Services","!KRT/Services/Raid/State.lua","933","970","findAndRememberBossContextForLoot","local_function","No","local","","","","structural-pattern","keep","new"
"Services","!KRT/Services/Raid/State.lua","971","1040","findOrCreateLootSourceBossNid","local_function","No","local","","","","structural-pattern","keep","new"
"Services","!KRT/Services/Raid/State.lua","1041","1096","findOrCreateBossNidFromLootSource","local_function","No","local","","","","structural-pattern","keep","new"
"Services","!KRT/Services/Raid/State.lua","1097","1114","findOrCreateTrashBossNid","local_function","No","local","","","","structural-pattern","keep","new"
"Services","!KRT/Services/Raid/State.lua","1115","1118","module:RequestMasterLootCandidateRefresh","method_colon","Yes","module","","","","structural-pattern","keep","new"
"Services","!KRT/Services/Raid/State.lua","1119","1131","module:FindMasterLootCandidateIndex","method_colon","Yes","module","","","","structural-pattern","keep","new"
"Services","!KRT/Services/Raid/State.lua","1132","1136","module:CanResolveMasterLootCandidates","method_colon","Yes","module","","","","structural-pattern","keep","new"
"Services","!KRT/Services/Raid/State.lua","1137","1140","module:EnsureRaidPlayerNid","method_colon","Yes","module","","","","name-collision","rename","new"
"Services","!KRT/Services/Raid/State.lua","1141","1158","module:FindAndRememberBossContextForLootSession","method_colon","Yes","module","","","","structural-pattern","keep","new"
"Services","!KRT/Services/Raid/State.lua","1159","1163","module:SetBossContextForLootSession","method_colon","Yes","module","","","","structural-pattern","keep","new"
"Services","!KRT/Services/Raid/State.lua","1164","1194","module._EnsureLootWindowItemContext","field_closure","Yes","module","","","","structural-pattern","keep","new"
"Services","!KRT/Services/Raid/State.lua","1195","1198","module._ConsumeLootWindowItemContext","field_closure","Yes","module","","","","structural-pattern","keep","new"
"Services","!KRT/Services/Raid/State.lua","1199","1219","module:GetActiveLootSource","method_colon","Yes","module","","","","structural-pattern","keep","new"
"Services","!KRT/Services/Raid/State.lua","1220","1248","module:FindOrCreateBossNidForLoot","method_colon","Yes","module","","","","structural-pattern","keep","new"
"Services","!KRT/Services/Raid/State.lua","1249","1254","module:ClearLootWindowBossContext","method_colon","Yes","module","","","","name-collision","rename","new"
"Services","!KRT/Services/Raid/State.lua","1255","1346","module:Create","method_colon","Yes","module","","","","name-collision","rename","new"
"Services","!KRT/Services/Raid/State.lua","1347","1388","module:End","method_colon","Yes","module","","","","structural-pattern","keep","new"
"Services","!KRT/Services/Raid/State.lua","1389","1425","module:CheckInitialRaidState","method_colon","Yes","module","","","","structural-pattern","keep","new"
"Services","!KRT/Services/Raid/State.lua","1426","1470","module:AddPlayer","method_colon","Yes","module","","","","structural-pattern","keep","new"
"Services","!KRT/Services/Raid/State.lua","1471","1573","module:AddBoss","method_colon","Yes","module","","","","structural-pattern","keep","new"
"Services","!KRT/Services/Raid/State.lua","1574","1588","module:IsPlayerInRaid","method_colon","Yes","module","","","","structural-pattern","keep","new"
"Services","!KRT/Services/Raid/State.lua","1589","1603","module:GetRaidSize","method_colon","Yes","module","","","","name-collision","rename","new"
"Services","!KRT/Services/Raid/State.lua","1604","1621","module:IsRaidExpired","method_colon","Yes","module","","","","structural-pattern","keep","new"
"Services","!KRT/Services/Raid/State.lua","1622","1645","module:GetLoot","method_colon","Yes","module","","","","name-collision","rename","new"
"Services","!KRT/Services/Raid/State.lua","1646","1715","module:COMBAT_LOG_EVENT_UNFILTERED","method_colon","Yes","module","","","","name-collision","rename","new"
"Services","!KRT/Services/Reserves.lua","78","81","isDebugEnabled","local_function","No","local","","","","name-collision","rename","new"
"Services","!KRT/Services/Reserves.lua","82","85","normalizeImportMode","local_function","No","local","","","","structural-pattern","keep","new"
"Services","!KRT/Services/Reserves.lua","86","89","importModeToOptionValue","local_function","No","local","","","","structural-pattern","keep","new"
"Services","!KRT/Services/Reserves.lua","90","101","setImportMode","local_function","No","local","","","","name-collision","rename","new"
"Services","!KRT/Services/Reserves.lua","102","106","getNameAliasMap","local_function","No","local","","","","structural-pattern","keep","new"
"Services","!KRT/Services/Reserves.lua","107","113","getAliasState","local_function","No","local","","","","structural-pattern","keep","new"
"Services","!KRT/Services/Reserves.lua","114","117","invalidateAliasState","local_function","No","local","","","","structural-pattern","keep","new"
"Services","!KRT/Services/Reserves.lua","118","125","resolveReservePlayerKey","local_function","No","local","","","","structural-pattern","keep","new"
"Services","!KRT/Services/Reserves.lua","126","168","getReserveEntryForItem","local_function","No","local","","","","structural-pattern","keep","new"
"Services","!KRT/Services/Reserves.lua","169","189","resolvePlayerNameDisplay","local_function","No","local","","","","structural-pattern","keep","new"
"Services","!KRT/Services/Reserves.lua","190","211","copyReserveEntryForSave","local_function","No","local","","","","structural-pattern","keep","new"
"Services","!KRT/Services/Reserves.lua","212","252","buildRuntimeReservesData","local_function","No","local","","","","structural-pattern","keep","new"
"Services","!KRT/Services/Reserves.lua","253","259","copyReservesData","local_function","No","local","","","","structural-pattern","keep","new"
"Services","!KRT/Services/Reserves.lua","260","265","applyRuntimeReservesData","local_function","No","local","","","","structural-pattern","keep","new"
"Services","!KRT/Services/Reserves.lua","266","292","buildSavedReservesData","local_function","No","local","","","","structural-pattern","keep","new"
"Services","!KRT/Services/Reserves.lua","293","330","markPendingItem","local_function","No","local","","","","structural-pattern","keep","new"
"Services","!KRT/Services/Reserves.lua","331","337","getPendingItemInfo","local_function","No","local","","","","structural-pattern","keep","new"
"Services","!KRT/Services/Reserves.lua","338","341","notifyReservesDataChanged","local_function","No","local","","","","structural-pattern","keep","new"
"Services","!KRT/Services/Reserves.lua","342","356","countReserves","local_function","No","local","","","","name-collision","rename","new"
"Services","!KRT/Services/Reserves.lua","357","384","buildReservesChecksum","local_function","No","local","","","","structural-pattern","keep","new"
"Services","!KRT/Services/Reserves.lua","385","396","getActiveSyncMetadata","local_function","No","local","","","","structural-pattern","keep","new"
"Services","!KRT/Services/Reserves.lua","397","407","rebuildReserveIndexes","local_function","No","local","","","","structural-pattern","keep","new"
"Services","!KRT/Services/Reserves.lua","408","415","clearDisplayRefreshQueue","local_function","No","local","","","","structural-pattern","keep","new"
"Services","!KRT/Services/Reserves.lua","416","427","flushDisplayRefresh","local_function","No","local","","","","structural-pattern","keep","new"
"Services","!KRT/Services/Reserves.lua","428","442","scheduleDisplayRefresh","local_function","No","local","","","","structural-pattern","keep","new"
"Services","!KRT/Services/Reserves.lua","443","463","completePendingItem","local_function","No","local","","","","structural-pattern","keep","new"
"Services","!KRT/Services/Reserves.lua","464","497","visitReserveEntriesByItemId","local_function","No","local","","","","structural-pattern","keep","new"
"Services","!KRT/Services/Reserves.lua","498","508","getDisplayContext","local_function","No","local","","","","name-collision","rename","new"
"Services","!KRT/Services/Reserves.lua","509","511","getPlusForItem","field_closure","Yes","local","","","","structural-pattern","extract","new"
"Services","!KRT/Services/Reserves.lua","512","514","isPlusSystem","field_closure","Yes","local","","","","structural-pattern","extract","new"
"Services","!KRT/Services/Reserves.lua","515","517","isMultiReserve","field_closure","Yes","local","","","","structural-pattern","keep","new"
"Services","!KRT/Services/Reserves.lua","518","520","getRaidService","field_closure","Yes","local","","","","structural-pattern","extract","new"
"Services","!KRT/Services/Reserves.lua","521","524","getCurrentRaid","field_closure","Yes","local","","","","structural-pattern","extract","new"
"Services","!KRT/Services/Reserves.lua","525","527","getAliasMatches","field_closure","Yes","local","","","","structural-pattern","extract","new"
"Services","!KRT/Services/Reserves.lua","528","530","setDirty","field_closure","Yes","local","","","","structural-pattern","keep","new"
"Services","!KRT/Services/Reserves.lua","531","536","isDirty","field_closure","Yes","local","","","","structural-pattern","keep","new"
"Services","!KRT/Services/Reserves.lua","537","544","RebuildIndex","field_closure","Yes","local","","","","structural-pattern","extract","new"
"Services","!KRT/Services/Reserves.lua","545","556","Service:Save","method_colon","Yes","Service","","","","structural-pattern","keep","new"
"Services","!KRT/Services/Reserves.lua","557","574","Service:Load","method_colon","Yes","Service","","","","structural-pattern","keep","new"
"Services","!KRT/Services/Reserves.lua","575","591","Service:ClearSavedReserves","method_colon","Yes","Service","","","","structural-pattern","keep","new"
"Services","!KRT/Services/Reserves.lua","592","595","Service:HasData","method_colon","Yes","Service","","","","structural-pattern","keep","new"
"Services","!KRT/Services/Reserves.lua","596","599","Service:IsLocalDataAvailable","method_colon","Yes","Service","","","","structural-pattern","keep","new"
"Services","!KRT/Services/Reserves.lua","600","609","Service:HasItemReserves","method_colon","Yes","Service","","","","structural-pattern","keep","new"
"Services","!KRT/Services/Reserves.lua","610","628","getReserve","local_function","No","local","","","","structural-pattern","keep","new"
"Services","!KRT/Services/Reserves.lua","629","632","Service:GetNameAliases","method_colon","Yes","Service","","","","structural-pattern","keep","new"
"Services","!KRT/Services/Reserves.lua","633","647","Service:SetNameAlias","method_colon","Yes","Service","","","","structural-pattern","keep","new"
"Services","!KRT/Services/Reserves.lua","648","662","Service:RemoveNameAlias","method_colon","Yes","Service","","","","structural-pattern","keep","new"
"Services","!KRT/Services/Reserves.lua","663","680","Service:GetPlayerReserveEntries","method_colon","Yes","Service","","","","structural-pattern","keep","new"
"Services","!KRT/Services/Reserves.lua","681","721","Service:GetImportMode","method_colon","Yes","Service","","","","structural-pattern","keep","new"
"Services","!KRT/Services/Reserves.lua","722","775","requestReserveItemInfo","local_function","No","local","","","","structural-pattern","keep","new"
"Services","!KRT/Services/Reserves.lua","776","779","Service:SetImportMode","method_colon","Yes","Service","","","","name-collision","rename","new"
"Services","!KRT/Services/Reserves.lua","780","783","Service:IsPlusSystem","method_colon","Yes","Service","","","","name-collision","rename","new"
"Services","!KRT/Services/Reserves.lua","784","787","Service:ParseImport","method_colon","Yes","Service","","","","name-collision","rename","new"
"Services","!KRT/Services/Reserves.lua","788","817","Service:ApplyImport","method_colon","Yes","Service","","","","structural-pattern","keep","new"
"Services","!KRT/Services/Reserves.lua","818","872","Service:QueryItemInfo","method_colon","Yes","Service","","","","name-collision","rename","new"
"Services","!KRT/Services/Reserves.lua","873","912","Service:QueryMissingItems","method_colon","Yes","Service","","","","name-collision","rename","new"
"Services","!KRT/Services/Reserves.lua","913","934","updateReserveItemData","field_closure","Yes","local","","","","structural-pattern","keep","new"
"Services","!KRT/Services/Reserves.lua","935","943","Service:GetReserveCountForItem","method_colon","Yes","Service","","","","name-collision","rename","new"
"Services","!KRT/Services/Reserves.lua","944","957","Service:GetPlusForItem","method_colon","Yes","Service","","","","name-collision","rename","new"
"Services","!KRT/Services/Reserves.lua","958","961","Service:HasCurrentRaidPlayersForItem","method_colon","Yes","Service","","","","name-collision","rename","new"
"Services","!KRT/Services/Reserves.lua","962","965","Service:GetItemReserveContext","method_colon","Yes","Service","","","","name-collision","rename","new"
"Services","!KRT/Services/Reserves.lua","966","969","Service:GetReadinessReport","method_colon","Yes","Service","","","","name-collision","rename","new"
"Services","!KRT/Services/Reserves.lua","970","993","Service:GetPlayersForItem","method_colon","Yes","Service","","","","name-collision","rename","new"
"Services","!KRT/Services/Reserves.lua","994","1005","Service:FormatReservedPlayersLine","method_colon","Yes","Service","","","","structural-pattern","keep","new"
"Services","!KRT/Services/Reserves.lua","1006","1009","Service:GetDisplayList","method_colon","Yes","Service","","","","name-collision","rename","new"
"Services","!KRT/Services/Reserves.lua","1010","1013","Service:GetSyncMetadata","method_colon","Yes","Service","","","","structural-pattern","keep","new"
"Services","!KRT/Services/Reserves.lua","1014","1017","Sync:GetPayload","method_colon","Yes","Sync","","","","name-collision","rename","new"
"Services","!KRT/Services/Reserves.lua","1018","1040","Sync:SetSyncedData","method_colon","Yes","Sync","","","","structural-pattern","keep","new"
"Services","!KRT/Services/Reserves.lua","1041","1051","Service:DeleteSyncedReservesCache","method_colon","Yes","Service","","","","structural-pattern","keep","new"
"Services","!KRT/Services/Reserves.lua","1052","1058","Service:IsSourceCollapsed","method_colon","Yes","Service","","","","structural-pattern","keep","new"
"Services","!KRT/Services/Reserves.lua","1059","1070","Service:ToggleSourceCollapsed","method_colon","Yes","Service","","","","structural-pattern","keep","new"
"Services","!KRT/Services/Reserves.lua","1071","1099","hasPendingItem","field_closure","Yes","local","","","","structural-pattern","keep","new"
"Services","!KRT/Services/Reserves/Aliases.lua","22","32","trimText","local_function","No","local","","","","name-collision","rename","new"
"Services","!KRT/Services/Reserves/Aliases.lua","33","39","normalizeName","local_function","No","local","","","","name-collision","rename","new"
"Services","!KRT/Services/Reserves/Aliases.lua","40","47","normalizeKey","local_function","No","local","","","","structural-pattern","keep","new"
"Services","!KRT/Services/Reserves/Aliases.lua","48","59","buildNameIndex","local_function","No","local","","","","structural-pattern","keep","new"
"Services","!KRT/Services/Reserves/Aliases.lua","60","67","compareAliasMatch","local_function","No","local","","","","structural-pattern","keep","new"
"Services","!KRT/Services/Reserves/Aliases.lua","68","79","Aliases.CopyAliasMap","method_dot","Yes","Aliases","","","","structural-pattern","keep","new"
"Services","!KRT/Services/Reserves/Aliases.lua","80","98","Aliases.BuildAliasState","method_dot","Yes","Aliases","","","","structural-pattern","keep","new"
"Services","!KRT/Services/Reserves/Aliases.lua","99","115","Aliases.ResolveReserveKey","method_dot","Yes","Aliases","","","","structural-pattern","keep","new"
"Services","!KRT/Services/Reserves/Aliases.lua","116","139","Aliases.GetAliasMatches","method_dot","Yes","Aliases","","","","name-collision","rename","new"
"Services","!KRT/Services/Reserves/Aliases.lua","140","152","Aliases.SetAlias","method_dot","Yes","Aliases","","","","structural-pattern","keep","new"
"Services","!KRT/Services/Reserves/Aliases.lua","153","175","Aliases.ClearAlias","method_dot","Yes","Aliases","","","","structural-pattern","keep","new"
"Services","!KRT/Services/Reserves/Chat.lua","42","48","trimText","local_function","No","local","","","","name-collision","rename","new"
"Services","!KRT/Services/Reserves/Chat.lua","49","53","isRequest","local_function","No","local","","","","structural-pattern","keep","new"
"Services","!KRT/Services/Reserves/Chat.lua","54","67","canReplyFromCurrentClient","local_function","No","local","","","","structural-pattern","keep","new"
"Services","!KRT/Services/Reserves/Chat.lua","68","77","buildFallbackItemText","local_function","No","local","","","","structural-pattern","keep","new"
"Services","!KRT/Services/Reserves/Chat.lua","78","100","buildItemText","local_function","No","local","","","","structural-pattern","keep","new"
"Services","!KRT/Services/Reserves/Chat.lua","101","107","sendWhisper","local_function","No","local","","","","name-collision","rename","new"
"Services","!KRT/Services/Reserves/Chat.lua","108","120","sendReserveMessages","local_function","No","local","","","","structural-pattern","keep","new"
"Services","!KRT/Services/Reserves/Chat.lua","121","132","registerWhisperHandler","local_function","No","local","","","","structural-pattern","keep","new"
"Services","!KRT/Services/Reserves/Chat.lua","133","166","requestWhisperReply","field_closure","Yes","local","","","","structural-pattern","extract","new"
"Services","!KRT/Services/Reserves/Chat.lua","167","186","Chat:RequestWhisperReply","method_colon","Yes","Chat","","","","name-collision","rename","new"
"Services","!KRT/Services/Reserves/Display.lua","29","44","normalizeClassToken","local_function","No","local","","","","structural-pattern","keep","new"
"Services","!KRT/Services/Reserves/Display.lua","45","53","getClassColorStr","local_function","No","local","","","","structural-pattern","keep","new"
"Services","!KRT/Services/Reserves/Display.lua","54","80","colorizeReserveName","local_function","No","local","","","","structural-pattern","keep","new"
"Services","!KRT/Services/Reserves/Display.lua","81","128","addReservePlayer","local_function","No","local","","","","structural-pattern","keep","new"
"Services","!KRT/Services/Reserves/Display.lua","129","157","getMetaForPlayer","local_function","No","local","","","","structural-pattern","keep","new"
"Services","!KRT/Services/Reserves/Display.lua","158","181","formatReservePlayerName","local_function","No","local","","","","structural-pattern","keep","new"
"Services","!KRT/Services/Reserves/Display.lua","182","209","sortPlayersForDisplay","local_function","No","local","","","","structural-pattern","keep","new"
"Services","!KRT/Services/Reserves/Display.lua","210","223","buildPlayerTokens","local_function","No","local","","","","structural-pattern","keep","new"
"Services","!KRT/Services/Reserves/Display.lua","224","228","formatReservePlayerNameBase","local_function","No","local","","","","structural-pattern","keep","new"
"Services","!KRT/Services/Reserves/Display.lua","229","291","buildPlayersTooltipLines","local_function","No","local","","","","structural-pattern","keep","new"
"Services","!KRT/Services/Reserves/Display.lua","292","314","buildPlayersText","local_function","No","local","","","","structural-pattern","keep","new"
"Services","!KRT/Services/Reserves/Display.lua","315","321","getReserveSource","local_function","No","local","","","","structural-pattern","keep","new"
"Services","!KRT/Services/Reserves/Display.lua","322","332","normalizeAliasKey","local_function","No","local","","","","structural-pattern","keep","new"
"Services","!KRT/Services/Reserves/Display.lua","333","341","getAliasRaidNameForReserve","local_function","No","local","","","","structural-pattern","keep","new"
"Services","!KRT/Services/Reserves/Display.lua","342","357","getPlayerIdWithAlias","local_function","No","local","","","","structural-pattern","keep","new"
"Services","!KRT/Services/Reserves/Display.lua","358","385","filterPlayersByCurrentRaid","local_function","No","local","","","","structural-pattern","keep","new"
"Services","!KRT/Services/Reserves/Display.lua","386","413","hasCurrentRaidPlayer","local_function","No","local","","","","structural-pattern","keep","new"
"Services","!KRT/Services/Reserves/Display.lua","414","421","copyPlayers","local_function","No","local","","","","structural-pattern","keep","new"
"Services","!KRT/Services/Reserves/Display.lua","422","428","sortPlayerNames","local_function","No","local","","","","structural-pattern","keep","new"
"Services","!KRT/Services/Reserves/Display.lua","429","437","buildTextForPlayers","local_function","No","local","","","","structural-pattern","keep","new"
"Services","!KRT/Services/Reserves/Display.lua","438","459","splitPresentAndMissingPlayers","local_function","No","local","","","","structural-pattern","keep","new"
"Services","!KRT/Services/Reserves/Display.lua","460","497","levenshteinDistance","local_function","No","local","","","","structural-pattern","keep","new"
"Services","!KRT/Services/Reserves/Display.lua","498","509","nameSimilarity","local_function","No","local","","","","structural-pattern","keep","new"
"Services","!KRT/Services/Reserves/Display.lua","510","519","classifyNameMatch","local_function","No","local","","","","structural-pattern","keep","new"
"Services","!KRT/Services/Reserves/Display.lua","520","529","buildNameMatch","local_function","No","local","","","","structural-pattern","keep","new"
"Services","!KRT/Services/Reserves/Display.lua","530","542","compareNameMatch","local_function","No","local","","","","structural-pattern","keep","new"
"Services","!KRT/Services/Reserves/Display.lua","543","553","formatAliasMatches","local_function","No","local","","","","structural-pattern","keep","new"
"Services","!KRT/Services/Reserves/Display.lua","554","565","filterAliasMatchedNames","local_function","No","local","","","","structural-pattern","keep","new"
"Services","!KRT/Services/Reserves/Display.lua","566","578","getReservePlayerNames","local_function","No","local","","","","structural-pattern","keep","new"
"Services","!KRT/Services/Reserves/Display.lua","579","597","getRaidPlayerNames","local_function","No","local","","","","structural-pattern","keep","new"
"Services","!KRT/Services/Reserves/Display.lua","598","636","splitExactNameMatches","local_function","No","local","","","","structural-pattern","keep","new"
"Services","!KRT/Services/Reserves/Display.lua","637","663","findBestNameCandidate","local_function","No","local","","","","structural-pattern","keep","new"
"Services","!KRT/Services/Reserves/Display.lua","664","682","buildReadinessSummaryToken","local_function","No","local","","","","structural-pattern","keep","new"
"Services","!KRT/Services/Reserves/Display.lua","683","700","buildReadinessHealth","local_function","No","local","","","","structural-pattern","keep","new"
"Services","!KRT/Services/Reserves/Display.lua","701","743","addIssue","local_function","No","local","","","","structural-pattern","keep","new"
"Services","!KRT/Services/Reserves/Display.lua","744","841","Display.RebuildIndex","method_dot","Yes","Display","","","","name-collision","rename","new"
"Services","!KRT/Services/Reserves/Display.lua","842","859","Display.HasCurrentRaidPlayersForItem","method_dot","Yes","Display","","","","name-collision","rename","new"
"Services","!KRT/Services/Reserves/Display.lua","860","892","Display.GetPlayersForItem","method_dot","Yes","Display","","","","name-collision","rename","new"
"Services","!KRT/Services/Reserves/Display.lua","893","941","Display.GetItemReserveContext","method_dot","Yes","Display","","","","name-collision","rename","new"
"Services","!KRT/Services/Reserves/Display.lua","942","969","Display.GetRosterReserveMatchReport","method_dot","Yes","Display","","","","structural-pattern","keep","new"
"Services","!KRT/Services/Reserves/Display.lua","970","1047","Display.GetNameMatchReport","method_dot","Yes","Display","","","","structural-pattern","keep","new"
"Services","!KRT/Services/Reserves/Display.lua","1048","1068","Display.GetReadinessReport","method_dot","Yes","Display","","","","name-collision","rename","new"
"Services","!KRT/Services/Reserves/Display.lua","1069","1096","Display.GetDisplayList","method_dot","Yes","Display","","","","name-collision","rename","new"
"Services","!KRT/Services/Reserves/Import.lua","29","32","isDebugEnabled","local_function","No","local","","","","name-collision","rename","new"
"Services","!KRT/Services/Reserves/Import.lua","33","46","trimText","local_function","No","local","","","","name-collision","rename","new"
"Services","!KRT/Services/Reserves/Import.lua","47","54","normalizeLower","local_function","No","local","","","","name-collision","rename","new"
"Services","!KRT/Services/Reserves/Import.lua","55","61","cleanCSVField","local_function","No","local","","","","structural-pattern","keep","new"
"Services","!KRT/Services/Reserves/Import.lua","62","87","splitCSVLine","local_function","No","local","","","","structural-pattern","keep","new"
"Services","!KRT/Services/Reserves/Import.lua","88","101","buildHeaderMap","local_function","No","local","","","","structural-pattern","keep","new"
"Services","!KRT/Services/Reserves/Import.lua","102","108","getField","local_function","No","local","","","","structural-pattern","keep","new"
"Services","!KRT/Services/Reserves/Import.lua","109","115","normalizeOptionalCSVField","local_function","No","local","","","","structural-pattern","keep","new"
"Services","!KRT/Services/Reserves/Import.lua","116","142","buildParsedCSVRow","local_function","No","local","","","","structural-pattern","keep","new"
"Services","!KRT/Services/Reserves/Import.lua","143","154","appendParsedCSVRow","local_function","No","local","","","","structural-pattern","keep","new"
"Services","!KRT/Services/Reserves/Import.lua","155","198","parseCSVRows","local_function","No","local","","","","structural-pattern","keep","new"
"Services","!KRT/Services/Reserves/Import.lua","199","203","getBase64","local_function","No","local","","","","name-collision","rename","new"
"Services","!KRT/Services/Reserves/Import.lua","204","208","getJson","local_function","No","local","","","","structural-pattern","keep","new"
"Services","!KRT/Services/Reserves/Import.lua","209","212","looksLikeCSV","local_function","No","local","","","","structural-pattern","keep","new"
"Services","!KRT/Services/Reserves/Import.lua","213","220","looksLikeZlibPayload","local_function","No","local","","","","structural-pattern","keep","new"
"Services","!KRT/Services/Reserves/Import.lua","221","232","decodeBase64Text","local_function","No","local","","","","structural-pattern","keep","new"
"Services","!KRT/Services/Reserves/Import.lua","233","248","maybeDecompressZlib","local_function","No","local","","","","structural-pattern","keep","new"
"Services","!KRT/Services/Reserves/Import.lua","249","260","parseJsonText","local_function","No","local","","","","structural-pattern","keep","new"
"Services","!KRT/Services/Reserves/Import.lua","261","267","getSoftResArray","local_function","No","local","","","","structural-pattern","keep","new"
"Services","!KRT/Services/Reserves/Import.lua","268","274","getJsonPlayerName","local_function","No","local","","","","structural-pattern","keep","new"
"Services","!KRT/Services/Reserves/Import.lua","275","288","getJsonItems","local_function","No","local","","","","structural-pattern","keep","new"
"Services","!KRT/Services/Reserves/Import.lua","289","295","getJsonItemId","local_function","No","local","","","","structural-pattern","keep","new"
"Services","!KRT/Services/Reserves/Import.lua","296","308","getJsonPlus","local_function","No","local","","","","structural-pattern","keep","new"
"Services","!KRT/Services/Reserves/Import.lua","309","352","appendSoftResJsonRows","local_function","No","local","","","","structural-pattern","keep","new"
"Services","!KRT/Services/Reserves/Import.lua","353","370","parseDecodedJsonPayload","local_function","No","local","","","","structural-pattern","keep","new"
"Services","!KRT/Services/Reserves/Import.lua","371","399","parseEncodedRows","local_function","No","local","","","","structural-pattern","keep","new"
"Services","!KRT/Services/Reserves/Import.lua","400","432","validatePlusRows","local_function","No","local","","","","structural-pattern","keep","new"
"Services","!KRT/Services/Reserves/Import.lua","433","484","aggregateRows","local_function","No","local","","","","structural-pattern","keep","new"
"Services","!KRT/Services/Reserves/Import.lua","485","488","Import.BuildParser","method_dot","Yes","Import","","","","structural-pattern","keep","new"
"Services","!KRT/Services/Reserves/Import.lua","489","491","Validate","field_closure","Yes","local","","","","structural-pattern","keep","new"
"Services","!KRT/Services/Reserves/Import.lua","492","498","Aggregate","field_closure","Yes","local","","","","structural-pattern","extract","new"
"Services","!KRT/Services/Reserves/Import.lua","499","504","Aggregate","field_closure","Yes","local","","","","structural-pattern","extract","new"
"Services","!KRT/Services/Reserves/Import.lua","505","509","getImportStrategy","local_function","No","local","","","","structural-pattern","keep","new"
"Services","!KRT/Services/Reserves/Import.lua","510","624","parseImport","local_function","No","local","","","","name-collision","rename","new"
"Services","!KRT/Services/Reserves/Sync.lua","43","47","getPayload","local_function","No","local","","","","name-collision","rename","new"
"Services","!KRT/Services/Reserves/Sync.lua","48","53","normalizeSender","local_function","No","local","","","","name-collision","rename","new"
"Services","!KRT/Services/Reserves/Sync.lua","54","57","getReservesService","local_function","No","local","","","","structural-pattern","keep","new"
"Services","!KRT/Services/Reserves/Sync.lua","58","63","ensurePrefix","local_function","No","local","","","","name-collision","rename","new"
"Services","!KRT/Services/Reserves/Sync.lua","64","78","canProvideReserves","local_function","No","local","","","","structural-pattern","keep","new"
"Services","!KRT/Services/Reserves/Sync.lua","79","83","nextRequestId","local_function","No","local","","","","name-collision","rename","new"
"Services","!KRT/Services/Reserves/Sync.lua","84","87","sendWhisper","local_function","No","local","","","","name-collision","rename","new"
"Services","!KRT/Services/Reserves/Sync.lua","88","92","sendError","local_function","No","local","","","","structural-pattern","keep","new"
"Services","!KRT/Services/Reserves/Sync.lua","93","107","shouldRequestRemoteData","local_function","No","local","","","","structural-pattern","keep","new"
"Services","!KRT/Services/Reserves/Sync.lua","108","117","requestDataFrom","local_function","No","local","","","","structural-pattern","keep","new"
"Services","!KRT/Services/Reserves/Sync.lua","118","126","sortedPlayerKeys","local_function","No","local","","","","structural-pattern","keep","new"
"Services","!KRT/Services/Reserves/Sync.lua","127","159","buildPayload","local_function","No","local","","","","structural-pattern","keep","new"
"Services","!KRT/Services/Reserves/Sync.lua","160","198","parsePayload","local_function","No","local","","","","structural-pattern","keep","new"
"Services","!KRT/Services/Reserves/Sync.lua","199","204","getLocalPayload","local_function","No","local","","","","structural-pattern","keep","new"
"Services","!KRT/Services/Reserves/Sync.lua","205","229","sendMetadata","local_function","No","local","","","","structural-pattern","keep","new"
"Services","!KRT/Services/Reserves/Sync.lua","230","255","sendData","local_function","No","local","","","","structural-pattern","keep","new"
"Services","!KRT/Services/Reserves/Sync.lua","256","288","applyIncoming","local_function","No","local","","","","structural-pattern","keep","new"
"Services","!KRT/Services/Reserves/Sync.lua","289","301","Sync:RequestMetadata","method_colon","Yes","Sync","","","","structural-pattern","keep","new"
"Services","!KRT/Services/Reserves/Sync.lua","302","380","Sync:HandleMessage","method_colon","Yes","Sync","","","","name-collision","rename","new"
"Services","!KRT/Services/Rolls/Countdown.lua","26","42","shouldAnnounceTick","local_function","No","local","","","","structural-pattern","keep","new"
"Services","!KRT/Services/Rolls/Countdown.lua","43","55","Countdown.Stop","method_dot","Yes","Countdown","","","","structural-pattern","keep","new"
"Services","!KRT/Services/Rolls/Countdown.lua","56","105","Countdown.Start","method_dot","Yes","Countdown","","","","structural-pattern","keep","new"
"Services","!KRT/Services/Rolls/Countdown.lua","106","121","Countdown.IsRunning","method_dot","Yes","Countdown","","","","structural-pattern","keep","new"
"Services","!KRT/Services/Rolls/Display.lua","26","33","assertContext","local_function","No","local","","","","name-collision","rename","new"
"Services","!KRT/Services/Rolls/Display.lua","34","55","getResolutionContext","local_function","No","local","","","","structural-pattern","keep","new"
"Services","!KRT/Services/Rolls/Display.lua","56","63","copyNames","local_function","No","local","","","","structural-pattern","keep","new"
"Services","!KRT/Services/Rolls/Display.lua","64","67","buildResolvedEntries","local_function","No","local","","","","name-collision","rename","new"
"Services","!KRT/Services/Rolls/Display.lua","68","71","getResponsePlus","local_function","No","local","","","","name-collision","rename","new"
"Services","!KRT/Services/Rolls/Display.lua","72","97","buildSrContext","local_function","No","local","","","","structural-pattern","keep","new"
"Services","!KRT/Services/Rolls/Display.lua","98","230","Display.BuildModel","method_dot","Yes","Display","","","","structural-pattern","keep","new"
"Services","!KRT/Services/Rolls/Display.lua","231","239","Display.GetResolvedWinner","method_dot","Yes","Display","","","","name-collision","rename","new"
"Services","!KRT/Services/Rolls/Display.lua","240","260","Display.ShouldUseTieReroll","method_dot","Yes","Display","","","","name-collision","rename","new"
"Services","!KRT/Services/Rolls/History.lua","26","29","isDebugEnabled","local_function","No","local","","","","name-collision","rename","new"
"Services","!KRT/Services/Rolls/History.lua","30","37","assertContext","local_function","No","local","","","","name-collision","rename","new"
"Services","!KRT/Services/Rolls/History.lua","38","49","History.GetAllowedRolls","method_dot","Yes","History","","","","name-collision","rename","new"
"Services","!KRT/Services/Rolls/History.lua","50","58","History.GetLocalPlayerRollCount","method_dot","Yes","History","","","","name-collision","rename","new"
"Services","!KRT/Services/Rolls/History.lua","59","68","History.IncrementLocalPlayerRollCount","method_dot","Yes","History","","","","name-collision","rename","new"
"Services","!KRT/Services/Rolls/History.lua","69","84","History.UpdateLocalRollState","method_dot","Yes","History","","","","name-collision","rename","new"
"Services","!KRT/Services/Rolls/History.lua","85","101","History.AcquireItemTracker","method_dot","Yes","History","","","","name-collision","rename","new"
"Services","!KRT/Services/Rolls/History.lua","102","122","History.ClearRollEntries","method_dot","Yes","History","","","","name-collision","rename","new"
"Services","!KRT/Services/Rolls/History.lua","123","147","History.AddRoll","method_dot","Yes","History","","","","name-collision","rename","new"
"Services","!KRT/Services/Rolls/History.lua","148","152","History.GetRolls","method_dot","Yes","History","","","","name-collision","rename","new"
"Services","!KRT/Services/Rolls/History.lua","153","172","History.DidRoll","method_dot","Yes","History","","","","structural-pattern","keep","new"
"Services","!KRT/Services/Rolls/History.lua","173","222","History.GetHighestRoll","method_dot","Yes","History","","","","name-collision","rename","new"
"Services","!KRT/Services/Rolls/Resolution.lua","25","28","isDebugEnabled","local_function","No","local","","","","name-collision","rename","new"
"Services","!KRT/Services/Rolls/Resolution.lua","29","36","assertContext","local_function","No","local","","","","name-collision","rename","new"
"Services","!KRT/Services/Rolls/Resolution.lua","37","41","getResponsePlus","local_function","No","local","","","","name-collision","rename","new"
"Services","!KRT/Services/Rolls/Resolution.lua","42","56","normalizeStrategy","field_closure","Yes","local","","","","structural-pattern","keep","new"
"Services","!KRT/Services/Rolls/Resolution.lua","57","64","Resolution.GetBucketPriority","method_dot","Yes","Resolution","","","","name-collision","rename","new"
"Services","!KRT/Services/Rolls/Resolution.lua","65","88","Resolution.GetDisplayTier","method_dot","Yes","Resolution","","","","structural-pattern","keep","new"
"Services","!KRT/Services/Rolls/Resolution.lua","89","120","Resolution.BuildResolvedEntries","method_dot","Yes","Resolution","","","","name-collision","rename","new"
"Services","!KRT/Services/Rolls/Resolution.lua","121","145","Resolution.BuildTieGroups","method_dot","Yes","Resolution","","","","structural-pattern","keep","new"
"Services","!KRT/Services/Rolls/Resolution.lua","146","211","Resolution.BuildResolution","method_dot","Yes","Resolution","","","","structural-pattern","keep","new"
"Services","!KRT/Services/Rolls/Resolution.lua","212","241","Resolution.BuildRowCounterText","method_dot","Yes","Resolution","","","","structural-pattern","keep","new"
"Services","!KRT/Services/Rolls/Resolution.lua","242","287","Resolution.BuildRowInfoText","method_dot","Yes","Resolution","","","","structural-pattern","keep","new"
"Services","!KRT/Services/Rolls/Responses.lua","102","105","isDebugEnabled","local_function","No","local","","","","name-collision","rename","new"
"Services","!KRT/Services/Rolls/Responses.lua","106","111","assertContext","local_function","No","local","","","","name-collision","rename","new"
"Services","!KRT/Services/Rolls/Responses.lua","112","115","isRollSubmissionOpen","local_function","No","local","","","","structural-pattern","keep","new"
"Services","!KRT/Services/Rolls/Responses.lua","116","131","canTransitionResponseState","local_function","No","local","","","","structural-pattern","keep","new"
"Services","!KRT/Services/Rolls/Responses.lua","132","161","getOrCreateResponse","local_function","No","local","","","","structural-pattern","keep","new"
"Services","!KRT/Services/Rolls/Responses.lua","162","185","buildEligibilityResult","local_function","No","local","","","","structural-pattern","keep","new"
"Services","!KRT/Services/Rolls/Responses.lua","186","192","getEligibilityBaseReason","local_function","No","local","","","","structural-pattern","keep","new"
"Services","!KRT/Services/Rolls/Responses.lua","193","197","isAwardRollType","local_function","No","local","","","","structural-pattern","keep","new"
"Services","!KRT/Services/Rolls/Responses.lua","198","212","traceEligibility","local_function","No","local","","","","structural-pattern","keep","new"
"Services","!KRT/Services/Rolls/Responses.lua","213","231","getDenialMessage","local_function","No","local","","","","structural-pattern","keep","new"
"Services","!KRT/Services/Rolls/Responses.lua","232","256","getAwardValidationMessage","local_function","No","local","","","","structural-pattern","keep","new"
"Services","!KRT/Services/Rolls/Responses.lua","257","266","buildWinnerValidationResult","local_function","No","local","","","","structural-pattern","keep","new"
"Services","!KRT/Services/Rolls/Responses.lua","267","291","getAwardValidationResponseReason","local_function","No","local","","","","structural-pattern","keep","new"
"Services","!KRT/Services/Rolls/Responses.lua","292","313","seedReservedCandidates","local_function","No","local","","","","structural-pattern","keep","new"
"Services","!KRT/Services/Rolls/Responses.lua","314","329","seedTieRerollCandidates","local_function","No","local","","","","structural-pattern","keep","new"
"Services","!KRT/Services/Rolls/Responses.lua","330","362","applyAcceptedRollResponse","local_function","No","local","","","","structural-pattern","keep","new"
"Services","!KRT/Services/Rolls/Responses.lua","363","386","applyExplicitResponse","local_function","No","local","","","","structural-pattern","keep","new"
"Services","!KRT/Services/Rolls/Responses.lua","387","405","recordOutOfFlowAttempt","local_function","No","local","","","","structural-pattern","keep","new"
"Services","!KRT/Services/Rolls/Responses.lua","406","421","Responses.ClearResponseState","method_dot","Yes","Responses","","","","name-collision","rename","new"
"Services","!KRT/Services/Rolls/Responses.lua","422","425","Responses.IsExplicitResponseStatus","method_dot","Yes","Responses","","","","structural-pattern","keep","new"
"Services","!KRT/Services/Rolls/Responses.lua","426","429","Responses.IsSelectableRollResponse","method_dot","Yes","Responses","","","","structural-pattern","keep","new"
"Services","!KRT/Services/Rolls/Responses.lua","430","445","Responses.EnsureResponseSession","method_dot","Yes","Responses","","","","name-collision","rename","new"
"Services","!KRT/Services/Rolls/Responses.lua","446","556","Responses.BuildCandidateEligibility","method_dot","Yes","Responses","","","","name-collision","rename","new"
"Services","!KRT/Services/Rolls/Responses.lua","557","601","Responses.SyncResponseEligibility","method_dot","Yes","Responses","","","","structural-pattern","keep","new"
"Services","!KRT/Services/Rolls/Responses.lua","602","613","Responses.PrepareResponseState","method_dot","Yes","Responses","","","","name-collision","rename","new"
"Services","!KRT/Services/Rolls/Responses.lua","614","621","Responses.RefreshMaterializedResponses","method_dot","Yes","Responses","","","","name-collision","rename","new"
"Services","!KRT/Services/Rolls/Responses.lua","622","637","Responses.FinalizeMaterializedResponses","method_dot","Yes","Responses","","","","name-collision","rename","new"
"Services","!KRT/Services/Rolls/Responses.lua","638","677","Responses.SubmitExplicitResponse","method_dot","Yes","Responses","","","","name-collision","rename","new"
"Services","!KRT/Services/Rolls/Responses.lua","678","736","Responses.SubmitIncomingRoll","method_dot","Yes","Responses","","","","name-collision","rename","new"
"Services","!KRT/Services/Rolls/Responses.lua","737","786","Responses.ValidateWinner","method_dot","Yes","Responses","","","","name-collision","rename","new"
"Services","!KRT/Services/Rolls/Service.lua","42","49","getReserveCountForItem","local_function","No","local","","","","name-collision","rename","new"
"Services","!KRT/Services/Rolls/Service.lua","50","57","getPlusForItem","local_function","No","local","","","","name-collision","rename","new"
"Services","!KRT/Services/Rolls/Service.lua","58","65","getItemReserveContext","local_function","No","local","","","","name-collision","rename","new"
"Services","!KRT/Services/Rolls/Service.lua","66","73","isPlusSystemEnabled","local_function","No","local","","","","name-collision","rename","new"
"Services","!KRT/Services/Rolls/Service.lua","74","77","getRaidService","local_function","No","local","","","","name-collision","rename","new"
"Services","!KRT/Services/Rolls/Service.lua","78","132","GetItem","field_closure","Yes","local","","","","structural-pattern","extract","new"
"Services","!KRT/Services/Rolls/Service.lua","133","142","isDebugEnabled","local_function","No","local","","","","name-collision","rename","new"
"Services","!KRT/Services/Rolls/Service.lua","143","152","getSessionsContext","local_function","No","local","","","","structural-pattern","keep","new"
"Services","!KRT/Services/Rolls/Service.lua","153","159","getCurrentRollItemID","field_closure","Yes","local","","","","structural-pattern","extract","new"
"Services","!KRT/Services/Rolls/Service.lua","160","163","getRollSession","local_function","No","local","","","","name-collision","rename","new"
"Services","!KRT/Services/Rolls/Service.lua","164","167","clearTieRerollFilter","local_function","No","local","","","","name-collision","rename","new"
"Services","!KRT/Services/Rolls/Service.lua","168","171","setTieRerollFilter","local_function","No","local","","","","name-collision","rename","new"
"Services","!KRT/Services/Rolls/Service.lua","172","175","isTieRerollRestricted","local_function","No","local","","","","name-collision","rename","new"
"Services","!KRT/Services/Rolls/Service.lua","176","179","getManualExclusionEntry","local_function","No","local","","","","name-collision","rename","new"
"Services","!KRT/Services/Rolls/Service.lua","180","190","getManualExclusionKey","local_function","No","local","","","","structural-pattern","keep","new"
"Services","!KRT/Services/Rolls/Service.lua","191","194","getActiveRollType","local_function","No","local","","","","name-collision","rename","new"
"Services","!KRT/Services/Rolls/Service.lua","195","198","getCurrentItemLink","local_function","No","local","","","","name-collision","rename","new"
"Services","!KRT/Services/Rolls/Service.lua","199","202","syncSessionStateFromRollSession","local_function","No","local","","","","structural-pattern","keep","new"
"Services","!KRT/Services/Rolls/Service.lua","203","206","normalizeExpectedWinners","local_function","No","local","","","","name-collision","rename","new"
"Services","!KRT/Services/Rolls/Service.lua","207","210","ensureAdHocRollSession","local_function","No","local","","","","name-collision","rename","new"
"Services","!KRT/Services/Rolls/Service.lua","211","214","ensureRollSession","local_function","No","local","","","","name-collision","rename","new"
"Services","!KRT/Services/Rolls/Service.lua","215","218","updateSessionRollWindow","local_function","No","local","","","","name-collision","rename","new"
"Services","!KRT/Services/Rolls/Service.lua","219","222","closeRollSession","local_function","No","local","","","","name-collision","rename","new"
"Services","!KRT/Services/Rolls/Service.lua","223","226","getExpectedWinnerCount","local_function","No","local","","","","name-collision","rename","new"
"Services","!KRT/Services/Rolls/Service.lua","227","234","getCurrentRollContext","local_function","No","local","","","","name-collision","rename","new"
"Services","!KRT/Services/Rolls/Service.lua","235","262","getCurrentRollItemID","field_closure","Yes","local","","","","structural-pattern","extract","new"
"Services","!KRT/Services/Rolls/Service.lua","263","274","getHistoryContext","local_function","No","local","","","","structural-pattern","keep","new"
"Services","!KRT/Services/Rolls/Service.lua","275","277","getCurrentWinner","field_closure","Yes","local","","","","structural-pattern","keep","new"
"Services","!KRT/Services/Rolls/Service.lua","278","280","getCurrentRollItemID","field_closure","Yes","local","","","","structural-pattern","extract","new"
"Services","!KRT/Services/Rolls/Service.lua","281","284","getResponseBestRoll","field_closure","Yes","local","","","","structural-pattern","keep","new"
"Services","!KRT/Services/Rolls/Service.lua","285","291","isSortAscending","field_closure","Yes","local","","","","structural-pattern","extract","new"
"Services","!KRT/Services/Rolls/Service.lua","292","295","getAllowedRolls","local_function","No","local","","","","name-collision","rename","new"
"Services","!KRT/Services/Rolls/Service.lua","296","299","getLocalPlayerRollCount","local_function","No","local","","","","name-collision","rename","new"
"Services","!KRT/Services/Rolls/Service.lua","300","303","incrementLocalPlayerRollCount","local_function","No","local","","","","name-collision","rename","new"
"Services","!KRT/Services/Rolls/Service.lua","304","307","updateLocalRollState","local_function","No","local","","","","name-collision","rename","new"
"Services","!KRT/Services/Rolls/Service.lua","308","311","acquireItemTracker","local_function","No","local","","","","name-collision","rename","new"
"Services","!KRT/Services/Rolls/Service.lua","312","326","getRollTypeBucket","local_function","No","local","","","","structural-pattern","keep","new"
"Services","!KRT/Services/Rolls/Service.lua","327","337","getResponsesContext","local_function","No","local","","","","structural-pattern","keep","new"
"Services","!KRT/Services/Rolls/Service.lua","338","347","getCurrentRollItemID","field_closure","Yes","local","","","","structural-pattern","extract","new"
"Services","!KRT/Services/Rolls/Service.lua","348","350","getLootCount","field_closure","Yes","local","","","","structural-pattern","keep","new"
"Services","!KRT/Services/Rolls/Service.lua","351","357","addRoll","field_closure","Yes","local","","","","structural-pattern","extract","new"
"Services","!KRT/Services/Rolls/Service.lua","358","361","clearResponseState","local_function","No","local","","","","name-collision","rename","new"
"Services","!KRT/Services/Rolls/Service.lua","362","365","ensureResponseSession","local_function","No","local","","","","name-collision","rename","new"
"Services","!KRT/Services/Rolls/Service.lua","366","369","buildCandidateEligibility","local_function","No","local","","","","name-collision","rename","new"
"Services","!KRT/Services/Rolls/Service.lua","370","373","prepareResponseState","local_function","No","local","","","","name-collision","rename","new"
"Services","!KRT/Services/Rolls/Service.lua","374","377","refreshMaterializedResponses","local_function","No","local","","","","name-collision","rename","new"
"Services","!KRT/Services/Rolls/Service.lua","378","381","finalizeMaterializedResponses","local_function","No","local","","","","name-collision","rename","new"
"Services","!KRT/Services/Rolls/Service.lua","382","385","submitExplicitResponse","local_function","No","local","","","","name-collision","rename","new"
"Services","!KRT/Services/Rolls/Service.lua","386","394","submitIncomingRoll","local_function","No","local","","","","name-collision","rename","new"
"Services","!KRT/Services/Rolls/Service.lua","395","411","getDisplayContext","local_function","No","local","","","","name-collision","rename","new"
"Services","!KRT/Services/Rolls/Service.lua","412","414","isSortAscending","field_closure","Yes","local","","","","structural-pattern","extract","new"
"Services","!KRT/Services/Rolls/Service.lua","415","419","shouldShowLootCounterDuringMSRoll","field_closure","Yes","local","","","","structural-pattern","keep","new"
"Services","!KRT/Services/Rolls/Service.lua","420","422","getCurrentRaid","field_closure","Yes","local","","","","structural-pattern","extract","new"
"Services","!KRT/Services/Rolls/Service.lua","423","432","getSourceRollType","field_closure","Yes","local","","","","structural-pattern","extract","new"
"Services","!KRT/Services/Rolls/Service.lua","433","436","clearRollEntries","local_function","No","local","","","","name-collision","rename","new"
"Services","!KRT/Services/Rolls/Service.lua","437","454","resetRolls","local_function","No","local","","","","structural-pattern","keep","new"
"Services","!KRT/Services/Rolls/Service.lua","455","480","module:Roll","method_colon","Yes","module","","","","name-collision","rename","new"
"Services","!KRT/Services/Rolls/Service.lua","481","487","module:GetRollStatus","method_colon","Yes","module","","","","structural-pattern","keep","new"
"Services","!KRT/Services/Rolls/Service.lua","488","518","module:SetRollRecordingEnabled","method_colon","Yes","module","","","","structural-pattern","keep","new"
"Services","!KRT/Services/Rolls/Service.lua","519","529","module:CHAT_MSG_SYSTEM","method_colon","Yes","module","","","","name-collision","rename","new"
"Services","!KRT/Services/Rolls/Service.lua","530","543","module:SubmitDebugRoll","method_colon","Yes","module","","","","structural-pattern","keep","new"
"Services","!KRT/Services/Rolls/Service.lua","544","548","module:GetCandidateEligibility","method_colon","Yes","module","","","","structural-pattern","keep","new"
"Services","!KRT/Services/Rolls/Service.lua","549","566","module:SetManualExclusion","method_colon","Yes","module","","","","structural-pattern","keep","new"
"Services","!KRT/Services/Rolls/Service.lua","567","577","module:SetPlayerResponse","method_colon","Yes","module","","","","structural-pattern","keep","new"
"Services","!KRT/Services/Rolls/Service.lua","578","581","module:GetRolls","method_colon","Yes","module","","","","name-collision","rename","new"
"Services","!KRT/Services/Rolls/Service.lua","582","585","module:GetHighestRoll","method_colon","Yes","module","","","","name-collision","rename","new"
"Services","!KRT/Services/Rolls/Service.lua","586","593","module:ClearRolls","method_colon","Yes","module","","","","structural-pattern","keep","new"
"Services","!KRT/Services/Rolls/Service.lua","594","652","module:BeginTieReroll","method_colon","Yes","module","","","","structural-pattern","keep","new"
"Services","!KRT/Services/Rolls/Service.lua","653","658","module:ValidateWinner","method_colon","Yes","module","","","","name-collision","rename","new"
"Services","!KRT/Services/Rolls/Service.lua","659","662","module:GetDisplayModel","method_colon","Yes","module","","","","name-collision","rename","new"
"Services","!KRT/Services/Rolls/Service.lua","663","666","module:GetRollSession","method_colon","Yes","module","","","","name-collision","rename","new"
"Services","!KRT/Services/Rolls/Service.lua","667","675","module:SetExpectedWinners","method_colon","Yes","module","","","","structural-pattern","keep","new"
"Services","!KRT/Services/Rolls/Service.lua","676","679","module:EnsureRollSession","method_colon","Yes","module","","","","name-collision","rename","new"
"Services","!KRT/Services/Rolls/Service.lua","680","683","module:SyncSessionState","method_colon","Yes","module","","","","name-collision","rename","new"
"Services","!KRT/Services/Rolls/Service.lua","684","687","module:GetResolvedWinner","method_colon","Yes","module","","","","name-collision","rename","new"
"Services","!KRT/Services/Rolls/Service.lua","688","691","module:ShouldUseTieReroll","method_colon","Yes","module","","","","name-collision","rename","new"
"Services","!KRT/Services/Rolls/Service.lua","692","695","module:StopCountdown","method_colon","Yes","module","","","","name-collision","rename","new"
"Services","!KRT/Services/Rolls/Service.lua","696","699","module:StartCountdown","method_colon","Yes","module","","","","name-collision","rename","new"
"Services","!KRT/Services/Rolls/Service.lua","700","703","module:IsCountdownRunning","method_colon","Yes","module","","","","name-collision","rename","new"
"Services","!KRT/Services/Rolls/Service.lua","704","729","module:FinalizeRollSession","method_colon","Yes","module","","","","name-collision","rename","new"
"Services","!KRT/Services/Rolls/Sessions.lua","24","30","assertContext","local_function","No","local","","","","name-collision","rename","new"
"Services","!KRT/Services/Rolls/Sessions.lua","31","43","normalizeCandidateKey","local_function","No","local","","","","structural-pattern","keep","new"
"Services","!KRT/Services/Rolls/Sessions.lua","44","56","Sessions.GetRollSession","method_dot","Yes","Sessions","","","","name-collision","rename","new"
"Services","!KRT/Services/Rolls/Sessions.lua","57","61","Sessions.ClearTieRerollFilter","method_dot","Yes","Sessions","","","","name-collision","rename","new"
"Services","!KRT/Services/Rolls/Sessions.lua","62","94","Sessions.SetTieRerollFilter","method_dot","Yes","Sessions","","","","name-collision","rename","new"
"Services","!KRT/Services/Rolls/Sessions.lua","95","107","Sessions.IsTieRerollRestricted","method_dot","Yes","Sessions","","","","name-collision","rename","new"
"Services","!KRT/Services/Rolls/Sessions.lua","108","116","Sessions.GetManualExclusionEntry","method_dot","Yes","Sessions","","","","name-collision","rename","new"
"Services","!KRT/Services/Rolls/Sessions.lua","117","123","Sessions.GetActiveRollType","method_dot","Yes","Sessions","","","","name-collision","rename","new"
"Services","!KRT/Services/Rolls/Sessions.lua","124","135","Sessions.GetCurrentItemLink","method_dot","Yes","Sessions","","","","name-collision","rename","new"
"Services","!KRT/Services/Rolls/Sessions.lua","136","149","Sessions.SyncSessionState","method_dot","Yes","Sessions","","","","name-collision","rename","new"
"Services","!KRT/Services/Rolls/Sessions.lua","150","159","Sessions.NormalizeExpectedWinners","method_dot","Yes","Sessions","","","","name-collision","rename","new"
"Services","!KRT/Services/Rolls/Sessions.lua","160","170","Sessions.AllocateRollSessionId","method_dot","Yes","Sessions","","","","structural-pattern","keep","new"
"Services","!KRT/Services/Rolls/Sessions.lua","171","177","getRollSessionItemKey","local_function","No","local","","","","structural-pattern","keep","new"
"Services","!KRT/Services/Rolls/Sessions.lua","178","208","Sessions.OpenRollSession","method_dot","Yes","Sessions","","","","structural-pattern","keep","new"
"Services","!KRT/Services/Rolls/Sessions.lua","209","243","Sessions.EnsureAdHocRollSession","method_dot","Yes","Sessions","","","","name-collision","rename","new"
"Services","!KRT/Services/Rolls/Sessions.lua","244","291","Sessions.EnsureRollSession","method_dot","Yes","Sessions","","","","name-collision","rename","new"
"Services","!KRT/Services/Rolls/Sessions.lua","292","305","Sessions.UpdateSessionRollWindow","method_dot","Yes","Sessions","","","","name-collision","rename","new"
"Services","!KRT/Services/Rolls/Sessions.lua","306","315","Sessions.CloseRollSession","method_dot","Yes","Sessions","","","","name-collision","rename","new"
"Services","!KRT/Services/Rolls/Sessions.lua","316","334","Sessions.GetSelectionTargetCount","method_dot","Yes","Sessions","","","","structural-pattern","keep","new"
"Services","!KRT/Services/Rolls/Sessions.lua","335","344","Sessions.GetExpectedWinnerCount","method_dot","Yes","Sessions","","","","name-collision","rename","new"
"Services","!KRT/Services/Rolls/Sessions.lua","345","371","Sessions.GetCurrentRollContext","method_dot","Yes","Sessions","","","","name-collision","rename","new"
"Services","!KRT/Services/Rolls/Strategies.lua","24","28","isReservedRoll","local_function","No","local","","","","structural-pattern","keep","new"
"Services","!KRT/Services/Rolls/Strategies.lua","29","32","isPlusSystemEnabled","local_function","No","local","","","","name-collision","rename","new"
"Services","!KRT/Services/Rolls/Strategies.lua","33","36","isSortAscending","local_function","No","local","","","","name-collision","rename","new"
"Services","!KRT/Services/Rolls/Strategies.lua","37","44","getSourceRollType","local_function","No","local","","","","name-collision","rename","new"
"Services","!KRT/Services/Rolls/Strategies.lua","45","67","Strategies.GetStrategy","method_dot","Yes","Strategies","","","","structural-pattern","keep","new"
"Services","!KRT/Services/Rolls/Strategies.lua","68","80","Strategies.GetBucketPriority","method_dot","Yes","Strategies","","","","name-collision","rename","new"
"Services","!KRT/Services/Rolls/Strategies.lua","81","84","Strategies.ShouldUsePlus","method_dot","Yes","Strategies","","","","structural-pattern","keep","new"
"Services","!KRT/Services/Rolls/Strategies.lua","85","94","Strategies.GetResponsePlus","method_dot","Yes","Strategies","","","","name-collision","rename","new"
"Services","!KRT/Services/Rolls/Strategies.lua","95","110","Strategies.CompareEntries","method_dot","Yes","Strategies","","","","structural-pattern","keep","new"
"Services","!KRT/Services/Rolls/Strategies.lua","111","133","Strategies.AreEntriesTied","method_dot","Yes","Strategies","","","","structural-pattern","keep","new"
"Widgets","!KRT/Widgets/Config.lua","120","135","collectConfigRefs","local_function","No","local","","","","structural-pattern","keep","new"
"Widgets","!KRT/Widgets/Config.lua","136","141","UI.AcquireRefs","method_dot","Yes","UI","","","framework.hook","framework-hook","keep","new"
"Widgets","!KRT/Widgets/Config.lua","142","148","setText","local_function","No","local","","","","name-collision","rename","new"
"Widgets","!KRT/Widgets/Config.lua","149","155","setChecked","local_function","No","local","","","","structural-pattern","keep","new"
"Widgets","!KRT/Widgets/Config.lua","156","164","getChecked","local_function","No","local","","","","structural-pattern","keep","new"
"Widgets","!KRT/Widgets/Config.lua","165","172","getEditBoxText","local_function","No","local","","","","structural-pattern","keep","new"
"Widgets","!KRT/Widgets/Config.lua","173","179","setEditBoxText","local_function","No","local","","","","structural-pattern","keep","new"
"Widgets","!KRT/Widgets/Config.lua","180","186","formatCleanupOptionLabel","local_function","No","local","","","","structural-pattern","keep","new"
"Widgets","!KRT/Widgets/Config.lua","187","193","requestController","local_function","No","local","","","","structural-pattern","keep","new"
"Widgets","!KRT/Widgets/Config.lua","194","208","normalizeCountdownDuration","local_function","No","local","","","","structural-pattern","keep","new"
"Widgets","!KRT/Widgets/Config.lua","209","218","normalizeLoggerLootQualityThreshold","local_function","No","local","","","","name-collision","rename","new"
"Widgets","!KRT/Widgets/Config.lua","219","229","getLoggerLootQualityLabel","local_function","No","local","","","","structural-pattern","keep","new"
"Widgets","!KRT/Widgets/Config.lua","230","250","setLoggerLootQualityDropDown","local_function","No","local","","","","structural-pattern","keep","new"
"Widgets","!KRT/Widgets/Config.lua","251","262","setCountdownDurationDisplay","local_function","No","local","","","","structural-pattern","keep","new"
"Widgets","!KRT/Widgets/Config.lua","263","270","setConfigTitle","local_function","No","local","","","","structural-pattern","keep","new"
"Widgets","!KRT/Widgets/Config.lua","271","277","applyOptionsLayout","local_function","No","local","","","","structural-pattern","keep","new"
"Widgets","!KRT/Widgets/Config.lua","278","291","layoutRootPanel","local_function","No","local","","","","structural-pattern","keep","new"
"Widgets","!KRT/Widgets/Config.lua","292","304","getOptionsPanelLayoutCfg","local_function","No","local","","","","structural-pattern","keep","new"
"Widgets","!KRT/Widgets/Config.lua","305","376","layoutMasterLootPanel","local_function","No","local","","","","structural-pattern","keep","new"
"Widgets","!KRT/Widgets/Config.lua","377","484","layoutLootHistoryPanel","local_function","No","local","","","","structural-pattern","keep","new"
"Widgets","!KRT/Widgets/Config.lua","485","506","layoutLFMSpamPanel","local_function","No","local","","","","structural-pattern","keep","new"
"Widgets","!KRT/Widgets/Config.lua","507","532","layoutRaidWarningPanel","local_function","No","local","","","","structural-pattern","keep","new"
"Widgets","!KRT/Widgets/Config.lua","533","556","layoutHelpPanel","local_function","No","local","","","","structural-pattern","keep","new"
"Widgets","!KRT/Widgets/Config.lua","557","610","layoutCleanupPopup","local_function","No","local","","","","structural-pattern","keep","new"
"Widgets","!KRT/Widgets/Config.lua","611","623","localizeRootPanel","local_function","No","local","","","","structural-pattern","keep","new"
"Widgets","!KRT/Widgets/Config.lua","624","640","updateMasterLootPreview","local_function","No","local","","","","structural-pattern","keep","new"
"Widgets","!KRT/Widgets/Config.lua","641","653","setOptions","local_function","No","local","","","","structural-pattern","keep","new"
"Widgets","!KRT/Widgets/Config.lua","654","696","module:ApplyMasterLootPreset","method_colon","Yes","module","","","","structural-pattern","keep","new"
"Widgets","!KRT/Widgets/Config.lua","697","755","localizeConfigControls","local_function","No","local","","","","structural-pattern","keep","new"
"Widgets","!KRT/Widgets/Config.lua","756","772","localizeHelpPanel","local_function","No","local","","","","structural-pattern","keep","new"
"Widgets","!KRT/Widgets/Config.lua","773","810","localizeLootHistoryPanel","local_function","No","local","","","","structural-pattern","keep","new"
"Widgets","!KRT/Widgets/Config.lua","811","825","localizeCleanupPopup","local_function","No","local","","","","structural-pattern","keep","new"
"Widgets","!KRT/Widgets/Config.lua","826","839","localizeLFMSpamPanel","local_function","No","local","","","","structural-pattern","keep","new"
"Widgets","!KRT/Widgets/Config.lua","840","856","localizeRaidWarningPanel","local_function","No","local","","","","structural-pattern","keep","new"
"Widgets","!KRT/Widgets/Config.lua","857","895","refreshConfigControls","local_function","No","local","","","","structural-pattern","keep","new"
"Widgets","!KRT/Widgets/Config.lua","896","900","refreshInterfaceOptionsPanel","field_closure","Yes","local","","","","structural-pattern","keep","new"
"Widgets","!KRT/Widgets/Config.lua","901","912","loadDefaultOptions","local_function","No","local","","","","structural-pattern","keep","new"
"Widgets","!KRT/Widgets/Config.lua","913","915","loadConfigFrame","local_function","No","local","","","","structural-pattern","keep","new"
"Widgets","!KRT/Widgets/Config.lua","916","924","hookOnShow","field_closure","Yes","local","","","","structural-pattern","extract","new"
"Widgets","!KRT/Widgets/Config.lua","925","944","initCountdownSlider","local_function","No","local","","","","structural-pattern","keep","new"
"Widgets","!KRT/Widgets/Config.lua","945","956","getButtonFrameName","local_function","No","local","","","","structural-pattern","keep","new"
"Widgets","!KRT/Widgets/Config.lua","957","1002","onOptionClick","local_function","No","local","","","","structural-pattern","keep","new"
"Widgets","!KRT/Widgets/Config.lua","1003","1028","bindConfigHandlers","local_function","No","local","","","","structural-pattern","keep","new"
"Widgets","!KRT/Widgets/Config.lua","1029","1033","getLoggerActions","local_function","No","local","","","","structural-pattern","keep","new"
"Widgets","!KRT/Widgets/Config.lua","1034","1041","scanCleanupPreview","local_function","No","local","","","","structural-pattern","keep","new"
"Widgets","!KRT/Widgets/Config.lua","1042","1047","refreshLoggerAfterMaintenance","local_function","No","local","","","","structural-pattern","keep","new"
"Widgets","!KRT/Widgets/Config.lua","1048","1062","formatLootHistoryReport","local_function","No","local","","","","structural-pattern","keep","new"
"Widgets","!KRT/Widgets/Config.lua","1063","1073","refreshLootHistoryReport","local_function","No","local","","","","structural-pattern","keep","new"
"Widgets","!KRT/Widgets/Config.lua","1074","1083","refreshLootHistorySyncControls","local_function","No","local","","","","structural-pattern","keep","new"
"Widgets","!KRT/Widgets/Config.lua","1084","1089","refreshLootHistoryPanel","local_function","No","local","","","","structural-pattern","keep","new"
"Widgets","!KRT/Widgets/Config.lua","1090","1096","saveLootHistorySyncTargets","local_function","No","local","","","","structural-pattern","keep","new"
"Widgets","!KRT/Widgets/Config.lua","1097","1100","getLoggerSyncer","local_function","No","local","","","","structural-pattern","keep","new"
"Widgets","!KRT/Widgets/Config.lua","1101","1122","module:RequestLoggerSyncPanelAction","method_colon","Yes","module","","","","structural-pattern","keep","new"
"Widgets","!KRT/Widgets/Config.lua","1123","1172","module:RequestLoggerMaintenance","method_colon","Yes","module","","","","structural-pattern","keep","new"
"Widgets","!KRT/Widgets/Config.lua","1173","1184","ensureLootHistoryConfirmPopups","local_function","No","local","","","","structural-pattern","keep","new"
"Widgets","!KRT/Widgets/Config.lua","1185","1192","showConfirmOrRun","local_function","No","local","","","","structural-pattern","keep","new"
"Widgets","!KRT/Widgets/Config.lua","1193","1210","resetCleanupPopupOptions","local_function","No","local","","","","structural-pattern","keep","new"
"Widgets","!KRT/Widgets/Config.lua","1211","1237","bindCleanupPopup","local_function","No","local","","","","structural-pattern","keep","new"
"Widgets","!KRT/Widgets/Config.lua","1238","1252","showCleanupPopup","local_function","No","local","","","","structural-pattern","keep","new"
"Widgets","!KRT/Widgets/Config.lua","1253","1259","saveLootHistoryOption","local_function","No","local","","","","structural-pattern","keep","new"
"Widgets","!KRT/Widgets/Config.lua","1260","1270","onLoggerLootQualityDropDownClick","local_function","No","local","","","","structural-pattern","keep","new"
"Widgets","!KRT/Widgets/Config.lua","1271","1285","initializeLoggerLootQualityDropDown","local_function","No","local","","","","structural-pattern","keep","new"
"Widgets","!KRT/Widgets/Config.lua","1286","1307","bindLootHistorySyncEditBox","local_function","No","local","","","","structural-pattern","keep","new"
"Widgets","!KRT/Widgets/Config.lua","1308","1382","bindLootHistoryPanel","local_function","No","local","","","","structural-pattern","keep","new"
"Widgets","!KRT/Widgets/Config.lua","1383","1402","module:RequestSpammerPanelAction","method_colon","Yes","module","","","","structural-pattern","keep","new"
"Widgets","!KRT/Widgets/Config.lua","1403","1430","bindLFMSpamPanel","local_function","No","local","","","","structural-pattern","keep","new"
"Widgets","!KRT/Widgets/Config.lua","1431","1450","module:RequestRaidWarningPanelAction","method_colon","Yes","module","","","","structural-pattern","keep","new"
"Widgets","!KRT/Widgets/Config.lua","1451","1460","ensureRaidWarningConfirmPopups","local_function","No","local","","","","structural-pattern","keep","new"
"Widgets","!KRT/Widgets/Config.lua","1461","1463","OnAccept","field_closure","Yes","local","","","framework.hook","framework-hook","keep","new"
"Widgets","!KRT/Widgets/Config.lua","1464","1477","OnCancel","field_closure","Yes","local","","","","structural-pattern","keep","new"
"Widgets","!KRT/Widgets/Config.lua","1478","1485","showRaidWarningConfirmOrRun","local_function","No","local","","","","structural-pattern","keep","new"
"Widgets","!KRT/Widgets/Config.lua","1486","1508","bindRaidWarningPanel","local_function","No","local","","","","structural-pattern","keep","new"
"Widgets","!KRT/Widgets/Config.lua","1509","1512","BindHandlers","local_function","No","local","","","framework.hook","framework-hook","keep","new"
"Widgets","!KRT/Widgets/Config.lua","1513","1543","bindInterfaceOptionsPanel","local_function","No","local","","","","structural-pattern","keep","new"
"Widgets","!KRT/Widgets/Config.lua","1544","1583","getInterfacePanelSpecs","local_function","No","local","","","","structural-pattern","keep","new"
"Widgets","!KRT/Widgets/Config.lua","1584","1606","registerInterfaceOptionsPanel","local_function","No","local","","","","structural-pattern","keep","new"
"Widgets","!KRT/Widgets/Config.lua","1607","1609","panel.default","field_closure","Yes","panel","","","","structural-pattern","extract","new"
"Widgets","!KRT/Widgets/Config.lua","1610","1612","panel.refresh","field_closure","Yes","panel","","","framework.hook","framework-hook","keep","new"
"Widgets","!KRT/Widgets/Config.lua","1613","1670","panel.cancel","field_closure","Yes","panel","","","","structural-pattern","extract","new"
"Widgets","!KRT/Widgets/Config.lua","1671","1680","OnLoadFrame","local_function","No","local","","","framework.hook","framework-hook","keep","new"
"Widgets","!KRT/Widgets/Config.lua","1681","1684","localize","field_closure","Yes","local","","","framework.hook","framework-hook","keep","new"
"Widgets","!KRT/Widgets/Config.lua","1685","1690","refresh","field_closure","Yes","local","","","framework.hook","framework-hook","keep","new"
"Widgets","!KRT/Widgets/Config.lua","1691","1700","UI.Localize","method_dot","Yes","UI","","","framework.hook","framework-hook","keep","new"
"Widgets","!KRT/Widgets/Config.lua","1701","1717","UI.Refresh","method_dot","Yes","UI","","","framework.hook","framework-hook","keep","new"
"Widgets","!KRT/Widgets/Config.lua","1718","1729","Default","field_closure","Yes","local","","","","structural-pattern","extract","new"
"Widgets","!KRT/Widgets/LootCounter.lua","111","118","setTextureColor","local_function","No","local","","","","name-collision","rename","new"
"Widgets","!KRT/Widgets/LootCounter.lua","119","126","setFontColor","local_function","No","local","","","","structural-pattern","keep","new"
"Widgets","!KRT/Widgets/LootCounter.lua","127","136","UI.AcquireRefs","method_dot","Yes","UI","","","framework.hook","framework-hook","keep","new"
"Widgets","!KRT/Widgets/LootCounter.lua","137","148","getAnnounceButton","local_function","No","local","","","","structural-pattern","keep","new"
"Widgets","!KRT/Widgets/LootCounter.lua","149","160","getResetAllButton","local_function","No","local","","","","structural-pattern","keep","new"
"Widgets","!KRT/Widgets/LootCounter.lua","161","178","ensureResetAllPopup","local_function","No","local","","","","structural-pattern","keep","new"
"Widgets","!KRT/Widgets/LootCounter.lua","179","191","canBroadcastCounter","local_function","No","local","","","","structural-pattern","keep","new"
"Widgets","!KRT/Widgets/LootCounter.lua","192","197","warnBroadcastDenied","local_function","No","local","","","","structural-pattern","keep","new"
"Widgets","!KRT/Widgets/LootCounter.lua","198","203","announceToRaid","local_function","No","local","","","","structural-pattern","keep","new"
"Widgets","!KRT/Widgets/LootCounter.lua","204","230","collectAnnounceGroups","local_function","No","local","","","","structural-pattern","keep","new"
"Widgets","!KRT/Widgets/LootCounter.lua","231","260","appendBucketLines","local_function","No","local","","","","structural-pattern","keep","new"
"Widgets","!KRT/Widgets/LootCounter.lua","261","276","announceCountSection","local_function","No","local","","","","structural-pattern","keep","new"
"Widgets","!KRT/Widgets/LootCounter.lua","277","294","UI.Localize","method_dot","Yes","UI","","","framework.hook","framework-hook","keep","new"
"Widgets","!KRT/Widgets/LootCounter.lua","295","308","ensureFrames","local_function","No","local","","","","structural-pattern","keep","new"
"Widgets","!KRT/Widgets/LootCounter.lua","309","316","addColumnSeparator","local_function","No","local","","","","structural-pattern","keep","new"
"Widgets","!KRT/Widgets/LootCounter.lua","317","325","makeHeaderLabel","local_function","No","local","","","","structural-pattern","keep","new"
"Widgets","!KRT/Widgets/LootCounter.lua","326","372","ensureHeader","local_function","No","local","","","","structural-pattern","keep","new"
"Widgets","!KRT/Widgets/LootCounter.lua","373","383","applyCountLabelColor","local_function","No","local","","","","structural-pattern","keep","new"
"Widgets","!KRT/Widgets/LootCounter.lua","384","391","getCurrentRaidPlayers","local_function","No","local","","","","structural-pattern","keep","new"
"Widgets","!KRT/Widgets/LootCounter.lua","392","397","ensureRow","local_function","No","local","","","","structural-pattern","keep","new"
"Widgets","!KRT/Widgets/LootCounter.lua","398","411","setupTooltip","local_function","No","local","","","","structural-pattern","keep","new"
"Widgets","!KRT/Widgets/LootCounter.lua","412","440","makeBtn","local_function","No","local","","","","structural-pattern","keep","new"
"Widgets","!KRT/Widgets/LootCounter.lua","441","509","makeSection","local_function","No","local","","","","structural-pattern","keep","new"
"Widgets","!KRT/Widgets/LootCounter.lua","510","521","attachCounterToMaster","local_function","No","local","","","","structural-pattern","keep","new"
"Widgets","!KRT/Widgets/LootCounter.lua","522","534","announceCounts","local_function","No","local","","","","structural-pattern","keep","new"
"Widgets","!KRT/Widgets/LootCounter.lua","535","563","resetAllCounts","field_closure","Yes","local","","","","structural-pattern","keep","new"
"Widgets","!KRT/Widgets/LootCounter.lua","564","571","loadLootCounterFrame","local_function","No","local","","","","structural-pattern","keep","new"
"Widgets","!KRT/Widgets/LootCounter.lua","572","579","confirmResetAllCounts","local_function","No","local","","","","structural-pattern","keep","new"
"Widgets","!KRT/Widgets/LootCounter.lua","580","714","refreshLootCounter","local_function","No","local","","","","structural-pattern","keep","new"
"Widgets","!KRT/Widgets/LootCounter.lua","715","725","BindHandlers","local_function","No","local","","","framework.hook","framework-hook","keep","new"
"Widgets","!KRT/Widgets/LootCounter.lua","726","735","OnLoadFrame","local_function","No","local","","","framework.hook","framework-hook","keep","new"
"Widgets","!KRT/Widgets/LootCounter.lua","736","739","localize","field_closure","Yes","local","","","framework.hook","framework-hook","keep","new"
"Widgets","!KRT/Widgets/LootCounter.lua","740","744","refresh","field_closure","Yes","local","","","framework.hook","framework-hook","keep","new"
"Widgets","!KRT/Widgets/LootCounter.lua","745","761","requestRefresh","local_function","No","local","","","","name-collision","rename","new"
"Widgets","!KRT/Widgets/LootCounter.lua","762","767","AttachToMaster","field_closure","Yes","local","","","","structural-pattern","keep","new"
"Widgets","!KRT/Widgets/ReservesUI.lua","77","80","isDebugEnabled","local_function","No","local","","","","name-collision","rename","new"
"Widgets","!KRT/Widgets/ReservesUI.lua","81","84","hasReserveData","local_function","No","local","","","","structural-pattern","keep","new"
"Widgets","!KRT/Widgets/ReservesUI.lua","85","94","UI.AcquireRefs","method_dot","Yes","UI","","","framework.hook","framework-hook","keep","new"
"Widgets","!KRT/Widgets/ReservesUI.lua","95","104","clamp","local_function","No","local","","","","name-collision","rename","new"
"Widgets","!KRT/Widgets/ReservesUI.lua","105","109","setupReserveRowTooltip","local_function","No","local","","","","structural-pattern","keep","new"
"Widgets","!KRT/Widgets/ReservesUI.lua","110","123","showItemTooltip","local_function","No","local","","","","structural-pattern","keep","new"
"Widgets","!KRT/Widgets/ReservesUI.lua","124","173","showPlayersTooltip","local_function","No","local","","","","structural-pattern","keep","new"
"Widgets","!KRT/Widgets/ReservesUI.lua","174","208","updateReserveRowHotspots","local_function","No","local","","","","structural-pattern","keep","new"
"Widgets","!KRT/Widgets/ReservesUI.lua","209","274","applyReserveRowData","local_function","No","local","","","","structural-pattern","keep","new"
"Widgets","!KRT/Widgets/ReservesUI.lua","275","285","reserveHeaderOnClick","local_function","No","local","","","","structural-pattern","keep","new"
"Widgets","!KRT/Widgets/ReservesUI.lua","286","317","UI.Localize","method_dot","Yes","UI","","","framework.hook","framework-hook","keep","new"
"Widgets","!KRT/Widgets/ReservesUI.lua","318","335","UI.Refresh","method_dot","Yes","UI","","","framework.hook","framework-hook","keep","new"
"Widgets","!KRT/Widgets/ReservesUI.lua","336","346","setupReserveIcon","local_function","No","local","","","","structural-pattern","keep","new"
"Widgets","!KRT/Widgets/ReservesUI.lua","347","368","setupReserveRowDecor","local_function","No","local","","","","structural-pattern","keep","new"
"Widgets","!KRT/Widgets/ReservesUI.lua","369","394","createReserveHeader","local_function","No","local","","","","structural-pattern","keep","new"
"Widgets","!KRT/Widgets/ReservesUI.lua","395","434","createReserveRow","local_function","No","local","","","","structural-pattern","keep","new"
"Widgets","!KRT/Widgets/ReservesUI.lua","435","488","renderReserveListUI","local_function","No","local","","","","structural-pattern","keep","new"
"Widgets","!KRT/Widgets/ReservesUI.lua","489","497","primeItemInfoQuery","local_function","No","local","","","","structural-pattern","keep","new"
"Widgets","!KRT/Widgets/ReservesUI.lua","498","501","queryItemInfo","local_function","No","local","","","","name-collision","rename","new"
"Widgets","!KRT/Widgets/ReservesUI.lua","502","513","queryMissingItems","local_function","No","local","","","","name-collision","rename","new"
"Widgets","!KRT/Widgets/ReservesUI.lua","514","525","shouldThrottleQueryMissingItems","local_function","No","local","","","","structural-pattern","keep","new"
"Widgets","!KRT/Widgets/ReservesUI.lua","526","537","clearSavedReservesFromUI","local_function","No","local","","","","structural-pattern","keep","new"
"Widgets","!KRT/Widgets/ReservesUI.lua","538","545","refreshReservesUi","local_function","No","local","","","","structural-pattern","keep","new"
"Widgets","!KRT/Widgets/ReservesUI.lua","546","585","BindHandlers","local_function","No","local","","","framework.hook","framework-hook","keep","new"
"Widgets","!KRT/Widgets/ReservesUI.lua","586","591","loadReservesFrame","local_function","No","local","","","","structural-pattern","keep","new"
"Widgets","!KRT/Widgets/ReservesUI.lua","592","596","hookOnShow","field_closure","Yes","local","","","","structural-pattern","extract","new"
"Widgets","!KRT/Widgets/ReservesUI.lua","597","627","hookOnHide","field_closure","Yes","local","","","","structural-pattern","extract","new"
"Widgets","!KRT/Widgets/ReservesUI.lua","628","637","OnLoadFrame","local_function","No","local","","","framework.hook","framework-hook","keep","new"
"Widgets","!KRT/Widgets/ReservesUI.lua","638","641","localize","field_closure","Yes","local","","","framework.hook","framework-hook","keep","new"
"Widgets","!KRT/Widgets/ReservesUI.lua","642","663","refresh","field_closure","Yes","local","","","framework.hook","framework-hook","keep","new"
"Widgets","!KRT/Widgets/ReservesUI.lua","664","674","ImportUI.AcquireRefs","method_dot","Yes","ImportUI","","","framework.hook","framework-hook","keep","new"
"Widgets","!KRT/Widgets/ReservesUI.lua","675","685","getImportModeString","local_function","No","local","","","","structural-pattern","keep","new"
"Widgets","!KRT/Widgets/ReservesUI.lua","686","689","getImportModeValue","local_function","No","local","","","","structural-pattern","keep","new"
"Widgets","!KRT/Widgets/ReservesUI.lua","690","695","getModeSlider","local_function","No","local","","","","structural-pattern","keep","new"
"Widgets","!KRT/Widgets/ReservesUI.lua","696","706","setImportStatus","local_function","No","local","","","","structural-pattern","keep","new"
"Widgets","!KRT/Widgets/ReservesUI.lua","707","716","showReservesListAfterImport","local_function","No","local","","","","structural-pattern","keep","new"
"Widgets","!KRT/Widgets/ReservesUI.lua","717","732","ensureWrongCSVPopup","local_function","No","local","","","","structural-pattern","keep","new"
"Widgets","!KRT/Widgets/ReservesUI.lua","733","742","OnShow","field_closure","Yes","local","","","framework.hook","framework-hook","keep","new"
"Widgets","!KRT/Widgets/ReservesUI.lua","743","765","OnAccept","field_closure","Yes","local","","","framework.hook","framework-hook","keep","new"
"Widgets","!KRT/Widgets/ReservesUI.lua","766","795","ImportUI.Localize","method_dot","Yes","ImportUI","","","framework.hook","framework-hook","keep","new"
"Widgets","!KRT/Widgets/ReservesUI.lua","796","811","bindImportHandlers","local_function","No","local","","","","structural-pattern","keep","new"
"Widgets","!KRT/Widgets/ReservesUI.lua","812","832","setImportMode","field_closure","Yes","local","","","","structural-pattern","extract","new"
"Widgets","!KRT/Widgets/ReservesUI.lua","833","858","onModeSliderLoad","field_closure","Yes","local","","","","structural-pattern","keep","new"
"Widgets","!KRT/Widgets/ReservesUI.lua","859","871","onModeSliderChanged","field_closure","Yes","local","","","","structural-pattern","keep","new"
"Widgets","!KRT/Widgets/ReservesUI.lua","872","887","refreshImportFrame","local_function","No","local","","","","structural-pattern","keep","new"
"Widgets","!KRT/Widgets/ReservesUI.lua","888","890","loadImportFrame","local_function","No","local","","","","structural-pattern","keep","new"
"Widgets","!KRT/Widgets/ReservesUI.lua","891","909","hookOnShow","field_closure","Yes","local","","","","structural-pattern","extract","new"
"Widgets","!KRT/Widgets/ReservesUI.lua","910","919","onLoadImportFrame","local_function","No","local","","","","structural-pattern","keep","new"
"Widgets","!KRT/Widgets/ReservesUI.lua","920","923","localize","field_closure","Yes","local","","","framework.hook","framework-hook","keep","new"
"Widgets","!KRT/Widgets/ReservesUI.lua","924","928","refresh","field_closure","Yes","local","","","framework.hook","framework-hook","keep","new"
"Widgets","!KRT/Widgets/ReservesUI.lua","929","982","importFromEditBox","field_closure","Yes","local","","","","structural-pattern","keep","new"
"Widgets","!KRT/Widgets/ReservesUI.lua","983","985","ToggleImport","field_closure","Yes","local","","","","structural-pattern","keep","new"
"Widgets","!KRT/Widgets/ReservesUI.lua","986","995","HideImport","field_closure","Yes","local","","","","structural-pattern","keep","new"
